category_id,category,book_id,title,url
1,العقيدة,6387,الفقه الأبسط,https://shamela.ws/book/6387
1,العقيدة,6388,الفقه الأكبر,https://shamela.ws/book/6388
1,العقيدة,6513,كتاب الأصنام,https://shamela.ws/book/6513
1,العقيدة,11316,الإيمان - أبو عبيد - ط المعارف,https://shamela.ws/book/11316
1,العقيدة,1269,الإيمان - أبو عبيد - ط المكتب الإسلامي,https://shamela.ws/book/1269
1,العقيدة,1275,الإيمان - أبو عبيد - ط مسلم,https://shamela.ws/book/1275
1,العقيدة,7767,الإيمان - ابن أبي شيبة,https://shamela.ws/book/7767
1,العقيدة,7610,الحيدة والاعتذار في الرد على من قال بخلق القرآن,https://shamela.ws/book/7610
1,العقيدة,6418,أصول السنة لأحمد بن حنبل,https://shamela.ws/book/6418
1,العقيدة,20879,الجامع لعلوم الإمام أحمد - العقيدة,https://shamela.ws/book/20879
1,العقيدة,7623,الرد على الجهمية والزنادقة للإمام أحمد ت صبري,https://shamela.ws/book/7623
1,العقيدة,6492,ماهية العقل ومعناه واختلاف الناس فيه,https://shamela.ws/book/6492
1,العقيدة,6484,شرح السنة للمزني,https://shamela.ws/book/6484
1,العقيدة,13023,الرد على الجهمية للدارمي - ت البدر,https://shamela.ws/book/13023
1,العقيدة,18089,الرد على الجهمية للدارمي - ت الشوامي,https://shamela.ws/book/18089
1,العقيدة,8680,نقض الدارمي على المريسي - ت الألمعي,https://shamela.ws/book/8680
1,العقيدة,18091,نقض الدارمي على المريسي - ت الشوامي,https://shamela.ws/book/18091
1,العقيدة,121,إجماع السلف في الاعتقاد كما حكاه حرب الكرماني,https://shamela.ws/book/121
1,العقيدة,6474,رسالة في أن القرآن غير مخلوق,https://shamela.ws/book/6474
1,العقيدة,323,السنة لعبد الله بن أحمد,https://shamela.ws/book/323
1,العقيدة,11333,القدر للفريابي,https://shamela.ws/book/11333
1,العقيدة,6468,تفسير أسماء الله الحسنى للزجاج,https://shamela.ws/book/6468
1,العقيدة,9568,متن العقيدة الطحاوية - شرح وتعليق الألباني,https://shamela.ws/book/9568
1,العقيدة,911,الإبانة عن أصول الديانة - ت العصيمي,https://shamela.ws/book/911
1,العقيدة,8178,الإبانة عن أصول الديانة - ت فوقية,https://shamela.ws/book/8178
1,العقيدة,11214,رسالة إلى أهل الثغر بباب الأبواب,https://shamela.ws/book/11214
1,العقيدة,8601,شرح السنة للبربهاري,https://shamela.ws/book/8601
1,العقيدة,6365,التوحيد للماتريدي,https://shamela.ws/book/6365
1,العقيدة,14275,اشتقاق أسماء الله,https://shamela.ws/book/14275
1,العقيدة,26421,الاعتقاد القادري - مجلة جامعة أم القرى,https://shamela.ws/book/26421
1,العقيدة,1550,الاعتقاد القادري - نسخة إلكترونية,https://shamela.ws/book/1550
1,العقيدة,10472,اعتقاد أئمة الحديث,https://shamela.ws/book/10472
1,العقيدة,6537,التنبيه والرد على أهل الأهواء والبدع,https://shamela.ws/book/6537
1,العقيدة,7533,نونية القحطاني,https://shamela.ws/book/7533
1,العقيدة,6518,التعرف لمذهب أهل التصوف,https://shamela.ws/book/6518
1,العقيدة,97806,عقيدة السلف - مقدمة أبي زيد القيرواني لكتابه الرسالة,https://shamela.ws/book/97806
1,العقيدة,8206,الإبانة الكبرى - ابن بطة,https://shamela.ws/book/8206
1,العقيدة,13022,الرد على الجهمية لابن منده - ط المكتبة الأثرية,https://shamela.ws/book/13022
1,العقيدة,3976,الرد على الجهمية لابن منده - مجلة الجامعة الإسلامية,https://shamela.ws/book/3976
1,العقيدة,9698,أصول السنة لابن أبي زمنين,https://shamela.ws/book/9698
1,العقيدة,6389,تمهيد الأوائل وتلخيص الدلائل,https://shamela.ws/book/6389
1,العقيدة,18567,المنهاج في شعب الإيمان,https://shamela.ws/book/18567
1,العقيدة,1049,العقيدة التي حكاها أبو الفضل التميمي عن الإمام أحمد - المطبوع بآخر طبقات الحنابلة,https://shamela.ws/book/1049
1,العقيدة,6498,العقيدة التي حكاها أبو الفضل التميمي عن الإمام أحمد - ت السيروان,https://shamela.ws/book/6498
1,العقيدة,6449,الإمامة والرد على الرافضة,https://shamela.ws/book/6449
1,العقيدة,6475,رسالة في إثبات الاستواء والفوقية ومسألة الحرف والصوت في القرآن المجيد,https://shamela.ws/book/6475
1,العقيدة,11213,رسالة السجزي إلى أهل زبيد في الرد على من أنكر الحرف والصوت,https://shamela.ws/book/11213
1,العقيدة,22921,إبطال التأويلات - ط إيلاف,https://shamela.ws/book/22921
1,العقيدة,730,إبطال التأويلات - ط غراس,https://shamela.ws/book/730
1,العقيدة,1366,الروايتين والوجهين - المسائل العقدية منه,https://shamela.ws/book/1366
1,العقيدة,21491,القول في علم النجوم للخطيب,https://shamela.ws/book/21491
1,العقيدة,6376,التبصير في الدين وتمييز الفرقة الناجية عن الفرق الهالكين,https://shamela.ws/book/6376
1,العقيدة,6398,لمع الأدلة في قواعد عقائد أهل السنة والجماعة,https://shamela.ws/book/6398
1,العقيدة,1427,ذم الكلام وأهله,https://shamela.ws/book/1427
1,العقيدة,9217,الاقتصاد في الاعتقاد للغزالي,https://shamela.ws/book/9217
1,العقيدة,6465,المقصد الأسنى,https://shamela.ws/book/6465
1,العقيدة,6554,فضائح الباطنية,https://shamela.ws/book/6554
1,العقيدة,6397,قواعد العقائد,https://shamela.ws/book/6397
1,العقيدة,6494,معارج القدس في مدارج معرفه النفس,https://shamela.ws/book/6494
1,العقيدة,8590,الحوادث والبدع,https://shamela.ws/book/8590
1,العقيدة,6542,الرد على من ذهب إلى تصحيح علم الغيب من جهة الخط,https://shamela.ws/book/6542
1,العقيدة,6461,الحدائق في المطالب العالية الفلسفية العويصة,https://shamela.ws/book/6461
1,العقيدة,22852,الاعتقاد لابن أبي يعلى,https://shamela.ws/book/22852
1,العقيدة,96180,العواصم من القواصم ت الطالبي,https://shamela.ws/book/96180
1,العقيدة,30897,العواصم من القواصم ط الأوقاف السعودية,https://shamela.ws/book/30897
1,العقيدة,8314,العواصم من القواصم ط دار الجيل,https://shamela.ws/book/8314
1,العقيدة,11812,الملل والنحل,https://shamela.ws/book/11812
1,العقيدة,6529,بذل المجهود في إفحام اليهود ت الشرقاوي,https://shamela.ws/book/6529
1,العقيدة,10719,بذل المجهود في إفحام اليهود ت طويلة,https://shamela.ws/book/10719
1,العقيدة,12757,غاية المقصود فى الرد على النصارى واليهود,https://shamela.ws/book/12757
1,العقيدة,6371,أصول الدين,https://shamela.ws/book/6371
1,العقيدة,6429,فتيا وجوابها في ذكر الاعتقاد,https://shamela.ws/book/6429
1,العقيدة,6550,حز الغلاصم في إفحام المخاصم عند جريان النظر في أحكام القدر,https://shamela.ws/book/6550
1,العقيدة,7546,الاقتصاد في الاعتقاد للمقدسي,https://shamela.ws/book/7546
1,العقيدة,11279,عقيدة الحافظ تقي الدين عبد الغني بن عبد الواحد المقدسي,https://shamela.ws/book/11279
1,العقيدة,6516,اعتقادات فرق المسلمين والمشركين,https://shamela.ws/book/6516
1,العقيدة,6372,معالم أصول الدين,https://shamela.ws/book/6372
1,العقيدة,6470,تنزيه الأنبياء عما نسب إليهم حثالة الأغبياء,https://shamela.ws/book/6470
1,العقيدة,6467,تحريم النظر في كتب الكلام,https://shamela.ws/book/6467
1,العقيدة,11218,رسالة في القرآن وكلام الله,https://shamela.ws/book/11218
1,العقيدة,30855,لمعة الاعتقاد,https://shamela.ws/book/30855
1,العقيدة,6364,غاية المرام في علم الكلام,https://shamela.ws/book/6364
1,العقيدة,178,اتباع السنن واجتناب البدع,https://shamela.ws/book/178
1,العقيدة,6404,اختصاص القرآن بعوده إلى الرحيم الرحمن,https://shamela.ws/book/6404
1,العقيدة,9799,عقد الدرر في أخبار المنتظر,https://shamela.ws/book/9799
1,العقيدة,6276,الباعث على إنكار البدع والحوادث,https://shamela.ws/book/6276
1,العقيدة,12002,تخجيل من حرف التوراة والإنجيل,https://shamela.ws/book/12002
1,العقيدة,11137,جزء فيه ذكر اعتقاد السلف في الحروف والأصوات,https://shamela.ws/book/11137
1,العقيدة,6487,النصيحة في صفات الرب جل وعلا,https://shamela.ws/book/6487
1,العقيدة,30061,اللمع في الحوادث والبدع,https://shamela.ws/book/30061
1,العقيدة,37713,الانتصارات الإسلامية في كشف شبه النصرانية,https://shamela.ws/book/37713
1,العقيدة,14088,الاعتقاد الخالص من الشك والانتقاد,https://shamela.ws/book/14088
1,العقيدة,11620,اقتضاء الصراط المستقيم لمخالفة أصحاب الجحيم,https://shamela.ws/book/11620
1,العقيدة,9277,الإخنائية أو الرد على الإخنائي ت العنزي,https://shamela.ws/book/9277
1,العقيدة,37816,الإخنائية أو الرد على الإخنائي ت زهوي,https://shamela.ws/book/37816
1,العقيدة,20587,الإيمان الأوسط - ط ابن الجوزي,https://shamela.ws/book/20587
1,العقيدة,7564,الإيمان لابن تيمية,https://shamela.ws/book/7564
1,العقيدة,6820,الاستقامة,https://shamela.ws/book/6820
1,العقيدة,22666,التدمرية,https://shamela.ws/book/22666
1,العقيدة,170,الجواب الصحيح لمن بدل دين المسيح لابن تيمية,https://shamela.ws/book/170
1,العقيدة,7609,الحسنة والسيئة,https://shamela.ws/book/7609
1,العقيدة,7626,الرد على المنطقيين,https://shamela.ws/book/7626
1,العقيدة,2908,الرد على من قال بفناء الجنة والنار,https://shamela.ws/book/2908
1,العقيدة,7631,الرسالة الأكملية في ما يجب لله من صفات الكمال,https://shamela.ws/book/7631
1,العقيدة,10784,الرسالة العرشية,https://shamela.ws/book/10784
1,العقيدة,7635,الرسالة المدنية في تحقيق المجاز والحقيقة في صفات الله (مطبوع ضمن الفتوى الحموية الكبرى),https://shamela.ws/book/7635
1,العقيدة,7344,الصارم المسلول على شاتم الرسول,https://shamela.ws/book/7344
1,العقيدة,22874,الصفدية,https://shamela.ws/book/22874
1,العقيدة,22647,العبودية,https://shamela.ws/book/22647
1,العقيدة,22665,العقيدة الواسطية - ت أشرف عبد المقصود,https://shamela.ws/book/22665
1,العقيدة,18098,العقيدة الواسطية - ت ابن مانع,https://shamela.ws/book/18098
1,العقيدة,18381,الفتوى الحموية الكبرى,https://shamela.ws/book/18381
1,العقيدة,21499,الفرقان بين أولياء الرحمن وأولياء الشيطان,https://shamela.ws/book/21499
1,العقيدة,792,القصيدة التائية في القدر,https://shamela.ws/book/792
1,العقيدة,11817,النبوات لابن تيمية,https://shamela.ws/book/11817
1,العقيدة,8983,الواسطة بين الحق والخلق,https://shamela.ws/book/8983
1,العقيدة,11071,بغية المرتاد في الرد على المتفلسفة والقرامطة والباطنية,https://shamela.ws/book/11071
1,العقيدة,2864,بيان تلبيس الجهمية في تأسيس بدعهم الكلامية,https://shamela.ws/book/2864
1,العقيدة,264,تحقيق الإيمان لابن تيمية,https://shamela.ws/book/264
1,العقيدة,301,تحقيق الاحتجاج بالقدر لابن تيمية,https://shamela.ws/book/301
1,العقيدة,22667,تحقيق القول في مسألة: عيسى كلمة الله والقرآن كلام الله,https://shamela.ws/book/22667
1,العقيدة,21565,جواب في الحلف بغير الله والصلاة إلى القبور، ويليه: فصل في الاستغاثة,https://shamela.ws/book/21565
1,العقيدة,11162,حقوق آل البيت,https://shamela.ws/book/11162
1,العقيدة,21506,درء تعارض العقل والنقل,https://shamela.ws/book/21506
1,العقيدة,892,رأس الحسين,https://shamela.ws/book/892
1,العقيدة,11216,رسالة في أصول الدين,https://shamela.ws/book/11216
1,العقيدة,6919,زيارة القبور والاستنجاد بالمقبور,https://shamela.ws/book/6919
1,العقيدة,11248,شرح العقيدة الأصفهانية,https://shamela.ws/book/11248
1,العقيدة,11258,شرح حديث النزول,https://shamela.ws/book/11258
1,العقيدة,11285,قاعدة جامعة في توحيد الله وإخلاص الوجه والعمل له عبادة واستعانة,https://shamela.ws/book/11285
1,العقيدة,22649,قاعدة جليلة في التوسل والوسيلة,https://shamela.ws/book/22649
1,العقيدة,12769,قاعدة عظيمة في الفرق بين عبادات أهل الإسلام والإيمان وعبادات أهل الشرك والنفاق,https://shamela.ws/book/12769
1,العقيدة,21512,مختصر منهاج السنة,https://shamela.ws/book/21512
1,العقيدة,22651,مسألة في الكنائس,https://shamela.ws/book/22651
1,العقيدة,147670,مسألة في توحيد الفلاسفة,https://shamela.ws/book/147670
1,العقيدة,22668,مسألة فيما إذا كان في العبد محبة لما هو خير وحق ومحمود في نفسه,https://shamela.ws/book/22668
1,العقيدة,927,منهاج السنة النبوية,https://shamela.ws/book/927
1,العقيدة,9859,المنهج القويم في اختصار اقتضاء الصراط المستقيم,https://shamela.ws/book/9859
1,العقيدة,296,مختصر الصارم المسلول على شاتم الرسول,https://shamela.ws/book/296
1,العقيدة,6547,إيضاح الدليل في قطع حجج أهل التعطيل,https://shamela.ws/book/6547
1,العقيدة,35312,المنظومة التبريزية في العقيدة الصحيحة السنية,https://shamela.ws/book/35312
1,العقيدة,8622,الصارم المنكي في الرد على السبكي,https://shamela.ws/book/8622
1,العقيدة,12791,أطواق الحمامة في حمل الصحابة على السلامة,https://shamela.ws/book/12791
1,العقيدة,10321,التمسك بالسنن والتحذير من البدع,https://shamela.ws/book/10321
1,العقيدة,7350,العرش للذهبي,https://shamela.ws/book/7350
1,العقيدة,6463,العلو للعلي الغفار,https://shamela.ws/book/6463
1,العقيدة,36949,المقدمة الزهرا في إيضاح الإمامة الكبرى,https://shamela.ws/book/36949
1,العقيدة,6531,المنتقى من منهاج الاعتدال,https://shamela.ws/book/6531
1,العقيدة,7318,مختصر العلو للعلي العظيم,https://shamela.ws/book/7318
1,العقيدة,6462,الروح - ابن القيم - ط العلمية,https://shamela.ws/book/6462
1,العقيدة,390,الروح - ابن القيم - ط عطاءات العلم,https://shamela.ws/book/390
1,العقيدة,12021,شفاء العليل في مسائل القضاء والقدر والحكمة والتعليل - ط المعرفة,https://shamela.ws/book/12021
1,العقيدة,205,شفاء العليل في مسائل القضاء والقدر والحكمة والتعليل - ط عطاءات العلم,https://shamela.ws/book/205
1,العقيدة,11329,فائدة جليلة في قواعد الأسماء الحسنى,https://shamela.ws/book/11329
1,العقيدة,16422,نونية ابن القيم الكافية الشافية - ط عطاءات العلم,https://shamela.ws/book/16422
1,العقيدة,11375,نونية ابن القيم الكافية الشافية - ط مكتبة ابن تيمية,https://shamela.ws/book/11375
1,العقيدة,17816,السيف المسلول على من سب الرسول,https://shamela.ws/book/17816
1,العقيدة,6451,آكام المرجان في أحكام الجان,https://shamela.ws/book/6451
1,العقيدة,13637,نهج الرشاد في نظم الاعتقاد,https://shamela.ws/book/13637
1,العقيدة,1318,صفات رب العالمين - ت تمالت,https://shamela.ws/book/1318
1,العقيدة,132403,صفات رب العالمين - رسائل جامعية - ناقص,https://shamela.ws/book/132403
1,العقيدة,36558,الاعتصام للشاطبي ت الشقير والحميد والصيني,https://shamela.ws/book/36558
1,العقيدة,21720,الاعتصام للشاطبي ت الهلالي,https://shamela.ws/book/21720
1,العقيدة,10777,شرح العقيدة الطحاوية - ط الأوقاف السعودية - بتعليقات أحمد شاكر,https://shamela.ws/book/10777
1,العقيدة,8352,شرح العقيدة الطحاوية - ط الرسالة,https://shamela.ws/book/8352
1,العقيدة,10549,شرح العقيدة الطحاوية - ط المكتب الإسلامي التاسعة,https://shamela.ws/book/10549
1,العقيدة,6495,معنى لا إله إلا الله - الزركشي,https://shamela.ws/book/6495
1,العقيدة,151141,كلمة الإخلاص وتحقيق معناها - ضمن رسائل ابن رجب,https://shamela.ws/book/151141
1,العقيدة,6490,كلمة الإخلاص وتحقيق معناها - ط المكتب الإسلامي,https://shamela.ws/book/6490
1,العقيدة,151130,مقدمة تشتمل على أن جميع الرسل كان دينهم الإسلام,https://shamela.ws/book/151130
1,العقيدة,5937,إيثار الحق على الخلق في رد الخلافات,https://shamela.ws/book/5937
1,العقيدة,36427,الروض الباسم في الذب عن سنة أبي القاسم - صلى الله عليه وسلم -,https://shamela.ws/book/36427
1,العقيدة,29677,العواصم والقواصم في الذب عن سنة أبي القاسم,https://shamela.ws/book/29677
1,العقيدة,10045,تجريد التوحيد المفيد,https://shamela.ws/book/10045
1,العقيدة,8317,مصرع التصوف = تنبيه الغبي إلى تكفير ابن عربي وتحذير العباد من أهل العناد ببدعة الاتحاد,https://shamela.ws/book/8317
1,العقيدة,151203,استجلاب ارتقاء الغرف بحب أقرباء الرسول - صلى الله عليه وسلم - وذوي الشرف,https://shamela.ws/book/151203
1,العقيدة,21944,الحبائك في أخبار الملائك,https://shamela.ws/book/21944
1,العقيدة,248,حقيقه السنة والبدعة = الأمر بالاتباع والنهي عن الابتداع,https://shamela.ws/book/248
1,العقيدة,6485,شرح الصدور بشرح حال الموتى والقبور,https://shamela.ws/book/6485
1,العقيدة,37537,الحجج الباهرة في إفحام الطائفة الكافرة الفاجرة,https://shamela.ws/book/37537
1,العقيدة,19542,الحسام المسلول على منتقصي أصحاب الرسول,https://shamela.ws/book/19542
1,العقيدة,6558,نعمة الذريعة في نصرة الشريعة,https://shamela.ws/book/6558
1,العقيدة,13644,الإعلام بقواطع الإسلام,https://shamela.ws/book/13644
1,العقيدة,6544,الصواعق المحرقة على أهل الرفض والضلال والزندقة,https://shamela.ws/book/6544
1,العقيدة,6453,أدلة معتقد أبي حنيفة في أبوي الرسول عليه الصلاة والسلام,https://shamela.ws/book/6453
1,العقيدة,6481,رفع الشبهة والغرر عمن يحتج على فعل المعاصي بالقدر,https://shamela.ws/book/6481
1,العقيدة,7565,البحث الصريح في أيما هو الدين الصحيح,https://shamela.ws/book/7565
1,العقيدة,8518,العين والأثر في عقائد أهل الأثر,https://shamela.ws/book/8518
1,العقيدة,36572,التحف الربانية في جواب الأسئلة اللمدانية,https://shamela.ws/book/36572
1,العقيدة,132618,الإشاعة لأشراط الساعة,https://shamela.ws/book/132618
1,العقيدة,6456,افتراق الأمة إلى نيف وسبعين فرقة,https://shamela.ws/book/6456
1,العقيدة,11098,تطهير الاعتقاد عن أدران الإلحاد ويليه شرح الصدور في تحريم رفع القبور,https://shamela.ws/book/11098
1,العقيدة,1756,رفع الأستار لإبطال أدلة القائلين بفناء النار,https://shamela.ws/book/1756
1,العقيدة,6382,العقيدة السفارينية = الدرة المضية في عقد أهل الفرقة المرضية,https://shamela.ws/book/6382
1,العقيدة,16618,لوائح الأنوار السنية ولواقح الأفكار السنية,https://shamela.ws/book/16618
1,العقيدة,8353,لوامع الأنوار البهية,https://shamela.ws/book/8353
1,العقيدة,17795,عقد الجمان في بيان شعب الإيمان,https://shamela.ws/book/17795
1,العقيدة,7485,أحاديث في الفتن والحوادث (مطبوع ضمن مؤلفات الشيخ محمد بن عبد الوهاب، الجزء الحادي عشر),https://shamela.ws/book/7485
1,العقيدة,7486,أحاديث في الفتن والحوادث ط القاسم,https://shamela.ws/book/7486
1,العقيدة,1395,أصول الإيمان لمحمد بن عبد الوهاب - ت الجوابرة,https://shamela.ws/book/1395
1,العقيدة,7504,أصول الإيمان لمحمد بن عبد الوهاب - ضمن مجموع مؤلفاته,https://shamela.ws/book/7504
1,العقيدة,350,أصول الدين الإسلامي مع قواعده الأربع,https://shamela.ws/book/350
1,العقيدة,11318,التوحيد لابن عبد الوهاب,https://shamela.ws/book/11318
1,العقيدة,7603,الجواهر المضية لمجدد الدعوة النجدية,https://shamela.ws/book/7603
1,العقيدة,7629,الرسائل الشخصية (مطبوع ضمن مؤلفات الشيخ محمد بن عبد الوهاب، الجزء السادس),https://shamela.ws/book/7629
1,العقيدة,7637,الرسالة المفيدة,https://shamela.ws/book/7637
1,العقيدة,8524,القواعد الأربع (مطبوع ضمن مؤلفات الشيخ محمد بن عبد الوهاب، الجزء الأول),https://shamela.ws/book/8524
1,العقيدة,11126,ثلاثة الأصول (مطبوع ضمن مؤلفات الشيخ محمد بن عبد الوهاب، الجزء الأول),https://shamela.ws/book/11126
1,العقيدة,239,ثلاثة الأصول وشروط الصلاة والقواعد الأربع,https://shamela.ws/book/239
1,العقيدة,11221,فضل الإسلام (مطبوع ضمن مؤلفات الشيخ محمد بن عبد الوهاب، الجزءالأول),https://shamela.ws/book/11221
1,العقيدة,583,كشف الشبهات - ت القاسم,https://shamela.ws/book/583
1,العقيدة,30850,كشف الشبهات - ط الأوقاف السعودية,https://shamela.ws/book/30850
1,العقيدة,11381,مجموعة رسائل في التوحيد والإيمان (مطبوع ضمن مؤلفات الشيخ محمد بن عبد الوهاب، الجزء الأول),https://shamela.ws/book/11381
1,العقيدة,8137,مسائل الجاهلية,https://shamela.ws/book/8137
1,العقيدة,30882,معنى لا إله إلا الله - محمد بن عبد الوهاب,https://shamela.ws/book/30882
1,العقيدة,12078,مفيد المستفيد في كفر تارك التوحيد (مطبوع ضمن مؤلفات الشيخ محمد بن عبد الوهاب، الجزء الأول),https://shamela.ws/book/12078
1,العقيدة,11226,رسالة مهمة للإمام المجاهد العلامة عبد العزيز بن محمد بن سعود,https://shamela.ws/book/11226
1,العقيدة,8585,التحفة المدنية في العقيدة السلفية,https://shamela.ws/book/8585
1,العقيدة,1,الفواكه العذاب في الرد على من لم يحكم السنة والكتاب,https://shamela.ws/book/1
1,العقيدة,8514,العقد الثمين في شرح أحاديث أصول الدين,https://shamela.ws/book/8514
1,العقيدة,12827,الدلائل في حكم موالاة أهل الإشراك,https://shamela.ws/book/12827
1,العقيدة,2378,تيسير العزيز الحميد في شرح كتاب التوحيد الذى هو حق الله على العبيد,https://shamela.ws/book/2378
1,العقيدة,7597,التوضيح عن توحيد الخلاق في جواب أهل العراق,https://shamela.ws/book/7597
1,العقيدة,36080,الناهية عن طعن أمير المؤمنين معاوية,https://shamela.ws/book/36080
1,العقيدة,8532,الكلمات النافعة في المكفرات الواقعة,https://shamela.ws/book/8532
1,العقيدة,11146,جواب أهل السنة النبوية في نقض كلام الشيعة والزيدية (مطبوع ضمن الرسائل والمسائل النجدية، الجزء الرابع، القسم الأول),https://shamela.ws/book/11146
1,العقيدة,1123,رسالة التوحيد المسمى بـ تقوية الإيمان,https://shamela.ws/book/1123
1,العقيدة,6455,إرشاد الثقات إلى اتفاق الشرائع على التوحيد والمعاد والنبوات,https://shamela.ws/book/6455
1,العقيدة,37030,التحف في مذاهب السلف ت حلاق,https://shamela.ws/book/37030
1,العقيدة,37029,التحف في مذاهب السلف ط الصحابة,https://shamela.ws/book/37029
1,العقيدة,6519,الصوارم الحداد القاطعة لعلائق أرباب الاتحاد,https://shamela.ws/book/6519
1,العقيدة,5208,شرح الصدور بتحريم رفع القبور,https://shamela.ws/book/5208
1,العقيدة,12001,تحقيق التجريد في شرح كتاب التوحيد,https://shamela.ws/book/12001
1,العقيدة,1622,تنبيه الولاة والحكام على أحكام شاتم خير الأنام أو أحد أصحابه الكرام عليه وعليهم الصلاة والسلام,https://shamela.ws/book/1622
1,العقيدة,36066,الأجوبة العراقية على الأسئلة اللاهورية,https://shamela.ws/book/36066
1,العقيدة,7554,الانتصار لحزب الله الموحدين والرد على المجادل عن المشركين,https://shamela.ws/book/7554
1,العقيدة,7620,الرد على البردة,https://shamela.ws/book/7620
1,العقيدة,11079,تأسيس التقديس في كشف تلبيس داود بن جرجيس,https://shamela.ws/book/11079
1,العقيدة,11181,دحض شبهات على التوحيد من سوء الفهم لثلاثة أحاديث,https://shamela.ws/book/11181
1,العقيدة,9841,الإيمان والرد على أهل البدع (مطبوع ضمن مجموعة الرسائل والمسائل النجدية لبعض علماء نجد الأعلام، الجزء الثاني),https://shamela.ws/book/9841
1,العقيدة,8555,المطلب الحميد في بيان مقاصد التوحيد,https://shamela.ws/book/8555
1,العقيدة,8571,المورد العذب الزلال في كشف شبه أهل الضلال (مطبوع ضمن الرسائل والمسائل النجية، الجزء الرابع، القسم الأول),https://shamela.ws/book/8571
1,العقيدة,11073,بيان المحجة في الرد على اللجة (مطبوع ضمن الرسائل والمسائل النجدية، الجزء الرابع، القسم الأول),https://shamela.ws/book/11073
1,العقيدة,11074,بيان كلمة التوحيد والرد على الكشميري عبد المحمود (مطبوع ضمن الرسائل والمسائل النجدية، الجزء الرابع، القسم الأول),https://shamela.ws/book/11074
1,العقيدة,2386,فتح المجيد شرح كتاب التوحيد,https://shamela.ws/book/2386
1,العقيدة,11334,كتاب التوحيد وقرة عيون الموحدين في تحقيق دعوة الأنبياء والمرسلين,https://shamela.ws/book/11334
1,العقيدة,11354,كشف ما ألقاه إبليس من البهرج والتلبيس على قلب داود بن جرجيس,https://shamela.ws/book/11354
1,العقيدة,7520,الإتحاف فى الرد على الصحاف,https://shamela.ws/book/7520
1,العقيدة,7567,البراهين الإسلامية في رد الشبهة الفارسية,https://shamela.ws/book/7567
1,العقيدة,11082,تحفة الطالب والجليس في كشف شبه داود بن جرجيس,https://shamela.ws/book/11082
1,العقيدة,30868,مصباح الظلام في الرد على من كذب الشيخ الإمام ونسبه إلى تكفير أهل الإيمان والإسلام,https://shamela.ws/book/30868
1,العقيدة,12094,منهاج التأسيس والتقديس في كشف شبهات داود بن جرجيس,https://shamela.ws/book/12094
1,العقيدة,36081,النكت الشنيعة في بيان الخلاف بين الله تعالى والشيعة,https://shamela.ws/book/36081
1,العقيدة,3874,قطف الثمر في بيان عقيدة أهل الأثر,https://shamela.ws/book/3874
1,العقيدة,22721,إظهار الحق,https://shamela.ws/book/22721
1,العقيدة,6546,المناظرة التقريرية بين الشيخ رحمت الله الهندي والقسيس بفندر,https://shamela.ws/book/6546
1,العقيدة,30945,مختصر إظهار الحق,https://shamela.ws/book/30945
1,العقيدة,6457,الآيات البينات في عدم سماع الأموات,https://shamela.ws/book/6457
1,العقيدة,247,تحقيق الآيات البينات في عدم سماع الأموات,https://shamela.ws/book/247
1,العقيدة,9943,جلاء العينين في محاكمة الأحمدين,https://shamela.ws/book/9943
1,العقيدة,11326,فتح الله الحميد المجيد في شرح كتاب التوحيد,https://shamela.ws/book/11326
1,العقيدة,6392,التوحيد لمحمد عبده,https://shamela.ws/book/6392
1,العقيدة,12027,صيانة الإنسان عن وسوسة الشيخ دحلان,https://shamela.ws/book/12027
1,العقيدة,7625,الرد على شبهات المستعينين بغير الله,https://shamela.ws/book/7625
1,العقيدة,6362,توضيح المقاصد شرح نونية ابن القيم الكافية الشافية,https://shamela.ws/book/6362
1,العقيدة,9775,صب العذاب على من سب الأصحاب,https://shamela.ws/book/9775
1,العقيدة,12034,غاية الأماني في الرد على النبهاني,https://shamela.ws/book/12034
1,العقيدة,30866,فصل الخطاب في شرح مسائل الجاهلية ت علي مخلوف,https://shamela.ws/book/30866
1,العقيدة,9637,فصل الخطاب في شرح مسائل الجاهلية ت محب الدين الخطيب,https://shamela.ws/book/9637
1,العقيدة,8549,فصل الخطاب في شرح مسائل الجاهلية ت يوسف السعيد,https://shamela.ws/book/8549
1,العقيدة,36091,مختصر التحفة الاثني عشرية,https://shamela.ws/book/36091
1,العقيدة,7516,إقامة الحجة والدليل وإيضاح المحجة والسبيل,https://shamela.ws/book/7516
1,العقيدة,7568,البيان المبدي لشناعة القول المجدي,https://shamela.ws/book/7568
1,العقيدة,7664,الضياء الشارق في رد شبهات الماذق المارق,https://shamela.ws/book/7664
1,العقيدة,6488,تميز الصدق من المين في محاورة الرجلين,https://shamela.ws/book/6488
1,العقيدة,11123,تنبيه ذوي الألباب السليمة عن والوقوع في الألفاظ المبتدعة الوخيمة,https://shamela.ws/book/11123
1,العقيدة,6515,فتييان تتعلقان بتكفير الجهمية,https://shamela.ws/book/6515
1,العقيدة,6504,كشف الأوهام والإلتباس عن تشبيه بعض الأغبياء من الناس,https://shamela.ws/book/6504
1,العقيدة,11352,كشف الشبهتين,https://shamela.ws/book/11352
1,العقيدة,11353,كشف غياهب الظلام عن أوهام جلاء الأوهام,https://shamela.ws/book/11353
1,العقيدة,12091,منهاج أهل الحق والاتباع في مخالفة أهل الجهل والابتداع,https://shamela.ws/book/12091
1,العقيدة,36070,الأساليب البديعة في فضل الصحابة وإقناع الشيعة,https://shamela.ws/book/36070
1,العقيدة,21788,إكفار الملحدين في ضروريات الدين,https://shamela.ws/book/21788
1,العقيدة,8575,التصريح بما تواتر في نزول المسيح,https://shamela.ws/book/8575
1,العقيدة,12723,رسائل السنة والشيعة لرشيد رضا,https://shamela.ws/book/12723
1,العقيدة,9063,الكشف المبدي,https://shamela.ws/book/9063
1,العقيدة,21784,تحت راية القرآن,https://shamela.ws/book/21784
1,العقيدة,9092,العقائد الإسلامية لابن باديس,https://shamela.ws/book/9092
1,العقيدة,37348,رسالة الشرك ومظاهره,https://shamela.ws/book/37348
1,العقيدة,6884,السنن والمبتدعات المتعلقة بالأذكار والصلوات,https://shamela.ws/book/6884
1,العقيدة,7569,البيان والإشهار لكشف زيغ الملحد الحاج مختار,https://shamela.ws/book/7569
1,العقيدة,9430,التنبيهات اللطيفة على ما احتوت عليه العقيدة الواسطية من المباحث المنيفة,https://shamela.ws/book/9430
1,العقيدة,8589,التوضيح والبيان لشجرة الإيمان,https://shamela.ws/book/8589
1,العقيدة,7614,الدرة البهية شرح القصيدة التائية في حل المشكلة القدرية,https://shamela.ws/book/7614
1,العقيدة,8529,القول السديد شرح كتاب التوحيد ط النفائس,https://shamela.ws/book/8529
1,العقيدة,10458,القول السديد شرح كتاب التوحيد ط الوزارة,https://shamela.ws/book/10458
1,العقيدة,10090,تفسير أسماء الله الحسنى للسعدي,https://shamela.ws/book/10090
1,العقيدة,21517,التعليقات السنية على العقيدة الواسطية - فيصل آل مبارك,https://shamela.ws/book/21517
1,العقيدة,30821,أعلام السنة المنشورة لاعتقاد الطائفة الناجية المنصورة = 200 سؤال وجواب في العقيدة الاسلامية,https://shamela.ws/book/30821
1,العقيدة,20854,معارج القبول بشرح سلم الوصول,https://shamela.ws/book/20854
1,العقيدة,8783,الأنوار الرحمانية لهداية الفرقة التيجانية,https://shamela.ws/book/8783
1,العقيدة,6472,حقيقة التوحيد,https://shamela.ws/book/6472
1,العقيدة,36571,الأجوبة الكافية عن الأسئلة الشامية,https://shamela.ws/book/36571
1,العقيدة,954,التعليقات الأثرية على العقيدة الطحاوية,https://shamela.ws/book/954
1,العقيدة,368,التفضيل بين الخلفاء الأربعة - ضمن «آثار المعلمي»,https://shamela.ws/book/368
1,العقيدة,362,الحنيفية والعرب - ضمن «آثار المعلمي»,https://shamela.ws/book/362
1,العقيدة,367,الشفاعة - ضمن «آثار المعلمي»,https://shamela.ws/book/367
1,العقيدة,526,الفوائد العقدية - ضمن «آثار المعلمي»,https://shamela.ws/book/526
1,العقيدة,12761,القائد إلى تصحيح العقائد,https://shamela.ws/book/12761
1,العقيدة,328,تحقيق الكلام في المسائل الثلاث - ضمن «آثار المعلمي»,https://shamela.ws/book/328
1,العقيدة,369,تعلق العقائد بالزمان والمكان - ضمن «آثار المعلمي»,https://shamela.ws/book/369
1,العقيدة,359,حقيقة البدعة - ضمن «آثار المعلمي»,https://shamela.ws/book/359
1,العقيدة,358,حقيقة التأويل - ضمن «آثار المعلمي»,https://shamela.ws/book/358
1,العقيدة,37542,حقيقة التأويل - ط أطلس,https://shamela.ws/book/37542
1,العقيدة,326,رفع الاشتباه عن معنى العبادة والإله - ضمن «آثار المعلمي»,https://shamela.ws/book/326
1,العقيدة,361,صدع الدجنة في فصل البدعة عن السنة - ضمن «آثار المعلمي»,https://shamela.ws/book/361
1,العقيدة,363,عقيدة العرب في وثنيتهم - ضمن «آثار المعلمي»,https://shamela.ws/book/363
1,العقيدة,332,يسر العقيدة الإسلامية - ضمن «آثار المعلمي»,https://shamela.ws/book/332
1,العقيدة,11264,شرح كشف الشبهات لمحمد بن إبراهيم آل الشيخ,https://shamela.ws/book/11264
1,العقيدة,7369,حاشية الدرة المضية في عقد الفرقة المرضية,https://shamela.ws/book/7369
1,العقيدة,11148,حاشية ثلاثة الأصول,https://shamela.ws/book/11148
1,العقيدة,11149,حاشية كتاب التوحيد,https://shamela.ws/book/11149
1,العقيدة,7260,التحفة المهدية شرح العقيدة التدمرية,https://shamela.ws/book/7260
1,العقيدة,20772,منهج ودراسات لآيات الأسماء والصفات - ضمن «محاضرات الشنقيطي»,https://shamela.ws/book/20772
1,العقيدة,6452,منهج ودراسات لآيات الأسماء والصفات - ط الدار السلفية,https://shamela.ws/book/6452
1,العقيدة,8753,منهج ودراسات لآيات الأسماء والصفات - مجلة الجامعة الإسلامية,https://shamela.ws/book/8753
1,العقيدة,22934,شرح العقيدة الواسطية - الهراس,https://shamela.ws/book/22934
1,العقيدة,9209,الأجوبة المفيدة لمهمات العقيدة,https://shamela.ws/book/9209
1,العقيدة,8588,التوحيد وبيان العقيدة السلفية النقية,https://shamela.ws/book/8588
1,العقيدة,115133,كتاب التوحيد المسمى التخلي عن التقليد والتحلي بالأصل المفيد,https://shamela.ws/book/115133
1,العقيدة,1702,الحسام الماحق لكل مشرك ومنافق,https://shamela.ws/book/1702
1,العقيدة,10372,الدين والسنن الكونية,https://shamela.ws/book/10372
1,العقيدة,9080,الهدية الهادية إلى الطائفة التجانية,https://shamela.ws/book/9080
1,العقيدة,30197,سبيل الرشاد في هدي خير العباد,https://shamela.ws/book/30197
1,العقيدة,5367,التصوف - المنشأ والمصادر,https://shamela.ws/book/5367
1,العقيدة,37552,الشيعة وأهل البيت,https://shamela.ws/book/37552
1,العقيدة,37478,الشيعة والتشيع - فرق وتاريخ,https://shamela.ws/book/37478
1,العقيدة,37548,الشيعة والسنة,https://shamela.ws/book/37548
1,العقيدة,37550,الشيعة والقرآن,https://shamela.ws/book/37550
1,العقيدة,12798,دراسات في التصوف,https://shamela.ws/book/12798
1,العقيدة,7593,التوضيح المفيد لمسائل كتاب التوحيد,https://shamela.ws/book/7593
1,العقيدة,21507,زوائد مسائل الجاهلية,https://shamela.ws/book/21507
1,العقيدة,18338,الأساس في السنة وفقهها - العقائد الإسلامية,https://shamela.ws/book/18338
1,العقيدة,8573,إتحاف الجماعة بما جاء في الفتن والملاحم وأشراط الساعة,https://shamela.ws/book/8573
1,العقيدة,36046,الاحتجاج بالأثر على من أنكر المهدي المنتظر,https://shamela.ws/book/36046
1,العقيدة,23067,تنزيه الأصحاب عن تنقص أبي تراب,https://shamela.ws/book/23067
1,العقيدة,37535,التوصل إلى حقيقة التوسل,https://shamela.ws/book/37535
1,العقيدة,10348,الحكم على الشيء فرع عن تصوره,https://shamela.ws/book/10348
1,العقيدة,10423,الصفات الإلهية في الكتاب والسنة النبوية في ضوء الإثبات والتنزيه,https://shamela.ws/book/10423
1,العقيدة,8819,العقل والنقل عند ابن رشد,https://shamela.ws/book/8819
1,العقيدة,10065,تصحيح المفاهيم في جوانب العقيدة,https://shamela.ws/book/10065
1,العقيدة,30863,مذكرة التوحيد,https://shamela.ws/book/30863
1,العقيدة,30856,ما يجب أن يعرفه المسلم عن دينه,https://shamela.ws/book/30856
1,العقيدة,17051,البيان «مقدمة وخاتمة» لكتاب كشف الشبهات,https://shamela.ws/book/17051
1,العقيدة,12802,الثورة البائسة,https://shamela.ws/book/12802
1,العقيدة,9587,الشيعة والتصحيح,https://shamela.ws/book/9587
1,العقيدة,12159,أبو الحسن الأشعري,https://shamela.ws/book/12159
1,العقيدة,8946,المفهوم الصحيح للتوسل,https://shamela.ws/book/8946
1,العقيدة,8856,إلقاء الضوء القرآني على كتابة الدكتور علوي حول النبهاني,https://shamela.ws/book/8856
1,العقيدة,3785,ملاحظات حول كتاب عقيدة السلف والخلف,https://shamela.ws/book/3785
1,العقيدة,11179,أصول الإيمان لابن باز,https://shamela.ws/book/11179
1,العقيدة,572,إقامة البراهين على حكم من استغاث بغير الله أو صدق الكهنة والعرافين,https://shamela.ws/book/572
1,العقيدة,30917,التحذير من البدع,https://shamela.ws/book/30917
1,العقيدة,8820,العقيدة الصحيحة وما يضادها,https://shamela.ws/book/8820
1,العقيدة,311,العقيدة الصحيحة وما يضادها ونواقض الإسلام,https://shamela.ws/book/311
1,العقيدة,30822,بيان التوحيد الذي بعث الله به الرسل جميعا وبعث به خاتمهم محمدا عليه السلام,https://shamela.ws/book/30822
1,العقيدة,10165,حكم الإسلام فيمن زعم أن القرآن متناقض,https://shamela.ws/book/10165
1,العقيدة,8599,رسالة في حكم السحر والكهانة مع بعض الفتاوى المهمة,https://shamela.ws/book/8599
1,العقيدة,11255,شرح ثلاثة الأصول لابن باز,https://shamela.ws/book/11255
1,العقيدة,6394,فتاوى مهمة لعموم الأمة,https://shamela.ws/book/6394
1,العقيدة,9677,منهج أهل السنة والجماعة في السمع والطاعة,https://shamela.ws/book/9677
1,العقيدة,30869,نواقض الإسلام,https://shamela.ws/book/30869
1,العقيدة,30870,وجوب تحكيم شرع الله ونبذ ما خالفه,https://shamela.ws/book/30870
1,العقيدة,7592,التوسل أنواعه وأحكامه,https://shamela.ws/book/7592
1,العقيدة,349,تحذير الساجد من اتخاذ القبور مساجد,https://shamela.ws/book/349
1,العقيدة,36190,جامع تراث العلامة الألباني في العقيدة = موسوعة العقيدة,https://shamela.ws/book/36190
1,العقيدة,145205,جامع تراث العلامة الألباني في المنهج والأحداث الكبرى,https://shamela.ws/book/145205
1,العقيدة,707,فتنة التكفير,https://shamela.ws/book/707
1,العقيدة,692,قصة المسيح الدجال,https://shamela.ws/book/692
1,العقيدة,8647,العقائد الإسلامية,https://shamela.ws/book/8647
1,العقيدة,8594,جهود علماء الحنفية في إبطال عقائد القبورية,https://shamela.ws/book/8594
1,العقيدة,7503,أسماء الله وصفاته وموقف أهل السنه منها,https://shamela.ws/book/7503
1,العقيدة,8874,القواعد المثلى في صفات الله وأسمائه الحسنى,https://shamela.ws/book/8874
1,العقيدة,7339,القول المفيد على كتاب التوحيد,https://shamela.ws/book/7339
1,العقيدة,11366,تعليق مختصر على لمعة الاعتقاد للعثيمين,https://shamela.ws/book/11366
1,العقيدة,11100,تقريب التدمرية,https://shamela.ws/book/11100
1,العقيدة,11223,رسالة في القضاء والقدر,https://shamela.ws/book/11223
1,العقيدة,9725,شرح العقيدة السفارينية,https://shamela.ws/book/9725
1,العقيدة,11250,شرح العقيدة الواسطية - العثيمين,https://shamela.ws/book/11250
1,العقيدة,11257,شرح ثلاثة الأصول للعثيمين,https://shamela.ws/book/11257
1,العقيدة,9923,شرح كشف الشبهات ويليه شرح الأصول الستة,https://shamela.ws/book/9923
1,العقيدة,5143,عقيدة أهل السنة والجماعة للعثيمين,https://shamela.ws/book/5143
1,العقيدة,21817,فتح رب البرية بتلخيص الحموية,https://shamela.ws/book/21817
1,العقيدة,96858,مذكرة على العقيدة الواسطية - العثيمين,https://shamela.ws/book/96858
1,العقيدة,12097,منهاج أهل السنة والجماعة في العقيدة والعمل,https://shamela.ws/book/12097
1,العقيدة,21587,نبذة في العقيدة الإسلامية,https://shamela.ws/book/21587
1,العقيدة,7335,آل رسول الله وأولياؤه,https://shamela.ws/book/7335
1,العقيدة,25815,أبو بكر الصديق أفضل الصحابة وأحقهم بالخلافة,https://shamela.ws/book/25815
1,العقيدة,9827,مختصر الأسئلة والأجوبة الأصولية على العقيدة الواسطية,https://shamela.ws/book/9827
1,العقيدة,96782,الشفاعة,https://shamela.ws/book/96782
1,العقيدة,6556,مناصحة الإمام وهب بن منبه لرجل تأثر بالخوارج,https://shamela.ws/book/6556
1,العقيدة,5023,كيف نفهم التوحيد,https://shamela.ws/book/5023
1,العقيدة,12105,موقف أصحاب الأهواء والفرق من السنة النبوية ورواتها جذورهم ووسائلهم وأهدافهم قديما وحديثا,https://shamela.ws/book/12105
1,العقيدة,10006,تاريخ الفكر الديني الجاهلي,https://shamela.ws/book/10006
1,العقيدة,36500,الأسئلة والأجوبة في العقيدة,https://shamela.ws/book/36500
1,العقيدة,10487,الإبطال لنظرية الخلط بين دين الإسلام وغيره من الأديان,https://shamela.ws/book/10487
1,العقيدة,26385,معجم المناهي اللفظية,https://shamela.ws/book/26385
1,العقيدة,29736,آيات عتاب المصطفى في ضوء العصمة والإجتهاد,https://shamela.ws/book/29736
1,العقيدة,10699,تبسيط العقائد الإسلامية,https://shamela.ws/book/10699
1,العقيدة,7707,اعتقاد أهل السنة,https://shamela.ws/book/7707
1,العقيدة,8586,التعليقات على متن لمعة الاعتقاد لابن جبرين,https://shamela.ws/book/8586
1,العقيدة,11525,شرح أصول السنة للإمام أحمد,https://shamela.ws/book/11525
1,العقيدة,7724,شرح العقيدة الطحاوية - ابن جبرين,https://shamela.ws/book/7724
1,العقيدة,36575,فتاوى في التوحيد,https://shamela.ws/book/36575
1,العقيدة,7563,الإيمان بين السلف والمتكلمين,https://shamela.ws/book/7563
1,العقيدة,7570,البيهقي وموقفه من الإلهيات,https://shamela.ws/book/7570
1,العقيدة,12714,الجنة والنار,https://shamela.ws/book/12714
1,العقيدة,9655,الرسل والرسالات,https://shamela.ws/book/9655
1,العقيدة,9667,العقيدة في الله,https://shamela.ws/book/9667
1,العقيدة,9766,القضاء والقدر - الأشقر,https://shamela.ws/book/9766
1,العقيدة,9834,القيامة الصغرى,https://shamela.ws/book/9834
1,العقيدة,9865,القيامة الكبرى,https://shamela.ws/book/9865
1,العقيدة,17068,الله يحدث عباده عن نفسه,https://shamela.ws/book/17068
1,العقيدة,9874,عالم الجن والشياطين,https://shamela.ws/book/9874
1,العقيدة,9967,عالم الملائكة الأبرار,https://shamela.ws/book/9967
1,العقيدة,14031,آثار حجج التوحيد في مؤاخذة العبيد,https://shamela.ws/book/14031
1,العقيدة,14161,العذر بالجهل تحت المجهر الشرعي,https://shamela.ws/book/14161
1,العقيدة,17368,المختصر المفيد في عقائد أئمة التوحيد,https://shamela.ws/book/17368
1,العقيدة,35760,فتح العلي الحميد في شرح كتاب مفيد المستفيد في كفر تارك التوحيد,https://shamela.ws/book/35760
1,العقيدة,11094,[شرح] تسهيل العقيدة الإسلامية - ط 2,https://shamela.ws/book/11094
1,العقيدة,145,متن تسهيل العقيدة الإسلامية - ط 6,https://shamela.ws/book/145
1,العقيدة,11384,مختصر [شرح] تسهيل العقيدة الإسلامية - ط 2,https://shamela.ws/book/11384
1,العقيدة,149,مختصر شرح تسهيل العقيدة الإسلامية - ط 6,https://shamela.ws/book/149
1,العقيدة,12913,الإنصاف فيما قيل في المولد من الغلو والإجحاف,https://shamela.ws/book/12913
1,العقيدة,9991,مدخل لدراسة العقيدة الإسلامية,https://shamela.ws/book/9991
1,العقيدة,96458,الاعتصام بالكتاب والسنة أصل السعادة في الدنيا والآخرة ونجاة من مضلات الفتن,https://shamela.ws/book/96458
1,العقيدة,96460,الثمر المجتنى مختصر شرح أسماء الله الحسنى في ضوء الكتاب والسنة,https://shamela.ws/book/96460
1,العقيدة,96468,العروة الوثقى في ضوء الكتاب والسنة,https://shamela.ws/book/96468
1,العقيدة,96481,بيان عقيدة أهل السنة والجماعة ولزوم اتباعها في ضوء الكتاب والسنة,https://shamela.ws/book/96481
1,العقيدة,96493,شرح أسماء الله الحسنى في ضوء الكتاب والسنة,https://shamela.ws/book/96493
1,العقيدة,96494,شرح العقيدة الواسطية - ابن وهف,https://shamela.ws/book/96494
1,العقيدة,96546,عقيدة المسلم في ضوء الكتاب والسنة,https://shamela.ws/book/96546
1,العقيدة,96514,قضية التكفير بين أهل السنة وفرق الضلال في ضوء الكتاب والسنة,https://shamela.ws/book/96514
1,العقيدة,96535,نور الإسلام وظلمات الكفر في ضوء الكتاب والسنة,https://shamela.ws/book/96535
1,العقيدة,96536,نور الإيمان وظلمات النفاق في ضوء الكتاب والسنة,https://shamela.ws/book/96536
1,العقيدة,96538,نور التوحيد وظلمات الشرك في ضوء الكتاب والسنة,https://shamela.ws/book/96538
1,العقيدة,96539,نور السنة وظلمات البدعة في ضوء الكتاب والسنة,https://shamela.ws/book/96539
1,العقيدة,22749,أضواء على المذاهب الهدامة,https://shamela.ws/book/22749
1,العقيدة,8797,البهائية إحدى مطايا الإستعمار والصهيونية,https://shamela.ws/book/8797
1,العقيدة,22567,دراسات في الديانات الهندية,https://shamela.ws/book/22567
1,العقيدة,11571,الحد الفاصل بين الإيمان والكفر,https://shamela.ws/book/11571
1,العقيدة,11545,الفكر الصوفي في ضوء الكتاب والسنة,https://shamela.ws/book/11545
1,العقيدة,30877,القضايا الكلية للاعتقاد في الكتاب والسنة,https://shamela.ws/book/30877
1,العقيدة,10636,فضائح الصوفية,https://shamela.ws/book/10636
1,العقيدة,895,المستدرك على معجم المناهي اللفظية,https://shamela.ws/book/895
1,العقيدة,9700,شيخ الإسلام ابن تيمية لم يكن ناصبيا,https://shamela.ws/book/9700
1,العقيدة,3935,نقض أصول العقلانيين,https://shamela.ws/book/3935
1,العقيدة,37604,الإبطال والرفض لعدوان من تجرأ على كشف الشبهات بالنقض,https://shamela.ws/book/37604
1,العقيدة,7734,شرح لامية ابن تيمية,https://shamela.ws/book/7734
1,العقيدة,8791,البدعة ضوابطها وأثرها السيء في الأمة,https://shamela.ws/book/8791
1,العقيدة,3519,عرض ونقد دراسة نقدية وتوجيهية لكتاب دراسة عن الفرق في تاريخ المسلمين الخوارج والشيعة,https://shamela.ws/book/3519
1,العقيدة,7509,أصول الدين عند الإمام أبي حنيفة,https://shamela.ws/book/7509
1,العقيدة,7506,اعتقاد أئمة السلف أهل الحديث,https://shamela.ws/book/7506
1,العقيدة,10471,اعتقاد أهل السنة شرح أصحاب الحديث,https://shamela.ws/book/10471
1,العقيدة,22273,اعتقاد الأئمة الأربعة,https://shamela.ws/book/22273
1,العقيدة,7618,الذكر الجماعي بين الاتباع والابتداع,https://shamela.ws/book/7618
1,العقيدة,11125,توضيح مقاصد المصطلحات العلمية في الرسالة التدمرية,https://shamela.ws/book/11125
1,العقيدة,11256,شرح التدمرية - الخميس,https://shamela.ws/book/11256
1,العقيدة,4426,التمهيد لشرح كتاب التوحيد,https://shamela.ws/book/4426
1,العقيدة,934,شرح العقيدة الطحاوية - صالح آل الشيخ = إتحاف السائل بما في الطحاوية من مسائل,https://shamela.ws/book/934
1,العقيدة,12120,هذه مفاهيمنا,https://shamela.ws/book/12120
1,العقيدة,8565,إعانة المستفيد بشرح كتاب التوحيد,https://shamela.ws/book/8565
1,العقيدة,7529,الإرشاد إلى صحيح الاعتقاد والرد على أهل الشرك والإلحاد,https://shamela.ws/book/7529
1,العقيدة,21523,التعليقات المختصرة على متن العقيدة الطحاوية,https://shamela.ws/book/21523
1,العقيدة,30846,التوحيد للفوزان,https://shamela.ws/book/30846
1,العقيدة,9950,الملخص في شرح كتاب التوحيد,https://shamela.ws/book/9950
1,العقيدة,30005,الولاء والبراء في الإسلام,https://shamela.ws/book/30005
1,العقيدة,9895,بيان حقيقة التوحيد الذي جاءت به الرسل ودحض الشبهات التي أثيرت حوله,https://shamela.ws/book/9895
1,العقيدة,11252,شرح القواعد الأربع,https://shamela.ws/book/11252
1,العقيدة,8600,شرح ثلاثة الأصول لصالح الفوزان,https://shamela.ws/book/8600
1,العقيدة,8605,شرح عقيدة الإمام المجدد محمد بن عبد الوهاب,https://shamela.ws/book/8605
1,العقيدة,11265,شرح مسائل الجاهلية,https://shamela.ws/book/11265
1,العقيدة,8610,عقيدة التوحيد وبيان ما يضادها من الشرك الأكبر والأصغر والتعطيل والبدع وغير ذلك,https://shamela.ws/book/8610
1,العقيدة,5056,معنى لا إله إلا الله ومقتضاها وآثارها في الفرد والمجتمع,https://shamela.ws/book/5056
1,العقيدة,1795,أسئلة وأجوبة في الإيمان والكفر,https://shamela.ws/book/1795
1,العقيدة,4098,تعليقات على شرح لمعة الاعتقاد للراجحي,https://shamela.ws/book/4098
1,العقيدة,37010,دروس في العقيدة - الراجحي,https://shamela.ws/book/37010
1,العقيدة,36973,شرح الاقتصاد في الاعتقاد - الراجحي,https://shamela.ws/book/36973
1,العقيدة,37019,شرح الحموية لابن تيمية - الراجحي,https://shamela.ws/book/37019
1,العقيدة,1094,شرح العقيدة الطحاوية - عبد العزيز الراجحي,https://shamela.ws/book/1094
1,العقيدة,37013,شرح الوصية الكبرى لابن تيمية - الراجحي,https://shamela.ws/book/37013
1,العقيدة,37020,شرح تطهير الاعتقاد للصنعاني - الراجحي,https://shamela.ws/book/37020
1,العقيدة,37012,شرح عقيدة السلف وأصحاب الحديث - الراجحي,https://shamela.ws/book/37012
1,العقيدة,36972,شرح كتاب الإيمان الأوسط لابن تيمية - الراجحي,https://shamela.ws/book/36972
1,العقيدة,37024,شرح كتاب الإيمان لأبي عبيد - الراجحي,https://shamela.ws/book/37024
1,العقيدة,35083,شرح كتاب السنة للبربهاري - الراجحي,https://shamela.ws/book/35083
1,العقيدة,30871,الولاء والبراء بين الغلو والجفاء في ضوء الكتاب والسنة,https://shamela.ws/book/30871
1,العقيدة,22891,التوسط والاقتصاد,https://shamela.ws/book/22891
1,العقيدة,22889,صفات الله عز وجل الواردة في الكتاب والسنة,https://shamela.ws/book/22889
1,العقيدة,22888,مختصر كتاب الاعتصام,https://shamela.ws/book/22888
1,العقيدة,9585,دعاوى المناوئين لشيخ الإسلام ابن تيمية - عرض ونقد,https://shamela.ws/book/9585
1,العقيدة,12624,الإسلام أصوله ومبادئه,https://shamela.ws/book/12624
1,العقيدة,12576,الإباضية وهل هم خوارج,https://shamela.ws/book/12576
1,العقيدة,30800,التوحيد للناشئة والمبتدئين,https://shamela.ws/book/30800
1,العقيدة,12837,مناظرات ابن تيمية لأهل الملل والنحل,https://shamela.ws/book/12837
1,العقيدة,9837,الإيمان حقيقته، خوارمه، نواقضه عند أهل السنة والجماعة,https://shamela.ws/book/9837
1,العقيدة,30811,الوجيز في عقيدة السلف الصالح أهل السنة والجماعة,https://shamela.ws/book/30811
1,العقيدة,30813,أشراط الساعة - الغفيلي,https://shamela.ws/book/30813
1,العقيدة,117,ابن رجب الحنبلي وأثره في توضيح عقيدة السلف,https://shamela.ws/book/117
1,العقيدة,36499,الإرشاد إلى توحيد رب العباد,https://shamela.ws/book/36499
1,العقيدة,30833,دين الحق,https://shamela.ws/book/30833
1,العقيدة,30834,رسالة في أسس العقيدة,https://shamela.ws/book/30834
1,العقيدة,30858,مجمل اعتقاد أئمة السلف,https://shamela.ws/book/30858
1,العقيدة,30862,محبة الرسول بين الاتباع والابتداع,https://shamela.ws/book/30862
1,العقيدة,2827,شرح العقيدة الطحاوية - سفر الحوالي,https://shamela.ws/book/2827
1,العقيدة,23586,ظاهرة الإرجاء في الفكر الإسلامي,https://shamela.ws/book/23586
1,العقيدة,18604,إرشاد العباد إلى معاني لمعة الاعتقاد,https://shamela.ws/book/18604
1,العقيدة,18605,التعليق على القواعد المثلى,https://shamela.ws/book/18605
1,العقيدة,1301,التعليقات على المسائل العقدية في كتاب التسهيل لعلوم التنزيل لابن جزي,https://shamela.ws/book/1301
1,العقيدة,1302,التوضيح للمسائل العقدية في مقدمة الرسالة القيروانية,https://shamela.ws/book/1302
1,العقيدة,17772,تعليقات الشيخ البراك على المخالفات العقدية في فتح الباري,https://shamela.ws/book/17772
1,العقيدة,30039,توضيح المقصود من حائية ابن أبي داود,https://shamela.ws/book/30039
1,العقيدة,17773,توضيح مقاصد العقيدة الواسطية - البراك,https://shamela.ws/book/17773
1,العقيدة,14174,جواب في الإيمان ونواقضه,https://shamela.ws/book/14174
1,العقيدة,17774,شرح الأصول الثلاثة - البراك,https://shamela.ws/book/17774
1,العقيدة,1489,شرح العقيدة التدمرية - البراك,https://shamela.ws/book/1489
1,العقيدة,23088,شرح العقيدة الطحاوية - البراك - ط التدمرية,https://shamela.ws/book/23088
1,العقيدة,23001,شرح العقيدة الطحاوية - البراك - ط المؤسسة,https://shamela.ws/book/23001
1,العقيدة,17870,شرح القصيدة الدالية للكلوذاني,https://shamela.ws/book/17870
1,العقيدة,17775,شرح القواعد الأربع - البراك,https://shamela.ws/book/17775
1,العقيدة,1348,شرح كشف الشبهات - البراك,https://shamela.ws/book/1348
1,العقيدة,17862,شرح كلمة الإخلاص لابن رجب,https://shamela.ws/book/17862
1,العقيدة,1351,شرح نواقض الإسلام - البراك,https://shamela.ws/book/1351
1,العقيدة,6942,المجلى في شرح القواعد المثلى في صفات الله وأسمائه الحسنى,https://shamela.ws/book/6942
1,العقيدة,9933,قدم العالم وتسلسل الحوادث,https://shamela.ws/book/9933
1,العقيدة,858,شرح منظومة الإيمان,https://shamela.ws/book/858
1,العقيدة,962,رسائل الشيخ الحمد في العقيدة,https://shamela.ws/book/962
1,العقيدة,12070,مصطلحات في كتب العقائد,https://shamela.ws/book/12070
1,العقيدة,7514,أغلو في بعض القرابة وجفاء في الأنبياء والصحابة,https://shamela.ws/book/7514
1,العقيدة,7574,التحذير من تعظيم الآثار غير المشروعة,https://shamela.ws/book/7574
1,العقيدة,7605,الحث على اتباع السنة والتحذير من البدع وبيان خطرها,https://shamela.ws/book/7605
1,العقيدة,11291,عقيدة أهل السنة في الصحابة لعبد المحسن العباد,https://shamela.ws/book/11291
1,العقيدة,4226,عقيدة أهل السنة والأثر في المهدي المنتظر,https://shamela.ws/book/4226
1,العقيدة,11233,فضل أهل البيت وعلو مكانتهم عند أهل السنة والجماعة,https://shamela.ws/book/11233
1,العقيدة,11292,قطف الجني الداني شرح مقدمة رسالة ابن أبي زيد القيرواني,https://shamela.ws/book/11292
1,العقيدة,1895,وقفات مع كتاب المراجعات,https://shamela.ws/book/1895
1,العقيدة,1929,مسألة الإيمان دراسة تأصيلية,https://shamela.ws/book/1929
1,العقيدة,2012,شرعية الإخبار عن الله بما لم يأت به قرآن ولا سنة,https://shamela.ws/book/2012
1,العقيدة,2024,حقيقة الإيمان,https://shamela.ws/book/2024
1,العقيدة,1064,ضوابط التكفير في ضوء السنة النبوية,https://shamela.ws/book/1064
1,العقيدة,721,موسوعة شرح أسماء الله الحسنى,https://shamela.ws/book/721
1,العقيدة,2139,تحذير المسلمين من السب والاستهزاء بالدين,https://shamela.ws/book/2139
1,العقيدة,30847,أصول الإيمان في ضوء الكتاب والسنة,https://shamela.ws/book/30847
1,العقيدة,9830,الله يتجلى في عصر العلم,https://shamela.ws/book/9830
1,العقيدة,38058,الموسوعة العقدية,https://shamela.ws/book/38058
1,العقيدة,30888,إسلامية لا وهابية,https://shamela.ws/book/30888
1,العقيدة,37718,التعليق على شرح السنة للبربهاري - ناصر العقل,https://shamela.ws/book/37718
1,العقيدة,37727,شرح التدمرية - ناصر العقل,https://shamela.ws/book/37727
1,العقيدة,37433,شرح العقيدة الطحاوية - ناصر العقل,https://shamela.ws/book/37433
1,العقيدة,37720,شرح باب توحيد الألوهية من فتاوى ابن تيمية,https://shamela.ws/book/37720
1,العقيدة,37722,شرح باب توحيد الربوبية من فتاوى ابن تيمية,https://shamela.ws/book/37722
1,العقيدة,37726,شرح عقيدة السلف للصابوني - ناصر العقل,https://shamela.ws/book/37726
1,العقيدة,37719,شرح كتاب فضل الإسلام لمحمد بن عبد الوهاب - ناصر العقل,https://shamela.ws/book/37719
1,العقيدة,37717,شرح كتاب قاعدة جليلة في التوسل والوسيلة,https://shamela.ws/book/37717
1,العقيدة,37724,شرح لمعة الاعتقاد - ناصر العقل,https://shamela.ws/book/37724
1,العقيدة,37721,مجمل أصول أهل السنة,https://shamela.ws/book/37721
1,العقيدة,1127,رسم الوداد في إيضاح تحفة الأولاد في توحيد رب العباد,https://shamela.ws/book/1127
1,العقيدة,1128,ري الظمآن بمجالس شعب الإيمان,https://shamela.ws/book/1128
1,العقيدة,151173,المغربية في شرح العقيدة القيروانية,https://shamela.ws/book/151173
1,العقيدة,12760,أصول مذهب الشيعة الإمامية الإثني عشرية - عرض ونقد -,https://shamela.ws/book/12760
1,العقيدة,12763,مسألة التقريب بين أهل السنة والشيعة,https://shamela.ws/book/12763
1,العقيدة,1579,أطايب الزهر شرح نواقض الإسلام العشر,https://shamela.ws/book/1579
1,العقيدة,9262,أحاديث الطائفة الظاهرة,https://shamela.ws/book/9262
1,العقيدة,9257,اتباع لا ابتداع - قواعد وأسس في السنة والبدعة,https://shamela.ws/book/9257
1,العقيدة,9214,البدع الحولية,https://shamela.ws/book/9214
1,العقيدة,1910,الحاجة إلى الرسل,https://shamela.ws/book/1910
1,العقيدة,30873,العقيدة,https://shamela.ws/book/30873
1,العقيدة,14251,ماذا تعرف عن الله,https://shamela.ws/book/14251
1,العقيدة,37325,موسوعة مواقف السلف في العقيدة والمنهج والتربية,https://shamela.ws/book/37325
1,العقيدة,902,المناظرات العقدية لشيخ الإسلام ابن تيمية,https://shamela.ws/book/902
1,العقيدة,11158,حصول المأمول بشرح ثلاثة الأصول,https://shamela.ws/book/11158
1,العقيدة,8712,الأثر المشهور عن الإمام مالك رحمه الله في صفة الاستواء,https://shamela.ws/book/8712
1,العقيدة,7575,التحفة السنية شرح منظومة ابن أبي داود الحائية,https://shamela.ws/book/7575
1,العقيدة,10352,الحوقلة مفهومها وفضائلها ودلالتها العقدية,https://shamela.ws/book/10352
1,العقيدة,7651,الشيخ عبد الرحمن بن سعدي وجهوده في تو ضيح العقيدة,https://shamela.ws/book/7651
1,العقيدة,11093,تذكرة المؤتسي شرح عقيدة الحافظ عبد الغني المقدسي,https://shamela.ws/book/11093
1,العقيدة,11234,زيادة الإيمان ونقصانه وحكم الاستثناء فيه,https://shamela.ws/book/11234
1,العقيدة,7252,منهج القرآن الكريم في دعوة المشركين إلى الإسلام,https://shamela.ws/book/7252
1,العقيدة,7699,سلسلة الأسماء والصفات,https://shamela.ws/book/7699
1,العقيدة,7731,شرح الأصول الستة,https://shamela.ws/book/7731
1,العقيدة,7712,شرح العقيدة الطحاوية - خالد المصلح,https://shamela.ws/book/7712
1,العقيدة,11249,شرح العقيدة الواسطية - خالد المصلح,https://shamela.ws/book/11249
1,العقيدة,7728,شرح العقيدة الواسطية لخالد المصلح,https://shamela.ws/book/7728
1,العقيدة,7727,شرح الفتوى الحموية,https://shamela.ws/book/7727
1,العقيدة,7730,شرح ثلاثة الأصول لخالد المصلح,https://shamela.ws/book/7730
1,العقيدة,7732,شرح كشف الشبهات لخالد المصلح,https://shamela.ws/book/7732
1,العقيدة,7713,شرح لمعة الاعتقاد لخالد المصلح,https://shamela.ws/book/7713
1,العقيدة,22817,أول واجب على المكلف عبادة الله تعالى وضوح ذلك من كتاب الله ودعوات الرسل,https://shamela.ws/book/22817
1,العقيدة,36516,المنهج الصحيح,https://shamela.ws/book/36516
1,العقيدة,10252,ذم الفرقة والاختلاف في الكتاب والسنة,https://shamela.ws/book/10252
1,العقيدة,3047,شرح العقيدة الواسطية - الغنيمان,https://shamela.ws/book/3047
1,العقيدة,37166,شرح فتح المجيد للغنيمان,https://shamela.ws/book/37166
1,العقيدة,7740,شرح لمعة الاعتقاد للمحمود,https://shamela.ws/book/7740
1,العقيدة,12766,موقف ابن تيمية من الأشاعرة,https://shamela.ws/book/12766
1,العقيدة,7265,أثر الإيمان في تحصين الأمة الإسلامية ضد الأفكار الهدامة,https://shamela.ws/book/7265
1,العقيدة,7259,أصول مسائل العقيدة عند السلف وعند المبتدعة,https://shamela.ws/book/7259
1,العقيدة,8905,المباحث العقدية المتعلقة بالكبائر ومرتكبها في الدنيا,https://shamela.ws/book/8905
1,العقيدة,11183,دراسات في الأديان اليهودية والنصرانية,https://shamela.ws/book/11183
1,العقيدة,3982,قول الفلاسفة اليونان الوثنيين في توحيد الربوبية,https://shamela.ws/book/3982
1,العقيدة,21770,حقيقة شهادة أن محمدا رسول الله صلى الله عليه وسلم,https://shamela.ws/book/21770
1,العقيدة,11723,الآثار الواردة عن عمر بن عبد العزيز في العقيدة,https://shamela.ws/book/11723
1,العقيدة,7523,الآثار المروية في صفة المعية,https://shamela.ws/book/7523
1,العقيدة,30104,التحفة البهية في شرح رسالة العبودية,https://shamela.ws/book/30104
1,العقيدة,1004,التعليقات السنية على العقيدة الواسطية - محمد خليفة التميمي,https://shamela.ws/book/1004
1,العقيدة,7660,الصفات الإلهية تعريفها، أقسامها,https://shamela.ws/book/7660
1,العقيدة,30121,القول المسدد في شرح رسالة الإمام أحمد,https://shamela.ws/book/30121
1,العقيدة,1006,المسائل العقدية المتعلقة باسم الله عز وجل,https://shamela.ws/book/1006
1,العقيدة,30017,المنحة الإلهية في شرح الفتوى الحموية,https://shamela.ws/book/30017
1,العقيدة,1175,حث الأتباع على تجريد الاتباع,https://shamela.ws/book/1175
1,العقيدة,11207,رؤية النبي صلى الله عليه وسلم لربه,https://shamela.ws/book/11207
1,العقيدة,1007,شرح التدمرية - محمد بن خليفة التميمي,https://shamela.ws/book/1007
1,العقيدة,1008,شرح القواعد المثلى في صفات الله وأسمائه الحسنى,https://shamela.ws/book/1008
1,العقيدة,30148,لماذا التوحيد أولا,https://shamela.ws/book/30148
1,العقيدة,30015,محاسن التوحيد وارتباطها بأركان الإيمان,https://shamela.ws/book/30015
1,العقيدة,12074,معتقد أهل السنة والجماعة في أسماء الله الحسنى,https://shamela.ws/book/12074
1,العقيدة,11743,معتقد أهل السنة والجماعة في توحيد الأسماء والصفات,https://shamela.ws/book/11743
1,العقيدة,12079,مقالة التعطيل والجعد بن درهم,https://shamela.ws/book/12079
1,العقيدة,12080,مقدمات في علم مقالات الفرق,https://shamela.ws/book/12080
1,العقيدة,12104,مواقف الطوائف من توحيد الأسماء والصفات,https://shamela.ws/book/12104
1,العقيدة,1193,نهج الوصول الي حقيقة محبة الرسول صلى الله عليه وسلم,https://shamela.ws/book/1193
1,العقيدة,12038,عقيدة أهل السنة في الصحابة لناصر بن علي,https://shamela.ws/book/12038
1,العقيدة,12059,مباحث العقيدة في سورة الزمر,https://shamela.ws/book/12059
1,العقيدة,431,الأحاديث الورادة في خبر القحطاني,https://shamela.ws/book/431
1,العقيدة,22922,مختصر معارج القبول,https://shamela.ws/book/22922
1,العقيدة,25863,شرح العقيدة الواسطية - عبد الكريم الخضير,https://shamela.ws/book/25863
1,العقيدة,23408,شرح المنظومة الحائية لابن أبي داود,https://shamela.ws/book/23408
1,العقيدة,21709,شرح كتاب التوحيد - عبد الكريم الخضير,https://shamela.ws/book/21709
1,العقيدة,27248,شرح لامية شيخ الإسلام,https://shamela.ws/book/27248
1,العقيدة,27254,شرح نظم عقيدة السفاريني,https://shamela.ws/book/27254
1,العقيدة,1382,منهج علماء الحديث والسنة في أصول الدين,https://shamela.ws/book/1382
1,العقيدة,32881,منهج القرآن في القضاء والقدر,https://shamela.ws/book/32881
1,العقيدة,12730,مختصر القواعد السلفية في الصفات الربانية,https://shamela.ws/book/12730
1,العقيدة,8488,الجموع البهية للعقيدة السلفية,https://shamela.ws/book/8488
1,العقيدة,21753,سلسلة الإيمان والكفر - المقدم,https://shamela.ws/book/21753
1,العقيدة,36991,عقيدة الولاء والبراء - المقدم,https://shamela.ws/book/36991
1,العقيدة,14248,فقه أشراط الساعة,https://shamela.ws/book/14248
1,العقيدة,12812,الموالاة والمعاداة في الشريعة الإسلامية,https://shamela.ws/book/12812
1,العقيدة,151177,آراء الصاوي في العقيدة والسلوك,https://shamela.ws/book/151177
1,العقيدة,30885,قمع الدجاجلة الطاعنين في معتقد أئمة الإسلام الحنابلة,https://shamela.ws/book/30885
1,العقيدة,21511,مجانبة أهل الثبور المصلين في المشاهد وعند القبور,https://shamela.ws/book/21511
1,العقيدة,21539,حقيقة البدعة وأحكامها,https://shamela.ws/book/21539
1,العقيدة,1257,المعتبر في عقيدة أهل السنة ومخالفيهم في القدر,https://shamela.ws/book/1257
1,العقيدة,1253,محض الإصابة في تحرير عقيدة أهل السنة ومخالفيهم في الصحابة,https://shamela.ws/book/1253
1,العقيدة,12163,ابن سبأ حقيقة لا خيال,https://shamela.ws/book/12163
1,العقيدة,9947,الجديد في شرح كتاب التوحيد,https://shamela.ws/book/9947
1,العقيدة,3952,لله ثم للتاريخ = كشف الأسرار وتبرئة الأئمة الأطهار,https://shamela.ws/book/3952
1,العقيدة,19449,الانتصار للسلف الأخيار,https://shamela.ws/book/19449
1,العقيدة,11740,طريق الهداية مبادئ ومقدمات علم التوحيد عند أهل السنة والجماعة,https://shamela.ws/book/11740
1,العقيدة,11991,جهود الشيخ محمد الأمين الشنقيطي في تقرير عقيدة السلف,https://shamela.ws/book/11991
1,العقيدة,12039,عقيدة محمد بن عبد الوهاب السلفية وأثرها في العالم الإسلامي,https://shamela.ws/book/12039
1,العقيدة,7251,منهج الشيخ محمد رشيد رضا في العقيدة,https://shamela.ws/book/7251
1,العقيدة,30887,حقائق حول المولد النبوي,https://shamela.ws/book/30887
1,العقيدة,9758,الولاء والبراء في الإسلام,https://shamela.ws/book/9758
1,العقيدة,11195,دعوة إلى السنة في تطبيق السنة منهجا وأسلوبا,https://shamela.ws/book/11195
1,العقيدة,9848,صحيح أشراط الساعة,https://shamela.ws/book/9848
1,العقيدة,7547,الألفاظ والمصطلحات المتعلقة بتوحيد الربوبية,https://shamela.ws/book/7547
1,العقيدة,145209,الشرك في القديم والحديث,https://shamela.ws/book/145209
1,العقيدة,7590,التنبيهات المختصرة شرح الواجبات المتحتمات المعرفة,https://shamela.ws/book/7590
1,العقيدة,11167,حماية الرسول صلى الله عليه وسلم حمى التوحيد,https://shamela.ws/book/11167
1,العقيدة,11189,دعوة الإمام محمد بن عبد الوهاب سلفية لا وهابية,https://shamela.ws/book/11189
1,العقيدة,11282,عقيدة التوحيد في القرآن الكريم,https://shamela.ws/book/11282
1,العقيدة,11284,فوائد من شرح كتاب التوحيد,https://shamela.ws/book/11284
1,العقيدة,10547,المذاهب الفكرية المعاصرة ودورها في المجتمعات وموقف المسلم منها,https://shamela.ws/book/10547
1,العقيدة,37528,عودة الصفويين,https://shamela.ws/book/37528
1,العقيدة,10903,الوحي والإنسان - قراءة معرفية,https://shamela.ws/book/10903
1,العقيدة,132394,جهد المحتفي في أمر العالم المختفي,https://shamela.ws/book/132394
1,العقيدة,22823,البدع وأثرها في انحراف التصور الإسلامي,https://shamela.ws/book/22823
1,العقيدة,23080,مفهوم الأسماء والصفات,https://shamela.ws/book/23080
1,العقيدة,122091,العقيدة السلفية فى كلام رب البرية وكشف أباطيل المبتدعة الردية,https://shamela.ws/book/122091
1,العقيدة,1136,أثر الشك والوسواس في وجود الله عز وجل على عقيدة المسلم,https://shamela.ws/book/1136
1,العقيدة,9299,النظم المفيد الحاوى عقيدة التوحيد للطحاوى,https://shamela.ws/book/9299
1,العقيدة,12169,أثر الملل والنحل القديمة في بعض الفرق المنتسبة إلى الإسلام,https://shamela.ws/book/12169
1,العقيدة,8672,المفيد في مهمات التوحيد,https://shamela.ws/book/8672
1,العقيدة,23120,التلمود تاريخه وتعاليمه,https://shamela.ws/book/23120
1,العقيدة,22862,النبوة والأنبياء في اليهودية والمسيحية والإسلام,https://shamela.ws/book/22862
1,العقيدة,2424,سد الذرائع في مسائل العقيدة,https://shamela.ws/book/2424
1,العقيدة,10320,التوسل في كتاب الله عز وجل,https://shamela.ws/book/10320
1,العقيدة,3542,شروط لا إله إلا الله,https://shamela.ws/book/3542
1,العقيدة,10046,تحذير أهل الأيمان عن الحكم بغير ما أنزل الرحمن,https://shamela.ws/book/10046
1,العقيدة,9046,بحث عقدي في لفظ السيد,https://shamela.ws/book/9046
1,العقيدة,1205,القواعد الكلية في باب القدر,https://shamela.ws/book/1205
1,العقيدة,8615,الفكرة السنية والحاجة إليها,https://shamela.ws/book/8615
1,العقيدة,11193,اضطراب الناس في مسألة الكلام مع بيان الحق الذي تدل عليه الأدلة وتشهد به الفطر السليمة,https://shamela.ws/book/11193
1,العقيدة,8788,البدع وآثارها السيئة,https://shamela.ws/book/8788
1,العقيدة,36423,الفاضح لمذهب الشيعة الإمامية,https://shamela.ws/book/36423
1,العقيدة,36154,أمنا عائشة,https://shamela.ws/book/36154
1,العقيدة,36168,الشيعة هم العدو فاحذرهم,https://shamela.ws/book/36168
1,العقيدة,36153,المولد النبوي هل نحتفل,https://shamela.ws/book/36153
1,العقيدة,36155,تهذيب اقتضاء الصراط المستقيم,https://shamela.ws/book/36155
1,العقيدة,36173,جهود علماء الأزهر في بيان حقيقة دين الشيعة = الشيعة الوجه الآخر شقاق لا وفاق,https://shamela.ws/book/36173
1,العقيدة,36158,رأس السنة هل نحتفل,https://shamela.ws/book/36158
1,العقيدة,36160,شم النسيم هل نحتفل,https://shamela.ws/book/36160
1,العقيدة,36162,عرفوا الحق فتركوا الباطل,https://shamela.ws/book/36162
1,العقيدة,36163,عيد الأم هل نحتفل,https://shamela.ws/book/36163
1,العقيدة,36165,كشف شبهات الصوفية,https://shamela.ws/book/36165
1,العقيدة,36166,معاوية بن أبي سفيان أمير المؤمنين وكاتب وحي النبي الأمين صلى الله عليه وسلم - كشف شبهات ورد مفتريات,https://shamela.ws/book/36166
1,العقيدة,1251,بغية المستفيد في شرح كتاب التوحيد,https://shamela.ws/book/1251
1,العقيدة,1252,تقريب الوصول إلى ثلاثة الأصول,https://shamela.ws/book/1252
1,العقيدة,36988,فتح المجيد شرح كتاب التوحيد - حطيبة,https://shamela.ws/book/36988
1,العقيدة,37603,أصول أهل السنة والجماعة,https://shamela.ws/book/37603
1,العقيدة,37437,شرح أصول اعتقاد أهل السنة للالكائي - حسن أبو الأشبال,https://shamela.ws/book/37437
1,العقيدة,37436,شرح كتاب الإبانة من أصول الديانة,https://shamela.ws/book/37436
1,العقيدة,36996,الفرقان بين أولياء الرحمن وأولياء الشيطان,https://shamela.ws/book/36996
1,العقيدة,37343,الكلمات الحسان في بيان علو الرحمن,https://shamela.ws/book/37343
1,العقيدة,1274,إحياء الآثار دراسة عقدية,https://shamela.ws/book/1274
1,العقيدة,37776,شرح الحموية - يوسف الغفيص,https://shamela.ws/book/37776
1,العقيدة,37777,شرح العقيدة الطحاوية - يوسف الغفيص,https://shamela.ws/book/37777
1,العقيدة,37782,شرح القواعد السبع من التدمرية,https://shamela.ws/book/37782
1,العقيدة,37783,شرح الواسطية - يوسف الغفيص,https://shamela.ws/book/37783
1,العقيدة,37779,شرح الوصية الكبرى,https://shamela.ws/book/37779
1,العقيدة,37784,شرح حديث الافتراق,https://shamela.ws/book/37784
1,العقيدة,37780,شرح كتاب الإيمان - يوسف الغفيص,https://shamela.ws/book/37780
1,العقيدة,37781,شرح لمعة الاعتقاد - يوسف الغفيص,https://shamela.ws/book/37781
1,العقيدة,37804,أصول العقيدة - عبد الرحيم السلمي,https://shamela.ws/book/37804
1,العقيدة,37806,الفقه العقدي للنوازل,https://shamela.ws/book/37806
1,العقيدة,37800,تأصيل علم العقيدة - عبد الرحيم السلمي,https://shamela.ws/book/37800
1,العقيدة,37795,دراسة موضوعية للحائية ولمعة الاعتقاد والواسطية,https://shamela.ws/book/37795
1,العقيدة,37798,شرح الحموية - عبد الرحيم السلمي,https://shamela.ws/book/37798
1,العقيدة,37799,شرح العقيدة الطحاوية - عبد الرحيم السلمي,https://shamela.ws/book/37799
1,العقيدة,37802,شرح العقيدة الواسطية - عبد الرحيم السلمي,https://shamela.ws/book/37802
1,العقيدة,37805,شرح القصيدة اللامية لابن تيمية - عبد الرحيم السلمي,https://shamela.ws/book/37805
1,العقيدة,37796,شرح القواعد المثلى - عبد الرحيم السلمي,https://shamela.ws/book/37796
1,العقيدة,36581,شرح رسالة العبودية لابن تيمية - عبد الرحيم السلمي,https://shamela.ws/book/36581
1,العقيدة,37803,شرح كتاب التوحيد - عبد الرحيم السلمي,https://shamela.ws/book/37803
1,العقيدة,37435,شرح أصول اعتقاد أهل السنة للالكائي - محمد حسن عبد الغفار,https://shamela.ws/book/37435
1,العقيدة,37666,شرح الدر النضيد في إخلاص كلمة التوحيد,https://shamela.ws/book/37666
1,العقيدة,37696,شرح كتاب التوحيد لابن خزيمة - محمد حسن عبد الغفار,https://shamela.ws/book/37696
1,العقيدة,37699,شرح كتاب الفرق بين عبادات أهل الإسلام والإيمان وعبادات أهل الشرك والنفاق لابن تيمية - محمد حسن عبد الغفار,https://shamela.ws/book/37699
1,العقيدة,37673,شرح لمعة الاعتقاد - محمد حسن عبد الغفار,https://shamela.ws/book/37673
1,العقيدة,37702,شرح مختصر الصارم المسلول - محمد حسن عبد الغفار,https://shamela.ws/book/37702
1,العقيدة,37674,صفات الله وآثارها فى إيمان العبد,https://shamela.ws/book/37674
1,العقيدة,37683,مسائل خالف فيها رسول الله أهل الجاهلية,https://shamela.ws/book/37683
1,العقيدة,36047,إجلاء الحقيقة في سيرة عائشة الصديقة,https://shamela.ws/book/36047
1,العقيدة,37346,الحق المبين في معرفة الملائكة المقربين,https://shamela.ws/book/37346
1,العقيدة,36615,اليقين في معرفة رب العالمين,https://shamela.ws/book/36615
1,العقيدة,95566,التكفير وضوابطه - السقار,https://shamela.ws/book/95566
1,العقيدة,543,آراء ابن عجيبة العقدية عرضا ونقدا,https://shamela.ws/book/543
1,العقيدة,96240,الإصابة في الذب عن الصحابة - رضي الله عنهم -,https://shamela.ws/book/96240
1,العقيدة,599,مختصر المختصر في بيان عقيدة أهل السنة والأثر,https://shamela.ws/book/599
1,العقيدة,96246,الولاء والبراء والعداء في الإسلام,https://shamela.ws/book/96246
1,العقيدة,96247,بسط القول والإسهاب في بيان حكم مودة المؤمن للكافر,https://shamela.ws/book/96247
1,العقيدة,96249,شفاء الضرر بفهم التوكل والقضاء والقدر,https://shamela.ws/book/96249
1,العقيدة,96272,الولاء والبراء في الإسلام - البركاتي,https://shamela.ws/book/96272
1,العقيدة,115127,الدلالات العقدية للآيات الكونية,https://shamela.ws/book/115127
1,العقيدة,70,عقيدة الإيمان بالقضاء والقدر عند السلف وأثرها على المؤمن,https://shamela.ws/book/70
1,العقيدة,51,عقيدة الإيمان باليوم الآخر وآثرها في إصلاح المجتمع,https://shamela.ws/book/51
1,العقيدة,74,مذاهب الناس في صفة المحبة لله عز وجل,https://shamela.ws/book/74
1,العقيدة,75,منهج السلف في الدفاع عن العقيدة,https://shamela.ws/book/75
1,العقيدة,117360,أهل الفترة ومن في حكمهم,https://shamela.ws/book/117360
1,العقيدة,122231,استدراك وتعقيب على الشيخ شعيب الأرنؤوط في تأويله بعض أحاديث الصفات,https://shamela.ws/book/122231
1,العقيدة,13277,التوضيح الرشيد في شرح كتاب التوحيد,https://shamela.ws/book/13277
1,العقيدة,13592,الإمام الشافعي وموقفه من الرافضة,https://shamela.ws/book/13592
1,العقيدة,147315,الآيات القرآنية الواردة في الرد على البدع المتقابلة دراسة عقدية,https://shamela.ws/book/147315
1,العقيدة,14254,منهج الشيخ عبد الرزاق عفيفي وجهوده في تقرير العقيدة والرد على المخالفين,https://shamela.ws/book/14254
1,العقيدة,17070,تعظيم الله جل جلاله «تأملات وقصائد»,https://shamela.ws/book/17070
1,العقيدة,17071,ثقة المسلم بالله تعالى في ضوء الكتاب والسنة,https://shamela.ws/book/17071
1,العقيدة,17072,حقيقة المثل الأعلى وآثاره,https://shamela.ws/book/17072
1,العقيدة,35723,الرؤى عند أهل السنة والجماعة والمخالفين,https://shamela.ws/book/35723
1,العقيدة,17053,التوحيد وأثره في حياة المسلم,https://shamela.ws/book/17053
1,العقيدة,16932,تسديد الإصابة فيما شجر بين الصحابة,https://shamela.ws/book/16932
1,العقيدة,30154,الأبدع في شرح القواعد الأربع,https://shamela.ws/book/30154
1,العقيدة,30030,الإعلام في شرح فضل الإسلام,https://shamela.ws/book/30030
1,العقيدة,30156,الإغاثة في شرح الأصول الثلاثة,https://shamela.ws/book/30156
1,العقيدة,30150,البينات في شرح كشف الشبهات,https://shamela.ws/book/30150
1,العقيدة,30151,بيت القصيد في شرح كتاب التوحيد,https://shamela.ws/book/30151
1,العقيدة,20593,منهج الإمام جمال الدين السرمري في تقرير العقيدة,https://shamela.ws/book/20593
1,العقيدة,32254,آراء محمد رشيد رضا العقائدية في أشراط الساعة الكبرى وآثارها الفكرية,https://shamela.ws/book/32254
1,العقيدة,132410,منهج دراسة الأديان بين الشيخ رحمت الله الهندي والقس فندر,https://shamela.ws/book/132410
1,العقيدة,133375,الصدف الحاوي لدرر عقيدة الإمام الطحاوي,https://shamela.ws/book/133375
1,العقيدة,142136,مسائل العقيدة في كتاب التوحيد من صحيح البخاري,https://shamela.ws/book/142136
1,العقيدة,56,التحفة الندية شرح العقيدة الواسطية - عبد الرحمن العقل,https://shamela.ws/book/56
1,العقيدة,45,بدر التمام شرح لامية شيخ الإسلام,https://shamela.ws/book/45
1,العقيدة,145172,غاية المريد شرح كتاب التوحيد,https://shamela.ws/book/145172
1,العقيدة,145171,نثر الورود شرح حائية ابن أبي داود,https://shamela.ws/book/145171
1,العقيدة,1201,الدعاء ومنزلته من العقيدة الإسلامية,https://shamela.ws/book/1201
1,العقيدة,1118,التوسل المشروع والممنوع - الجهني,https://shamela.ws/book/1118
1,العقيدة,192,الأربعون العقدية,https://shamela.ws/book/192
1,العقيدة,151178,الآثار المروية عن أئمة السلف في العقيدة من خلال كتب ابن أبي الدنيا,https://shamela.ws/book/151178
1,العقيدة,151200,آراء ابن حجر الهيتمي الاعتقادية (عرض وتقويم في ضوء عقيدة السلف),https://shamela.ws/book/151200
1,العقيدة,151201,آراء القرطبي والمازري الاعتقادية,https://shamela.ws/book/151201
1,العقيدة,118,أثر الاستشراق على المنهج العقدي بالهند,https://shamela.ws/book/118
1,العقيدة,116,ابن حزم وموقفه من الإلهيات عرض ونقد,https://shamela.ws/book/116
1,العقيدة,123,أحاديث العقيدة التي يوهم ظاهرها التعارض في الصحيحين دراسة وترجيح,https://shamela.ws/book/123
1,العقيدة,124,أحاديث العقيدة المتوهم إشكالها في الصحيحين جمعا ودراسة,https://shamela.ws/book/124
1,العقيدة,160,الحكم بغير ما أنزل الله - المحياني - ط 1437,https://shamela.ws/book/160
1,العقيدة,182,أشراط الساعة - الوابل,https://shamela.ws/book/182
1,العقيدة,233,المجموع الثمين في حكم دعاء غير رب العالمين,https://shamela.ws/book/233
1,العقيدة,227,المعنى في صفات الله تعالى معلوم والكيف مجهول,https://shamela.ws/book/227
1,العقيدة,1041,الإمامة العظمى - الريس,https://shamela.ws/book/1041
1,العقيدة,536,آراء السمعاني العقدية,https://shamela.ws/book/536
1,العقيدة,566,الإيمان باليوم الآخر وأثره على الفرد والمجتمع,https://shamela.ws/book/566
1,العقيدة,603,معجم التوحيد,https://shamela.ws/book/603
1,العقيدة,604,القواعد في توحيد العبادة,https://shamela.ws/book/604
1,العقيدة,30281,ما قاله الثقلان في أولياء الرحمن,https://shamela.ws/book/30281
1,العقيدة,585,الآثار الواردة عن السلف في العقيدة من خلال كتب المسائل المروية عن الإمام أحمد,https://shamela.ws/book/585
1,العقيدة,648,التوجيهات الصحيحة للنوازل العقدية المتعلقة بوباء كورونا,https://shamela.ws/book/648
1,العقيدة,225,الحق والثبات في الأسماء والصفات,https://shamela.ws/book/225
1,العقيدة,833,قطع العلائق للتفكر في عبودية الخلائق,https://shamela.ws/book/833
2,الفرق والردود,96338,العثمانية,https://shamela.ws/book/96338
2,الفرق والردود,37716,المختار في الرد على النصارى,https://shamela.ws/book/37716
2,الفرق والردود,37614,مقالات الإسلاميين ت ريتر,https://shamela.ws/book/37614
2,الفرق والردود,4137,مقالات الإسلاميين ت زرزور,https://shamela.ws/book/4137
2,الفرق والردود,6520,الفرق بين الفرق,https://shamela.ws/book/6520
2,الفرق والردود,6521,الفصل في الملل والأهواء والنحل,https://shamela.ws/book/6521
2,الفرق والردود,38186,كشف أسرار الباطنية وأخبار القرامطة,https://shamela.ws/book/38186
2,الفرق والردود,7361,الانتصار في الرد على المعتزلة القدرية الأشرار,https://shamela.ws/book/7361
2,الفرق والردود,6549,تبيين كذب المفتري فيما نسب إلى الأشعري,https://shamela.ws/book/6549
2,الفرق والردود,6517,الإعلام بما في دين النصارى من الفساد والأوهام,https://shamela.ws/book/6517
2,الفرق والردود,18328,الاستغاثة في الرد على البكري,https://shamela.ws/book/18328
2,الفرق والردود,303,الانتصار لأهل الأثر المطبوع باسم «نقض المنطق»,https://shamela.ws/book/303
2,الفرق والردود,17581,التسعينية,https://shamela.ws/book/17581
2,الفرق والردود,1463,الرد على الشاذلي في حزبيه وما صنفه في آداب الطريق,https://shamela.ws/book/1463
2,الفرق والردود,8596,النصيرية طغاة سورية أو العلويون كما سماهم الفرنسيون,https://shamela.ws/book/8596
2,الفرق والردود,18645,تنبيه الرجل العاقل على تمويه الجدل الباطل,https://shamela.ws/book/18645
2,الفرق والردود,291,جواب الاعتراضات المصرية على الفتيا الحموية,https://shamela.ws/book/291
2,الفرق والردود,36626,المورد في عمل المولد,https://shamela.ws/book/36626
2,الفرق والردود,97,الموفي بمعرفة التصوف والصوفي,https://shamela.ws/book/97
2,الفرق والردود,37541,الحسام الممدود في الرد على اليهود,https://shamela.ws/book/37541
2,الفرق والردود,21714,اجتماع الجيوش الإسلامية - ت المعتق,https://shamela.ws/book/21714
2,الفرق والردود,18632,اجتماع الجيوش الإسلامية - ط عطاءات العلم,https://shamela.ws/book/18632
2,الفرق والردود,7345,الصواعق المرسلة على الجهمية والمعطلة - ط العاصمة,https://shamela.ws/book/7345
2,الفرق والردود,184,الصواعق المرسلة على الجهمية والمعطلة - ط عطاءات العلم,https://shamela.ws/book/184
2,الفرق والردود,22707,هداية الحيارى في أجوبة اليهود والنصارى - ط دار القلم,https://shamela.ws/book/22707
2,الفرق والردود,5705,هداية الحيارى في أجوبة اليهود والنصارى - ط عطاءات العلم,https://shamela.ws/book/5705
2,الفرق والردود,6555,مرهم العلل المعضلة في الرد على أئمة المعتزلة,https://shamela.ws/book/6555
2,الفرق والردود,8363,مختصر الصواعق المرسلة على الجهمية والمعطلة,https://shamela.ws/book/8363
2,الفرق والردود,6248,الاتباع لابن أبي العز,https://shamela.ws/book/6248
2,الفرق والردود,37554,الرد على الرافضة أو القضاب المشتهر على رقاب ابن المطهر,https://shamela.ws/book/37554
2,الفرق والردود,17740,مختصر تنزيه المسجد الحرام عن بدع الجهلة العوام,https://shamela.ws/book/17740
2,الفرق والردود,151020,جهد القريحة في تجريد النصيحة,https://shamela.ws/book/151020
2,الفرق والردود,151019,صون المنطق والكلام عن فني المنطق والكلام,https://shamela.ws/book/151019
2,الفرق والردود,6541,الرد على القائلين بوحدة الوجود,https://shamela.ws/book/6541
2,الفرق والردود,37559,شم العوارض في ذم الروافض,https://shamela.ws/book/37559
2,الفرق والردود,6454,أقاويل الثقات في تأويل الأسماء والصفات والآيات المحكمات والمشتبهات,https://shamela.ws/book/6454
2,الفرق والردود,36475,رسالة رد الروافض,https://shamela.ws/book/36475
2,الفرق والردود,37757,مؤتمر النجف = الحجج القطعية لاتفاق الفرق الإسلامية,https://shamela.ws/book/37757
2,الفرق والردود,11217,رسالة في الرد على الرافضة (مطبوع ضمن مؤلفات الشيخ محمد بن عبد الوهاب، الجزء الثاني عشر),https://shamela.ws/book/11217
2,الفرق والردود,10895,منحة القريب المجيب في الرد على عباد الصليب,https://shamela.ws/book/10895
2,الفرق والردود,17744,ردع الإخوان عن محدثات آخر جمعة رمضان,https://shamela.ws/book/17744
2,الفرق والردود,36527,كيفية المناظرة مع الشيعة والرد عليهم,https://shamela.ws/book/36527
2,الفرق والردود,96337,السيوف المشرقة ومختصر الصواقع المحرقة,https://shamela.ws/book/96337
2,الفرق والردود,7663,الصواعق المرسلة الشهابية على الشبه الداحضة الشامية,https://shamela.ws/book/7663
2,الفرق والردود,145434,البراهين المعتبرة في هدم قواعد المبتدعة,https://shamela.ws/book/145434
2,الفرق والردود,339,الأنوار الكاشفة لما في كتاب «أضواء على السنة» - ضمن «آثار المعلمي»,https://shamela.ws/book/339
2,الفرق والردود,337,التنكيل بما في تأنيب الكوثري من الأباطيل - ضمن «آثار المعلمي»,https://shamela.ws/book/337
2,الفرق والردود,364,الرد على حسن الضالعي - ضمن «آثار المعلمي»,https://shamela.ws/book/364
2,الفرق والردود,407,تنزيه الإمام الشافعي عن مطاعن الكوثري - ضمن «آثار المعلمي»,https://shamela.ws/book/407
2,الفرق والردود,336,طليعة التنكيل وتعزيز الطليعة وشكر الترحيب - ضمن «آثار المعلمي»,https://shamela.ws/book/336
2,الفرق والردود,366,ما وقع لبعض المسلمين من الرياضة الصوفية والغلو فيها - ضمن «آثار المعلمي»,https://shamela.ws/book/366
2,الفرق والردود,37824,الخطوط العريضة للأسس التي قام عليها دين الشيعة الإمامية الاثني عشرية,https://shamela.ws/book/37824
2,الفرق والردود,302,حول شبهة الرقيق - ضمن «محاضرات الشنقيطي»,https://shamela.ws/book/302
2,الفرق والردود,7608,الحركة الوهابية (رد على مقال لمحمد البهى في نقد الوهابية),https://shamela.ws/book/7608
2,الفرق والردود,37553,الرد على الدكتور عبد الواحد وافي في كتابه بين الشيعة وأهل السنة,https://shamela.ws/book/37553
2,الفرق والردود,17405,إثبات علو الله ومباينته لخلقه والرد على من زعم أن معية الله للخلق ذاتية,https://shamela.ws/book/17405
2,الفرق والردود,17393,إعلان النكير على المفتونين بالتصوير,https://shamela.ws/book/17393
2,الفرق والردود,17394,إقامة البرهان في الرد على من أنكر خروج المهدي والدجال ونزول المسيح في آخر الزمان,https://shamela.ws/book/17394
2,الفرق والردود,17328,إنكار التكبير الجماعي وغيره,https://shamela.ws/book/17328
2,الفرق والردود,17330,إيضاح المحجة في الرد على صاحب طنجة,https://shamela.ws/book/17330
2,الفرق والردود,17333,الإجابة الجلية على الأسئلة الكويتية,https://shamela.ws/book/17333
2,الفرق والردود,17325,الإيضاح والتبيين لما وقع فيه الأكثرون من مشابهة المشركين,https://shamela.ws/book/17325
2,الفرق والردود,17054,الرد القوي على الرفاعي والمجهول وابن علوي وبيان أخطائهم في المولد النبوي,https://shamela.ws/book/17054
2,الفرق والردود,17337,الرد القويم على المجرم الأثيم,https://shamela.ws/book/17337
2,الفرق والردود,17326,الرد على الكاتب المفتون,https://shamela.ws/book/17326
2,الفرق والردود,17395,الرد على من أجاز تهذيب اللحية,https://shamela.ws/book/17395
2,الفرق والردود,17401,السراج الوهاج لمحو أباطيل الشلبي عن الإسراء والمعراج,https://shamela.ws/book/17401
2,الفرق والردود,35155,الصارم البتار للإجهاز على من خالف الكتاب والسنة والإجماع والآثار,https://shamela.ws/book/35155
2,الفرق والردود,13607,الصواعق الشديدة على اتباع الهيئة الجديدة,https://shamela.ws/book/13607
2,الفرق والردود,17331,تبرئة الخليفة العادل والرد على المجادل بالباطل,https://shamela.ws/book/17331
2,الفرق والردود,17332,تغليظ الملام على المتسرعين إلى الفتيا وتغيير الأحكام,https://shamela.ws/book/17332
2,الفرق والردود,17324,تنبيه الإخوان على الأخطاء في مسألة خلق القرآن,https://shamela.ws/book/17324
2,الفرق والردود,17402,تنبيهات على رسالتين للشيخ أبي بكر الجزائري,https://shamela.ws/book/17402
2,الفرق والردود,17334,دلائل الأثر على تحريم التمثيل بالشعر,https://shamela.ws/book/17334
2,الفرق والردود,17027,ذيل الصواعق لمحو الأباطيل والمخارق,https://shamela.ws/book/17027
2,الفرق والردود,17329,عقيدة أهل الإيمان في خلق آدم على صورة الرحمن,https://shamela.ws/book/17329
2,الفرق والردود,14471,فتح المعبود في الرد على ابن محمود,https://shamela.ws/book/14471
2,الفرق والردود,151039,الرد على التعقيب الحثيث للشيخ عبد الله الحبشي,https://shamela.ws/book/151039
2,الفرق والردود,150846,النصيحة بالتحذير من تخريب «ابن عبد المنان» لكتب الأئمة الرجيحة وتضعيفه لمئات الأحاديث الصحيحة,https://shamela.ws/book/150846
2,الفرق والردود,133365,كشف النقاب عما في «كلمات» أبي غدة من الأباطيل والافتراءات,https://shamela.ws/book/133365
2,الفرق والردود,96926,الإلحاد الخميني في أرض الحرمين,https://shamela.ws/book/96926
2,الفرق والردود,96785,ردود أهل العلم على الطاعنين في حديث السحر,https://shamela.ws/book/96785
2,الفرق والردود,10896,نقض كلام المفترين على الحنابلة السلفيين,https://shamela.ws/book/10896
2,الفرق والردود,12569,التأويل خطورته وآثاره,https://shamela.ws/book/12569
2,الفرق والردود,122258,"جهود علماء المسلمين في نقد الكتاب المقدس من القرن الثامن الهجري إلى العصر الحاضر ""عرض ونقد""",https://shamela.ws/book/122258
2,الفرق والردود,96159,الشناعة على من رد أحاديث الشفاعة,https://shamela.ws/book/96159
2,الفرق والردود,1247,الرد الأمين,https://shamela.ws/book/1247
2,الفرق والردود,96612,العلمانية - نشأتها وتطورها,https://shamela.ws/book/96612
2,الفرق والردود,4673,منهج الأشاعرة في العقيدة - الكبير,https://shamela.ws/book/4673
2,الفرق والردود,13576,منهج الأشاعرة في العقيدة - تعقيب على مقالات الصابوني,https://shamela.ws/book/13576
2,الفرق والردود,7553,الانتصار لأهل السنة والحديث في رد أباطيل حسن المالكي,https://shamela.ws/book/7553
2,الفرق والردود,1784,الانتصار للصحابة الأخيار في رد أباطيل حسن المالكي,https://shamela.ws/book/1784
2,الفرق والردود,7624,الرد على الرفاعي والبوطي في كذبهما على أهل السنة ودعوتهما إلى البدع والضلال,https://shamela.ws/book/7624
2,الفرق والردود,22951,الرد على من كذب بالأحاديث الصحيحة الواردة في المهدي,https://shamela.ws/book/22951
2,الفرق والردود,9582,الموسوعة الميسرة في الأديان والمذاهب والأحزاب المعاصرة,https://shamela.ws/book/9582
2,الفرق والردود,22397,مناظرة بين الإسلام والنصرانية,https://shamela.ws/book/22397
2,الفرق والردود,32150,موسوعة الفرق المنتسبة للإسلام,https://shamela.ws/book/32150
2,الفرق والردود,38726,موسوعة المذاهب الفكرية المعاصرة,https://shamela.ws/book/38726
2,الفرق والردود,38219,موسوعة الملل والأديان,https://shamela.ws/book/38219
2,الفرق والردود,37631,مختصر اليمانيات المسلولة على الرافضة المخذولة,https://shamela.ws/book/37631
2,الفرق والردود,8527,القول السديد في الرد على من أنكر تقسيم التوحيد,https://shamela.ws/book/8527
2,الفرق والردود,96616,أصول بلا أصول,https://shamela.ws/book/96616
2,الفرق والردود,44,الانحراف العقدي في أدب الحداثة وفكرها,https://shamela.ws/book/44
2,الفرق والردود,21551,الانتصار للصحب والآل من افتراءات السماوي الضال,https://shamela.ws/book/21551
2,الفرق والردود,1258,الرد السديد على مطاعن حسن المالكي على أئمة الدعوة ومقررات التوحيد,https://shamela.ws/book/1258
2,الفرق والردود,7334,وسطية أهل السنة بين الفرق,https://shamela.ws/book/7334
2,الفرق والردود,9854,حقيقة الشيعة «حتى لا ننخدع»,https://shamela.ws/book/9854
2,الفرق والردود,9336,فرق معاصرة تنتسب إلى الإسلام وبيان موقف الإسلام منها,https://shamela.ws/book/9336
2,الفرق والردود,1357,حدود حرية الفكر في الشريعة الإسلامية,https://shamela.ws/book/1357
2,الفرق والردود,3823,موجز تاريخ اليهود والرد على بعض مزاعمهم الباطلة,https://shamela.ws/book/3823
2,الفرق والردود,1507,مع الاثنى عشرية في الأصول والفروع,https://shamela.ws/book/1507
2,الفرق والردود,36181,الرد على اللمع,https://shamela.ws/book/36181
2,الفرق والردود,96722,السلفيون وحوار هادئ مع الدكتور علي جمعة,https://shamela.ws/book/96722
2,الفرق والردود,96720,حملة الأوغاد على خير العباد,https://shamela.ws/book/96720
2,الفرق والردود,23087,موقف الخميني من الشيعة والتشيع,https://shamela.ws/book/23087
2,الفرق والردود,1075,اتجاهات فكرية معاصرة - جامعة المدينة,https://shamela.ws/book/1075
2,الفرق والردود,30912,الأديان الوضعية - جامعة المدينة,https://shamela.ws/book/30912
2,الفرق والردود,31083,الأديان والمذاهب - جامعة المدينة,https://shamela.ws/book/31083
2,الفرق والردود,95570,الله جل جلاله واحد أم ثلاثة,https://shamela.ws/book/95570
2,الفرق والردود,38188,هل افتدانا المسيح على الصليب,https://shamela.ws/book/38188
2,الفرق والردود,38189,هل العهد الجديد كلمة الله,https://shamela.ws/book/38189
2,الفرق والردود,38190,هل العهد القديم كلمة الله,https://shamela.ws/book/38190
2,الفرق والردود,38191,هل بشر الكتاب المقدس بمحمد صلى الله عليه وسلم,https://shamela.ws/book/38191
2,الفرق والردود,95583,افتراءات إنجيل متى,https://shamela.ws/book/95583
2,الفرق والردود,38182,تأملات فى الأناجيل والعقيدة,https://shamela.ws/book/38182
2,الفرق والردود,96264,الإباضية في ميزان أهل السنة,https://shamela.ws/book/96264
2,الفرق والردود,14616,الأشاعرة في ميزان أهل السنة,https://shamela.ws/book/14616
2,الفرق والردود,96917,لعنة جماعة الأمة القبطية,https://shamela.ws/book/96917
2,الفرق والردود,96931,العلمانية المفهوم والمظاهر والأسباب,https://shamela.ws/book/96931
2,الفرق والردود,96924,العلمانية والمذهب المالكي,https://shamela.ws/book/96924
2,الفرق والردود,96927,العلمانيون العرب وموقفهم من الإسلام,https://shamela.ws/book/96927
2,الفرق والردود,96922,علماء المغرب ومقاومتهم للبدع والتصوف والقبورية والمواسم,https://shamela.ws/book/96922
2,الفرق والردود,64,الماتريدية,https://shamela.ws/book/64
2,الفرق والردود,68,حجج الأشاعرة العامة على ما نفوه من الصفات والعلو والجواب عن أدلتهم العقلية,https://shamela.ws/book/68
2,الفرق والردود,69,دراسة علم الأديان - أهميتها ومناهج الباحثين فيها -,https://shamela.ws/book/69
2,الفرق والردود,76,موقف المستشرقين من المعتزلة,https://shamela.ws/book/76
2,الفرق والردود,13594,الإمام مالك وموقفه من الرافضة,https://shamela.ws/book/13594
2,الفرق والردود,14284,ثم أبصرت الحقيقة,https://shamela.ws/book/14284
2,الفرق والردود,16676,معجم البدع,https://shamela.ws/book/16676
2,الفرق والردود,163,هدم المنارة لمن صحح أحاديث التوسل والزيارة,https://shamela.ws/book/163
2,الفرق والردود,32184,القرآنيون، نشأهم - عقائدهم - أدلتهم,https://shamela.ws/book/32184
2,الفرق والردود,147091,الردود المفحمة على منكري السنة المطهرة,https://shamela.ws/book/147091
2,الفرق والردود,151182,الصراط في رأي الكيالي والصراط في المنظور القرآني والنبوي,https://shamela.ws/book/151182
2,الفرق والردود,30631,الزبد المليح من كتاب الجواب الصحيح لمن بدل دين المسيح,https://shamela.ws/book/30631
2,الفرق والردود,98,جامع الورع وقامع البدع,https://shamela.ws/book/98
2,الفرق والردود,169,مع المشككين في السنة,https://shamela.ws/book/169
2,الفرق والردود,246,مذهب جمهور الأشاعرة في القرآن,https://shamela.ws/book/246
2,الفرق والردود,224,المعارضات الفكرية المعاصرة لأحاديث الصحيحين,https://shamela.ws/book/224
2,الفرق والردود,1048,الحق الأبلج في دحض شبهات مفهوم البدعة للعرفج,https://shamela.ws/book/1048
2,الفرق والردود,275,دفع دعوى المعارض العقلي عن الأحاديث المتعلقة بمسائل الاعتقاد,https://shamela.ws/book/275
2,الفرق والردود,946,التقية أساس دين الشيعة الإمامية,https://shamela.ws/book/946
3,التفسير,12810,تفسير مجاهد,https://shamela.ws/book/12810
3,التفسير,23614,تفسير مقاتل بن سليمان,https://shamela.ws/book/23614
3,التفسير,2229,تفسير سفيان الثوري,https://shamela.ws/book/2229
3,التفسير,37361,تفسير القرآن من الجامع لابن وهب,https://shamela.ws/book/37361
3,التفسير,12851,تفسير يحيى بن سلام,https://shamela.ws/book/12851
3,التفسير,9182,تفسير الإمام الشافعي,https://shamela.ws/book/9182
3,التفسير,14261,كتاب فيه لغات القرآن,https://shamela.ws/book/14261
3,التفسير,21791,تفسير عبد الرزاق,https://shamela.ws/book/21791
3,التفسير,22371,معانى القرآن للأخفش,https://shamela.ws/book/22371
3,التفسير,20869,الجامع لعلوم الإمام أحمد - التفسير وعلوم القرآن,https://shamela.ws/book/20869
3,التفسير,23600,تفسير التستري - ط العلمية,https://shamela.ws/book/23600
3,التفسير,26470,جزء فيه تفسير القرآن برواية أبي جعفر الترمذي,https://shamela.ws/book/26470
3,التفسير,30609,تفسير إسحاق البستي,https://shamela.ws/book/30609
3,التفسير,7798,تفسير الطبري جامع البيان - ت التركي,https://shamela.ws/book/7798
3,التفسير,43,تفسير الطبري جامع البيان - ط دار التربية والتراث,https://shamela.ws/book/43
3,التفسير,922,معاني القرآن وإعرابه للزجاج,https://shamela.ws/book/922
3,التفسير,22549,تفسير ابن المنذر,https://shamela.ws/book/22549
3,التفسير,8658,تفسير ابن أبي حاتم,https://shamela.ws/book/8658
3,التفسير,95590,تفسير الماتريدي = تأويلات أهل السنة,https://shamela.ws/book/95590
3,التفسير,23594,تفسير السمرقندي = بحر العلوم,https://shamela.ws/book/23594
3,التفسير,2154,تفسير القرآن العزيز لابن أبي زمنين,https://shamela.ws/book/2154
3,التفسير,10523,تفسير ابن فورك,https://shamela.ws/book/10523
3,التفسير,30272,جزء عم من التفسير المسند لابن مردويه,https://shamela.ws/book/30272
3,التفسير,23578,تفسير الثعلبي = الكشف والبيان عن تفسير القرآن,https://shamela.ws/book/23578
3,التفسير,18686,تفسير الثعلبي = الكشف والبيان عن تفسير القرآن ط دار التفسير,https://shamela.ws/book/18686
3,التفسير,14114,البرهان في علوم القرآن للإمام الحوفي - سورة يوسف,https://shamela.ws/book/14114
3,التفسير,22593,الهداية الى بلوغ النهاية,https://shamela.ws/book/22593
3,التفسير,8346,تفسير الماوردي = النكت والعيون,https://shamela.ws/book/8346
3,التفسير,23629,لطائف الإشارات = تفسير القشيري,https://shamela.ws/book/23629
3,التفسير,13231,التفسير البسيط,https://shamela.ws/book/13231
3,التفسير,21821,التفسير الوسيط للواحدي,https://shamela.ws/book/21821
3,التفسير,2547,الوجيز للواحدي,https://shamela.ws/book/2547
3,التفسير,122173,درج الدرر في تفسير الآي والسور ط الحكمة,https://shamela.ws/book/122173
3,التفسير,122187,درج الدرر في تفسير الآي والسور ط الفكر,https://shamela.ws/book/122187
3,التفسير,8320,تفسير السمعاني,https://shamela.ws/book/8320
3,التفسير,9231,تفسير الراغب الأصفهاني,https://shamela.ws/book/9231
3,التفسير,12820,غرائب التفسير وعجائب التأويل,https://shamela.ws/book/12820
3,التفسير,12217,تفسير البغوي - إحياء التراث,https://shamela.ws/book/12217
3,التفسير,41,تفسير البغوي - طيبة,https://shamela.ws/book/41
3,التفسير,36,لباب التفاسير للكرماني (ناقص),https://shamela.ws/book/36
3,التفسير,2063,التيسير في التفسير - أبو حفص النسفي,https://shamela.ws/book/2063
3,التفسير,23627,تفسير الكشاف - ومعه الانتصاف ومشاهد الإنصاف والكافي الشاف,https://shamela.ws/book/23627
3,التفسير,23632,تفسير ابن عطية = المحرر الوجيز في تفسير الكتاب العزيز,https://shamela.ws/book/23632
3,التفسير,23593,إيجاز البيان عن معاني القرآن,https://shamela.ws/book/23593
3,التفسير,37538,باهر البرهان فى معانى مشكلات القرآن,https://shamela.ws/book/37538
3,التفسير,10450,تذكرة الأريب في تفسير الغريب,https://shamela.ws/book/10450
3,التفسير,23619,زاد المسير في علم التفسير,https://shamela.ws/book/23619
3,التفسير,23635,تفسير الرازي = مفاتيح الغيب أو التفسير الكبير,https://shamela.ws/book/23635
3,التفسير,30623,الأمالي الشارحة لمفردات الفاتحة,https://shamela.ws/book/30623
3,التفسير,30518,مباحث التفسير لابن المظفر الرازي,https://shamela.ws/book/30518
3,التفسير,26539,تراث أبي الحسن الحرالي المراكشي,https://shamela.ws/book/26539
3,التفسير,533,تفسير القرآن العظيم - السخاوي,https://shamela.ws/book/533
3,التفسير,5638,تفسير العز بن عبد السلام,https://shamela.ws/book/5638
3,التفسير,20855,تفسير القرطبي = الجامع لأحكام القرآن,https://shamela.ws/book/20855
3,التفسير,23588,تفسير البيضاوي = أنوار التنزيل وأسرار التأويل,https://shamela.ws/book/23588
3,التفسير,10091,تفسير الكتاب العزيز وإعرابه,https://shamela.ws/book/10091
3,التفسير,1419,ملاك التأويل القاطع بذوي الإلحاد والتعطيل,https://shamela.ws/book/1419
3,التفسير,1394,تفسير النسفي = مدارك التنزيل وحقائق التأويل,https://shamela.ws/book/1394
3,التفسير,13550,الإشارات الإلهية إلي المباحث الأصولية,https://shamela.ws/book/13550
3,التفسير,300,البستان في إعراب مشكلات القرآن,https://shamela.ws/book/300
3,التفسير,5487,دقائق التفسير,https://shamela.ws/book/5487
3,التفسير,23628,تفسير الخازن لباب التأويل في معاني التنزيل,https://shamela.ws/book/23628
3,التفسير,23626,تفسير ابن جزي التسهيل لعلوم التنزيل - ط الأرقم,https://shamela.ws/book/23626
3,التفسير,30186,تفسير ابن جزي التسهيل لعلوم التنزيل - ط طيبة الخضراء,https://shamela.ws/book/30186
3,التفسير,20891,فتوح الغيب في الكشف عن قناع الريب (حاشية الطيبي على الكشاف),https://shamela.ws/book/20891
3,التفسير,23591,البحر المحيط في التفسير - ط الفكر,https://shamela.ws/book/23591
3,التفسير,23606,التفسير القيم = تفسير القرآن الكريم لابن القيم,https://shamela.ws/book/23606
3,التفسير,9057,الدر المصون في علوم الكتاب المكنون,https://shamela.ws/book/9057
3,التفسير,17829,عمدة الحفاظ في تفسير أشرف الألفاظ,https://shamela.ws/book/17829
3,التفسير,8473,تفسير ابن كثير - ت السلامة,https://shamela.ws/book/8473
3,التفسير,1509,تفسير ابن كثير - ط أولاد الشيخ,https://shamela.ws/book/1509
3,التفسير,1503,تفسير ابن كثير - ط ابن الجوزي,https://shamela.ws/book/1503
3,التفسير,23604,تفسير ابن كثير - ط العلمية,https://shamela.ws/book/23604
3,التفسير,9108,اللباب في علوم الكتاب,https://shamela.ws/book/9108
3,التفسير,1426,تفسير ابن أبي العز جمعا ودراسة,https://shamela.ws/book/1426
3,التفسير,151138,الكلام على قوله تعالى {إنما يخشى الله من عباده العلماء},https://shamela.ws/book/151138
3,التفسير,10463,تفسير ابن رجب الحنبلي,https://shamela.ws/book/10463
3,التفسير,151129,تفسير سورة الإخلاص,https://shamela.ws/book/151129
3,التفسير,29574,تفسير سورة الفاتحة لابن رجب,https://shamela.ws/book/29574
3,التفسير,151128,تفسير سورة النصر,https://shamela.ws/book/151128
3,التفسير,419,تفسير الحداد المطبوع خطأ باسم التفسير الكبير للطبراني,https://shamela.ws/book/419
3,التفسير,67,تفسير ابن عرفة,https://shamela.ws/book/67
3,التفسير,96753,تفسير ابن عرفة النسخة الكاملة,https://shamela.ws/book/96753
3,التفسير,12877,تنوير المقباس من تفسير ابن عباس,https://shamela.ws/book/12877
3,التفسير,95565,التقييد الكبير للبسيلي,https://shamela.ws/book/95565
3,التفسير,1731,نكت وتنبيهات في تفسير القرآن المجيد,https://shamela.ws/book/1731
3,التفسير,23613,تفسير النيسابوري = غرائب القرآن ورغائب الفرقان,https://shamela.ws/book/23613
3,التفسير,12876,تفسير الجلالين,https://shamela.ws/book/12876
3,التفسير,23618,تفسير الثعالبي = الجواهر الحسان في تفسير القرآن,https://shamela.ws/book/23618
3,التفسير,9098,نظم الدرر في تناسب الآيات والسور,https://shamela.ws/book/9098
3,التفسير,95562,غاية الأماني في تفسير الكلام الرباني,https://shamela.ws/book/95562
3,التفسير,29743,تفسير الإيجي جامع البيان في تفسير القرآن,https://shamela.ws/book/29743
3,التفسير,12884,الدر المنثور في التفسير بالمأثور,https://shamela.ws/book/12884
3,التفسير,29882,نواهد الأبكار وشوارد الأفكار = حاشية السيوطي على تفسير البيضاوي,https://shamela.ws/book/29882
3,التفسير,23624,الفواتح الإلهية والمفاتح الغيبية,https://shamela.ws/book/23624
3,التفسير,14404,فتح الرحمن في تفسير القرآن,https://shamela.ws/book/14404
3,التفسير,9798,تفسير ابن كمال باشا,https://shamela.ws/book/9798
3,التفسير,1466,السراج المنير في الإعانة على معرفة بعض معاني كلام ربنا الحكيم الخبير,https://shamela.ws/book/1466
3,التفسير,1429,تفسير أبي السعود = إرشاد العقل السليم إلى مزايا الكتاب الكريم,https://shamela.ws/book/1429
3,التفسير,96271,إتحاف ذوي الألباب في قوله تعالى {يمحو الله ما يشاء ويثبت وعنده أم الكتاب},https://shamela.ws/book/96271
3,التفسير,36076,الكلمات البينات في قوله تعالى: {وبشر الذين آمنوا وعملوا الصالحات أن لهم جنات},https://shamela.ws/book/36076
3,التفسير,1535,حاشية الشهاب على تفسير البيضاوي = عناية القاضي وكفاية الراضي,https://shamela.ws/book/1535
3,التفسير,23612,روح البيان,https://shamela.ws/book/23612
3,التفسير,11099,تفسير آيات من القرآن الكريم (مطبوع ضمن مؤلفات الشيخ محمد بن عبد الوهاب، الجزء الخامس),https://shamela.ws/book/11099
3,التفسير,11383,مختصر تفسير سورة الأنفال (مطبوع ضمن مؤلفات الشيخ محمد بن عبد الوهاب، الجزء الثاني عشر),https://shamela.ws/book/11383
3,التفسير,10273,البحر المديد في تفسير القرآن المجيد,https://shamela.ws/book/10273
3,التفسير,21766,التفسير المظهري,https://shamela.ws/book/21766
3,التفسير,23623,فتح القدير للشوكاني,https://shamela.ws/book/23623
3,التفسير,22835,تفسير الألوسي روح المعاني - ط العلمية,https://shamela.ws/book/22835
3,التفسير,151103,من حاشية إبراهيم السقا على تفسير أبي السعود,https://shamela.ws/book/151103
3,التفسير,37458,فتح البيان في مقاصد القرآن,https://shamela.ws/book/37458
3,التفسير,22769,مراح لبيد لكشف معنى القرآن المجيد,https://shamela.ws/book/22769
3,التفسير,23631,تفسير القاسمي محاسن التأويل,https://shamela.ws/book/23631
3,التفسير,20643,تفسير ابن بدران = جواهر الأفكار ومعادن الأسرار المستخرجة من كلام العزيز الجبار,https://shamela.ws/book/20643
3,التفسير,12304,تفسير المنار,https://shamela.ws/book/12304
3,التفسير,9532,تفسير ابن باديس في مجالس التذكير من كلام الحكيم الخبير,https://shamela.ws/book/9532
3,التفسير,23608,تفسير المراغي,https://shamela.ws/book/23608
3,التفسير,42,تفسير السعدي = تيسير الكريم الرحمن,https://shamela.ws/book/42
3,التفسير,1461,تيسير اللطيف المنان في خلاصة تفسير القرآن - ت المزيد,https://shamela.ws/book/1461
3,التفسير,31363,تيسير اللطيف المنان في خلاصة تفسير القرآن - ط الأوقاف السعودية,https://shamela.ws/book/31363
3,التفسير,9254,توفيق الرحمن في دروس القرآن,https://shamela.ws/book/9254
3,التفسير,382,إعراب قوله تعالى: {وأن ليس للإنسان إلا ما سعى} - ضمن «آثار المعلمي»,https://shamela.ws/book/382
3,التفسير,383,إعراب قوله: {أن كان ذا مال وبنين} - ضمن «آثار المعلمي»,https://shamela.ws/book/383
3,التفسير,385,إعراب: {الحاقة ما الحاقة} ونحوه - ضمن «آثار المعلمي»,https://shamela.ws/book/385
3,التفسير,374,ارتباط الآيات في سورة البقرة - ضمن «آثار المعلمي»,https://shamela.ws/book/374
3,التفسير,375,ارتباط قوله تعالى: {حافظوا على الصلوات. . .} بما قبله وما بعده - ضمن «آثار المعلمي»,https://shamela.ws/book/375
3,التفسير,335,التعقيب على تفسير سورة الفيل للفراهي - ضمن «آثار المعلمي»,https://shamela.ws/book/335
3,التفسير,525,الفوائد التفسيرية - ضمن «آثار المعلمي»,https://shamela.ws/book/525
3,التفسير,386,تفسير آيات خلق الأرض والسماوات - ضمن «آثار المعلمي»,https://shamela.ws/book/386
3,التفسير,373,تفسير أول البقرة (1 - 5) - ضمن «آثار المعلمي»,https://shamela.ws/book/373
3,التفسير,377,تفسير أول المائدة (1 - 3) - ضمن «آثار المعلمي»,https://shamela.ws/book/377
3,التفسير,371,تفسير البسملة - ضمن «آثار المعلمي»,https://shamela.ws/book/371
3,التفسير,372,تفسير سورة الفاتحة - ضمن «آثار المعلمي»,https://shamela.ws/book/372
3,التفسير,376,تفسير قوله تعالى: {وآتوا اليتامى أموالهم .. } الآيات - ضمن «آثار المعلمي»,https://shamela.ws/book/376
3,التفسير,379,تفسير قوله تعالى: {ولقد فتنا سليمان. . .} - ضمن «آثار المعلمي»,https://shamela.ws/book/379
3,التفسير,381,تفسير قوله تعالى: {وما آتاكم الرسول فخذوه} ومعنى «أهل البيت»,https://shamela.ws/book/381
3,التفسير,378,تفسير قوله: {كلوا من ثمره إذا أثمر .. } - ضمن «آثار المعلمي»,https://shamela.ws/book/378
3,التفسير,388,حول تفسير الفخر الرازي وتكملته - ضمن «آثار المعلمي»,https://shamela.ws/book/388
3,التفسير,389,فوائد من تفسير الرازي مع التعليق على بعضها - ضمن «آثار المعلمي»,https://shamela.ws/book/389
3,التفسير,387,معنى {أغنى عنه} - ضمن «آثار المعلمي»,https://shamela.ws/book/387
3,التفسير,23607,التفسير القرآني للقرآن,https://shamela.ws/book/23607
3,التفسير,23589,التفسير الواضح,https://shamela.ws/book/23589
3,التفسير,9776,تفسير ابن عاشور التحرير والتنوير,https://shamela.ws/book/9776
3,التفسير,22918,أضواء البيان في إيضاح القرآن بالقرآن - ط الفكر,https://shamela.ws/book/22918
3,التفسير,20766,أضواء البيان في إيضاح القرآن بالقرآن - ط عطاءات العلم,https://shamela.ws/book/20766
3,التفسير,96296,العذب النمير من مجالس الشنقيطي في التفسير,https://shamela.ws/book/96296
3,التفسير,281,دفع إيهام الاضطراب عن آيات الكتاب - ط عطاءات العلم,https://shamela.ws/book/281
3,التفسير,18007,دفع إيهام الاضطراب عن آيات الكتاب - ط مكتبة ابن تيمية,https://shamela.ws/book/18007
3,التفسير,37071,زهرة التفاسير,https://shamela.ws/book/37071
3,التفسير,36432,أوضح التفاسير,https://shamela.ws/book/36432
3,التفسير,2163,إعراب القرآن وبيانه,https://shamela.ws/book/2163
3,التفسير,29,تيسير التفسير للقطان,https://shamela.ws/book/29
3,التفسير,23603,التفسير الحديث,https://shamela.ws/book/23603
3,التفسير,22916,الجدول في إعراب القرآن,https://shamela.ws/book/22916
3,التفسير,18162,الأساس في التفسير,https://shamela.ws/book/18162
3,التفسير,23610,الموسوعة القرآنية,https://shamela.ws/book/23610
3,التفسير,115098,التفسير الوسيط - مجمع البحوث,https://shamela.ws/book/115098
3,التفسير,115129,التيسير في أحاديث التفسير,https://shamela.ws/book/115129
3,التفسير,1083,تفسير الشعراوي,https://shamela.ws/book/1083
3,التفسير,1389,التفسير البياني للقرآن الكريم,https://shamela.ws/book/1389
3,التفسير,7705,تفسير المنتصر الكتاني,https://shamela.ws/book/7705
3,التفسير,7715,تفسير سورة الحجرات,https://shamela.ws/book/7715
3,التفسير,545,تفسير العثيمين: آل عمران,https://shamela.ws/book/545
3,التفسير,150303,تفسير العثيمين: الأحزاب,https://shamela.ws/book/150303
3,التفسير,549,تفسير العثيمين: الأنعام,https://shamela.ws/book/549
3,التفسير,151166,تفسير العثيمين: الحجرات - الحديد,https://shamela.ws/book/151166
3,التفسير,21808,تفسير العثيمين: الروم,https://shamela.ws/book/21808
3,التفسير,151164,تفسير العثيمين: الزخرف,https://shamela.ws/book/151164
3,التفسير,151160,تفسير العثيمين: الزمر,https://shamela.ws/book/151160
3,التفسير,132429,تفسير العثيمين: السجدة,https://shamela.ws/book/132429
3,التفسير,555,تفسير العثيمين: الشعراء,https://shamela.ws/book/555
3,التفسير,151163,تفسير العثيمين: الشورى,https://shamela.ws/book/151163
3,التفسير,151158,تفسير العثيمين: الصافات,https://shamela.ws/book/151158
3,التفسير,21807,تفسير العثيمين: العنكبوت,https://shamela.ws/book/21807
3,التفسير,544,تفسير العثيمين: الفاتحة والبقرة,https://shamela.ws/book/544
3,التفسير,554,تفسير العثيمين: الفرقان,https://shamela.ws/book/554
3,التفسير,21805,تفسير العثيمين: القصص,https://shamela.ws/book/21805
3,التفسير,550,تفسير العثيمين: الكهف,https://shamela.ws/book/550
3,التفسير,548,تفسير العثيمين: المائدة,https://shamela.ws/book/548
3,التفسير,547,تفسير العثيمين: النساء,https://shamela.ws/book/547
3,التفسير,1537,تفسير العثيمين: النمل,https://shamela.ws/book/1537
3,التفسير,553,تفسير العثيمين: النور,https://shamela.ws/book/553
3,التفسير,151168,تفسير العثيمين: جزء عم,https://shamela.ws/book/151168
3,التفسير,150304,تفسير العثيمين: سبأ,https://shamela.ws/book/150304
3,التفسير,151159,تفسير العثيمين: ص,https://shamela.ws/book/151159
3,التفسير,151161,تفسير العثيمين: غافر,https://shamela.ws/book/151161
3,التفسير,151156,تفسير العثيمين: فاطر,https://shamela.ws/book/151156
3,التفسير,151162,تفسير العثيمين: فصلت,https://shamela.ws/book/151162
3,التفسير,132428,تفسير العثيمين: لقمان,https://shamela.ws/book/132428
3,التفسير,151167,تفسير العثيمين: من جزء قد سمع وتبارك - ط مكتبة الطبري,https://shamela.ws/book/151167
3,التفسير,151165,تفسير العثيمين: من سورة محمد - ط مكتبة الطبري,https://shamela.ws/book/151165
3,التفسير,151157,تفسير العثيمين: يس,https://shamela.ws/book/151157
3,التفسير,30271,تفسير القرآن الكريم وإعرابه وبيانه - الدرة,https://shamela.ws/book/30271
3,التفسير,23590,التفسير الوسيط لطنطاوي,https://shamela.ws/book/23590
3,التفسير,1787,أيسر التفاسير لأسعد حومد,https://shamela.ws/book/1787
3,التفسير,22915,التفسير المنير - الزحيلي,https://shamela.ws/book/22915
3,التفسير,2305,التفسير الوسيط - الزحيلي,https://shamela.ws/book/2305
3,التفسير,10088,أيسر التفاسير للجزائري,https://shamela.ws/book/10088
3,التفسير,639,موسوعة التفسير المأثور,https://shamela.ws/book/639
3,التفسير,17375,تفسير حدائق الروح والريحان في روابي علوم القرآن,https://shamela.ws/book/17375
3,التفسير,8967,صفوة التفاسير,https://shamela.ws/book/8967
3,التفسير,21549,مختصر تفسير ابن كثير,https://shamela.ws/book/21549
3,التفسير,1114,منهج القرطبي في دفع ما يتوهم تعارضه من الآيات في كتابه الجامع لإحكام القرآن,https://shamela.ws/book/1114
3,التفسير,21561,تفسير جزء عم للشيخ مساعد الطيار,https://shamela.ws/book/21561
3,التفسير,10845,أنوار الهلالين في التعقبات على الجلالين,https://shamela.ws/book/10845
3,التفسير,712,التعقبات المفيدة على كتاب كلمات القرآن تفسير وبيان لمخلوف,https://shamela.ws/book/712
3,التفسير,2125,سورة القصص دراسة تحليلية,https://shamela.ws/book/2125
3,التفسير,37048,شرح تفسير ابن كثير - الراجحي,https://shamela.ws/book/37048
3,التفسير,288,التعليق والإيضاح على تفسير الجلالين - جـ 1,https://shamela.ws/book/288
3,التفسير,37660,تفسير غريب القرآن - الكواري,https://shamela.ws/book/37660
3,التفسير,86,إعراب القرآن الكريم - ط دار الصحابة,https://shamela.ws/book/86
3,التفسير,1407,التفسير الميسر,https://shamela.ws/book/1407
3,التفسير,18102,المختصر في تفسير القرآن الكريم,https://shamela.ws/book/18102
3,التفسير,839,المستدرك على موسوعة التفسير المأثور,https://shamela.ws/book/839
3,التفسير,836,المنتخب في تفسير القرآن الكريم,https://shamela.ws/book/836
3,التفسير,31364,مختصر تفسير البغوي المسمى بمعالم التنزيل,https://shamela.ws/book/31364
3,التفسير,22912,الصحيح المسبور من التفسير بالمأثور,https://shamela.ws/book/22912
3,التفسير,831,تفسير القرآن الكريم - اللهيميد - من الفاتحة إلى النساء,https://shamela.ws/book/831
3,التفسير,841,استنباطات محمد رشيد رضا في تفسيره,https://shamela.ws/book/841
3,التفسير,910,تفسير القرآن الثري الجامع,https://shamela.ws/book/910
3,التفسير,7447,الروايات التفسيرية في فتح الباري,https://shamela.ws/book/7447
3,التفسير,7697,تفسير سورة النور,https://shamela.ws/book/7697
3,التفسير,7695,سلسلة التفسير لمصطفى العدوي,https://shamela.ws/book/7695
3,التفسير,23842,التعليق على تفسير الجلالين - عبد الكريم الخضير,https://shamela.ws/book/23842
3,التفسير,26047,التعليق على تفسير القرطبي - عبد الكريم الخضير,https://shamela.ws/book/26047
3,التفسير,1447,سلسلة حتى لا نخطئ فهم القرآن,https://shamela.ws/book/1447
3,التفسير,37041,تفسير القرآن الكريم - المقدم,https://shamela.ws/book/37041
3,التفسير,1109,ترجيحات السمين الحلبي - من آية 138 سورة آل عمران إلى آخر السورة,https://shamela.ws/book/1109
3,التفسير,8945,المعجزات والغيبيات بين بصائر التنزيل ودياجير الإنكار والتأويل,https://shamela.ws/book/8945
3,التفسير,10064,تسبيح الله ذاته العلية في آيات كتابه السنية,https://shamela.ws/book/10064
3,التفسير,10174,حمد الله ذاته الكريمة في آيات كتابه الحكيمة,https://shamela.ws/book/10174
3,التفسير,22750,أطيب النشر في تفسير الوصايا العشر,https://shamela.ws/book/22750
3,التفسير,132391,النظرات الماتعة في سورة الفاتحة,https://shamela.ws/book/132391
3,التفسير,1143,الاستنباطات والفوائد السعدية من السور والآيات القرآنية,https://shamela.ws/book/1143
3,التفسير,1234,درر من تفسير القرطبي,https://shamela.ws/book/1234
3,التفسير,14533,اللباب في تفسير الاستعاذة والبسملة وفاتحة الكتاب,https://shamela.ws/book/14533
3,التفسير,10055,تدارك بقية العمر في تدبير سورة النصر,https://shamela.ws/book/10055
3,التفسير,10040,تأملات وأحكام في قوله تعالى {ولاتباشروهن وأنتم عاكفون في المساجد},https://shamela.ws/book/10040
3,التفسير,606,التفسير البياني لما في سورة النحل من دقائق المعاني,https://shamela.ws/book/606
3,التفسير,37339,رسالة في بيان أجمع آية في القرآن,https://shamela.ws/book/37339
3,التفسير,37037,تفسير أحمد حطيبة,https://shamela.ws/book/37037
3,التفسير,37746,آيات الحج في القران الكريم,https://shamela.ws/book/37746
3,التفسير,37454,تأملات قرآنية - المغامسي,https://shamela.ws/book/37454
3,التفسير,37455,سلسلة محاسن التأويل - المغامسي,https://shamela.ws/book/37455
3,التفسير,37743,معالم بيانية في آيات قرآنية,https://shamela.ws/book/37743
3,التفسير,37769,تفسير القرآن الكريم - أسامة سليمان,https://shamela.ws/book/37769
3,التفسير,31076,التفسير الموضوعي 1 - جامعة المدينة,https://shamela.ws/book/31076
3,التفسير,10329,التفسير الموضوعي 2 - جامعة المدينة,https://shamela.ws/book/10329
3,التفسير,10604,الدخيل في التفسير - جامعة المدينة,https://shamela.ws/book/10604
3,التفسير,96881,معجم وتفسير لغوى لكلمات القرآن,https://shamela.ws/book/96881
3,التفسير,14531,السراج في بيان غريب القرآن,https://shamela.ws/book/14531
3,التفسير,1490,استدراكات السلف في التفسير في القرون الثلاثة الأولى,https://shamela.ws/book/1490
3,التفسير,1491,جامع مرويات استدراكات السلف في التفسير,https://shamela.ws/book/1491
3,التفسير,14536,تفسير القرآن العظيم - جزء عم,https://shamela.ws/book/14536
3,التفسير,16360,التفسير النبوي,https://shamela.ws/book/16360
3,التفسير,30042,بيان النظم في القرآن الكريم,https://shamela.ws/book/30042
3,التفسير,147666,التفسير المأمون على منهج التنزيل والصحيح المسنون,https://shamela.ws/book/147666
3,التفسير,750,استنباطات الشوكاني في تفسيره فتح القدير,https://shamela.ws/book/750
3,التفسير,151045,أول مرة أتدبر القرآن,https://shamela.ws/book/151045
3,التفسير,151008,الكفاية في التفسير بالمأثور والدراية,https://shamela.ws/book/151008
3,التفسير,269,غرر البيان من سورة يوسف -عليه السلام- في القرآن,https://shamela.ws/book/269
3,التفسير,14,استنباطات الشيخ عبد الرحمن السعدي من القرآن الكريم عرض ودراسة,https://shamela.ws/book/14
3,التفسير,100,تأملات في السور والآيات,https://shamela.ws/book/100
3,التفسير,109,تأملات في رؤيا يوسف عليه السلام,https://shamela.ws/book/109
3,التفسير,272,الحكم من المعاملات والمواريث والنكاح والأطعمة في آيات القرآن الكريم,https://shamela.ws/book/272
3,التفسير,12,استدراكات السمين الحلبي على ابن عطية,https://shamela.ws/book/12
3,التفسير,15,الاستنباط عند الخطيب الشربيني في تفسيره السراج المنير,https://shamela.ws/book/15
3,التفسير,582,أقوال الطحاوي في التفسير: الفاتحة - التوبة,https://shamela.ws/book/582
3,التفسير,13,استنباطات السمعاني في كتابه «تفسير القرآن» ومنهجه فيها,https://shamela.ws/book/13
3,التفسير,596,منهج ابن عقيل الحنبلي وأقواله في التفسير جمعا ودراسة,https://shamela.ws/book/596
3,التفسير,713,أقوال الحسين بن الفضل في التفسير,https://shamela.ws/book/713
3,التفسير,755,معالم التوحيد في فاتحة الكتاب,https://shamela.ws/book/755
3,التفسير,30149,تعقبات جمال الدين القاسمي على من سبقه من خلال كتابه محاسن التأويل,https://shamela.ws/book/30149
3,التفسير,30194,قصص القرآن من تفسير السعدي,https://shamela.ws/book/30194
4,علوم القرآن وأصول التفسير,23622,مسائل نافع بن الأزرق = غريب القرآن في شعر العرب,https://shamela.ws/book/23622
4,علوم القرآن وأصول التفسير,8491,الناسخ والمنسوخ - قتادة,https://shamela.ws/book/8491
4,علوم القرآن وأصول التفسير,26887,الناسخ والمنسوخ وتنزيل القرآن - المنسوب للزهري,https://shamela.ws/book/26887
4,علوم القرآن وأصول التفسير,11783,التصاريف لتفسير القرآن مما اشتبهت أسمائه وتصرفت معانيه,https://shamela.ws/book/11783
4,علوم القرآن وأصول التفسير,92,أحكام القرآن للشافعي - جمع البيهقي ت الشوامي,https://shamela.ws/book/92
4,علوم القرآن وأصول التفسير,3328,أحكام القرآن للشافعي - جمع البيهقي ت عبد الخالق,https://shamela.ws/book/3328
4,علوم القرآن وأصول التفسير,23634,معاني القرآن للفراء,https://shamela.ws/book/23634
4,علوم القرآن وأصول التفسير,23630,مجاز القرآن,https://shamela.ws/book/23630
4,علوم القرآن وأصول التفسير,37834,الناسخ والمنسوخ - أبو عبيد,https://shamela.ws/book/37834
4,علوم القرآن وأصول التفسير,30196,شواهد القرآن,https://shamela.ws/book/30196
4,علوم القرآن وأصول التفسير,12524,فضائل القرآن - أبو عبيد,https://shamela.ws/book/12524
4,علوم القرآن وأصول التفسير,920,لغات القبائل الواردة في القرآن الكريم,https://shamela.ws/book/920
4,علوم القرآن وأصول التفسير,5550,فهم القرآن,https://shamela.ws/book/5550
4,علوم القرآن وأصول التفسير,23596,تأويل مشكل القرآن,https://shamela.ws/book/23596
4,علوم القرآن وأصول التفسير,3259,غريب القرآن لابن قتيبة ت أحمد صقر,https://shamela.ws/book/3259
4,علوم القرآن وأصول التفسير,23621,غريب القرآن لابن قتيبة ت سعيد اللحام,https://shamela.ws/book/23621
4,علوم القرآن وأصول التفسير,6206,أحكام القرآن لإسماعيل القاضي,https://shamela.ws/book/6206
4,علوم القرآن وأصول التفسير,9317,فضائل القرآن لابن الضريس,https://shamela.ws/book/9317
4,علوم القرآن وأصول التفسير,9320,فضائل القرآن للفريابي,https://shamela.ws/book/9320
4,علوم القرآن وأصول التفسير,5507,فضائل القرآن للنسائي,https://shamela.ws/book/5507
4,علوم القرآن وأصول التفسير,10765,أحكام القرآن للطحاوي,https://shamela.ws/book/10765
4,علوم القرآن وأصول التفسير,22910,غريب القرآن للسجستاني,https://shamela.ws/book/22910
4,علوم القرآن وأصول التفسير,23587,إعراب القرآن للنحاس,https://shamela.ws/book/23587
4,علوم القرآن وأصول التفسير,13073,الناسخ والمنسوخ - النحاس,https://shamela.ws/book/13073
4,علوم القرآن وأصول التفسير,940,معاني القرآن للنحاس,https://shamela.ws/book/940
4,علوم القرآن وأصول التفسير,151196,أحكام القرآن لبكر بن العلاء - رسائل جامعية,https://shamela.ws/book/151196
4,علوم القرآن وأصول التفسير,39,أحكام القرآن لبكر بن العلاء - ط جائزة دبي,https://shamela.ws/book/39
4,علوم القرآن وأصول التفسير,6887,ياقوتة الصراط في تفسير غريب القرآن,https://shamela.ws/book/6887
4,علوم القرآن وأصول التفسير,9065,نكت القرآن الدالة على البيان في أنواع العلوم والأحكام,https://shamela.ws/book/9065
4,علوم القرآن وأصول التفسير,23579,أحكام القرآن للجصاص ت قمحاوي,https://shamela.ws/book/23579
4,علوم القرآن وأصول التفسير,7370,أحكام القرآن للجصاص ط العلمية,https://shamela.ws/book/7370
4,علوم القرآن وأصول التفسير,13237,إعراب ثلاثين سورة,https://shamela.ws/book/13237
4,علوم القرآن وأصول التفسير,13981,النكت في إعجاز القرآن,https://shamela.ws/book/13981
4,علوم القرآن وأصول التفسير,9598,اللغات في القرآن,https://shamela.ws/book/9598
4,علوم القرآن وأصول التفسير,13900,بيان إعجاز القرآن,https://shamela.ws/book/13900
4,علوم القرآن وأصول التفسير,37586,الوجوه والنظائر لأبي هلال العسكري - معتزلي,https://shamela.ws/book/37586
4,علوم القرآن وأصول التفسير,953,إعجاز القرآن للباقلاني,https://shamela.ws/book/953
4,علوم القرآن وأصول التفسير,1397,الانتصار للقرآن للباقلاني,https://shamela.ws/book/1397
4,علوم القرآن وأصول التفسير,5515,الناسخ والمنسوخ - المقري,https://shamela.ws/book/5515
4,علوم القرآن وأصول التفسير,1340,درة التنزيل وغرة التأويل,https://shamela.ws/book/1340
4,علوم القرآن وأصول التفسير,21315,فضائل القرآن للمستغفري,https://shamela.ws/book/21315
4,علوم القرآن وأصول التفسير,5538,مشكل إعراب القرآن لمكي,https://shamela.ws/book/5538
4,علوم القرآن وأصول التفسير,1600,فضائل القرآن وتلاوته للرازي,https://shamela.ws/book/1600
4,علوم القرآن وأصول التفسير,2216,الناسخ والمنسوخ - ابن حزم,https://shamela.ws/book/2216
4,علوم القرآن وأصول التفسير,11314,أسباب النزول ت الحميدان,https://shamela.ws/book/11314
4,علوم القرآن وأصول التفسير,11456,أسباب النزول ت زغلول,https://shamela.ws/book/11456
4,علوم القرآن وأصول التفسير,14080,الرسالة الشافية,https://shamela.ws/book/14080
4,علوم القرآن وأصول التفسير,9066,النكت في القرآن الكريم,https://shamela.ws/book/9066
4,علوم القرآن وأصول التفسير,23636,المفردات في غريب القرآن,https://shamela.ws/book/23636
4,علوم القرآن وأصول التفسير,23582,أحكام القرآن للكيا الهراسي,https://shamela.ws/book/23582
4,علوم القرآن وأصول التفسير,9883,جواهر القرآن,https://shamela.ws/book/9883
4,علوم القرآن وأصول التفسير,3580,أسرار التكرار في القرآن = البرهان في توجيه متشابه القرآن,https://shamela.ws/book/3580
4,علوم القرآن وأصول التفسير,36506,إعراب القرآن - إسماعيل الأصبهاني,https://shamela.ws/book/36506
4,علوم القرآن وأصول التفسير,1464,أحكام القرآن لابن العربي ط العلمية,https://shamela.ws/book/1464
4,علوم القرآن وأصول التفسير,133367,الناسخ والمنسوخ - ابن العربي,https://shamela.ws/book/133367
4,علوم القرآن وأصول التفسير,97927,قانون التأويل,https://shamela.ws/book/97927
4,علوم القرآن وأصول التفسير,23585,إعراب القرآن للباقولي - منسوب خطأ للزجاج,https://shamela.ws/book/23585
4,علوم القرآن وأصول التفسير,95580,مسائل منثورة في التفسير والعربية والمعاني,https://shamela.ws/book/95580
4,علوم القرآن وأصول التفسير,8554,المصفى بأكف أهل الرسوخ من علم الناسخ والمنسوخ,https://shamela.ws/book/8554
4,علوم القرآن وأصول التفسير,1402,فنون الأفنان في عيون علوم القرآن,https://shamela.ws/book/1402
4,علوم القرآن وأصول التفسير,6334,نزهة الأعين النواظر في علم الوجوه والنظائر,https://shamela.ws/book/6334
4,علوم القرآن وأصول التفسير,38121,نواسخ القرآن = ناسخ القرآن ومنسوخه ت آل زهوي,https://shamela.ws/book/38121
4,علوم القرآن وأصول التفسير,2176,نواسخ القرآن = ناسخ القرآن ومنسوخه ت المليباري,https://shamela.ws/book/2176
4,علوم القرآن وأصول التفسير,133357,أحكام القرآن لابن الفرس,https://shamela.ws/book/133357
4,علوم القرآن وأصول التفسير,22928,التبيان في إعراب القرآن,https://shamela.ws/book/22928
4,علوم القرآن وأصول التفسير,5554,المناظرة في القرآن,https://shamela.ws/book/5554
4,علوم القرآن وأصول التفسير,242,استخراج الجدال من القرآن الكريم,https://shamela.ws/book/242
4,علوم القرآن وأصول التفسير,5548,حجج القرآن,https://shamela.ws/book/5548
4,علوم القرآن وأصول التفسير,9831,هداية المرتاب وغاية الحفاظ والطلاب في تبيين متشابه الكتاب,https://shamela.ws/book/9831
4,علوم القرآن وأصول التفسير,147312,الكتاب الفريد في إعراب القرآن المجيد,https://shamela.ws/book/147312
4,علوم القرآن وأصول التفسير,22676,المرشد الوجيز إلى علوم تتعلق بالكتاب العزيز,https://shamela.ws/book/22676
4,علوم القرآن وأصول التفسير,8378,أنموذج جليل في أسئلة وأجوبة عن غرائب آي التنزيل,https://shamela.ws/book/8378
4,علوم القرآن وأصول التفسير,1969,التبيان في آداب حملة القرآن,https://shamela.ws/book/1969
4,علوم القرآن وأصول التفسير,1388,البرهان فى تناسب سور القرآن,https://shamela.ws/book/1388
4,علوم القرآن وأصول التفسير,1594,عنوان الدليل من مرسوم خط التنزيل,https://shamela.ws/book/1594
4,علوم القرآن وأصول التفسير,9220,الإكليل في المتشابه والتأويل,https://shamela.ws/book/9220
4,علوم القرآن وأصول التفسير,12081,مقدمة في أصول التفسير لابن تيمية,https://shamela.ws/book/12081
4,علوم القرآن وأصول التفسير,804,روضة الطرائف في رسم المصحف,https://shamela.ws/book/804
4,علوم القرآن وأصول التفسير,1403,كشف المعاني في المتشابه من المثاني,https://shamela.ws/book/1403
4,علوم القرآن وأصول التفسير,2209,ناسخ القرآن العزيز ومنسوخه لابن البارزي,https://shamela.ws/book/2209
4,علوم القرآن وأصول التفسير,95571,المجيد في إعراب القرآن المجيد,https://shamela.ws/book/95571
4,علوم القرآن وأصول التفسير,928,الأمثال في القرآن - من اعلام الموقعين,https://shamela.ws/book/928
4,علوم القرآن وأصول التفسير,7572,التبيان في أيمان القرآن - ت الفقي,https://shamela.ws/book/7572
4,علوم القرآن وأصول التفسير,18337,التبيان في أيمان القرآن - ط عطاءات العلم,https://shamela.ws/book/18337
4,علوم القرآن وأصول التفسير,1477,الجامع في أمثال القرآن,https://shamela.ws/book/1477
4,علوم القرآن وأصول التفسير,5509,جزء في تفسير الباقيات الصالحات,https://shamela.ws/book/5509
4,علوم القرآن وأصول التفسير,7501,أسئلة وأجوبة في إعراب القرآن,https://shamela.ws/book/7501
4,علوم القرآن وأصول التفسير,22800,فضائل القرآن لابن كثير,https://shamela.ws/book/22800
4,علوم القرآن وأصول التفسير,1396,تحفة الأقران في ما قرئ بالتثليث من حروف القرآن,https://shamela.ws/book/1396
4,علوم القرآن وأصول التفسير,168,تفسير مبهمات القرآن,https://shamela.ws/book/168
4,علوم القرآن وأصول التفسير,11436,البرهان في علوم القرآن,https://shamela.ws/book/11436
4,علوم القرآن وأصول التفسير,23598,التبيان في تفسير غريب القرآن,https://shamela.ws/book/23598
4,علوم القرآن وأصول التفسير,9856,بصائر ذوي التمييز في لطائف الكتاب العزيز,https://shamela.ws/book/9856
4,علوم القرآن وأصول التفسير,14827,تيسير البيان لأحكام القرآن,https://shamela.ws/book/14827
4,علوم القرآن وأصول التفسير,2102,العجاب في بيان الأسباب,https://shamela.ws/book/2102
4,علوم القرآن وأصول التفسير,1404,مصاعد النظر للإشراف على مقاصد السور,https://shamela.ws/book/1404
4,علوم القرآن وأصول التفسير,11728,الإتقان في علوم القرآن,https://shamela.ws/book/11728
4,علوم القرآن وأصول التفسير,1385,الإكليل في استنباط التنزيل,https://shamela.ws/book/1385
4,علوم القرآن وأصول التفسير,26097,المهذب فيما وقع في القرآن من المعرب,https://shamela.ws/book/26097
4,علوم القرآن وأصول التفسير,9992,تناسق الدرر في تناسب السور = أسرار ترتيب القرآن,https://shamela.ws/book/9992
4,علوم القرآن وأصول التفسير,2247,لباب النقول,https://shamela.ws/book/2247
4,علوم القرآن وأصول التفسير,38158,مراصد المطالع في تناسب المقاطع والمطالع,https://shamela.ws/book/38158
4,علوم القرآن وأصول التفسير,1417,معترك الأقران في إعجاز القرآن,https://shamela.ws/book/1417
4,علوم القرآن وأصول التفسير,26582,مفحمات الأقران في مبهمات القرآن,https://shamela.ws/book/26582
4,علوم القرآن وأصول التفسير,12753,إعراب القرآن العظيم المنسوب لزكريا الانصارى,https://shamela.ws/book/12753
4,علوم القرآن وأصول التفسير,9086,فتح الرحمن بكشف ما يلتبس في القرآن,https://shamela.ws/book/9086
4,علوم القرآن وأصول التفسير,31378,فيض المعين,https://shamela.ws/book/31378
4,علوم القرآن وأصول التفسير,5517,قلائد المرجان في بيان الناسخ والمنسوخ في القرآن,https://shamela.ws/book/5517
4,علوم القرآن وأصول التفسير,150960,الزيادة والإحسان في علوم القرآن,https://shamela.ws/book/150960
4,علوم القرآن وأصول التفسير,9964,الفوز الكبير في أصول التفسير,https://shamela.ws/book/9964
4,علوم القرآن وأصول التفسير,11328,فضائل القرآن لمحمد بن عبد الوهاب,https://shamela.ws/book/11328
4,علوم القرآن وأصول التفسير,9759,نيل المرام من تفسير آيات الأحكام,https://shamela.ws/book/9759
4,علوم القرآن وأصول التفسير,5551,ما دل عليه القرآن مما يعضد الهيئة الجديدة القويمة بالبرهان,https://shamela.ws/book/5551
4,علوم القرآن وأصول التفسير,96629,مفردات القرآن للفراهي,https://shamela.ws/book/96629
4,علوم القرآن وأصول التفسير,8506,إعجاز القرآن والبلاغة النبوية للرافعي,https://shamela.ws/book/8506
4,علوم القرآن وأصول التفسير,7249,مناهل العرفان في علوم القرآن,https://shamela.ws/book/7249
4,علوم القرآن وأصول التفسير,9077,القواعد الحسان لتفسير القرآن,https://shamela.ws/book/9077
4,علوم القرآن وأصول التفسير,1470,النبأ العظيم - ت عمرو الشرقاوي,https://shamela.ws/book/1470
4,علوم القرآن وأصول التفسير,18795,النبأ العظيم - ط القلم,https://shamela.ws/book/18795
4,علوم القرآن وأصول التفسير,726,مدخل إلى القرآن الكريم عرض تاريخي وتحليل مقارن,https://shamela.ws/book/726
4,علوم القرآن وأصول التفسير,7849,إشارات الإعجاز,https://shamela.ws/book/7849
4,علوم القرآن وأصول التفسير,38085,من بلاغة القرآن,https://shamela.ws/book/38085
4,علوم القرآن وأصول التفسير,7371,حاشية مقدمة التفسير لابن قاسم,https://shamela.ws/book/7371
4,علوم القرآن وأصول التفسير,20770,بيان الناسخ والمنسوخ من آي الذكر الحكيم - ضمن «محاضرات الشنقيطي»,https://shamela.ws/book/20770
4,علوم القرآن وأصول التفسير,22895,منع جواز المجاز في المنزل للتعبد والإعجاز,https://shamela.ws/book/22895
4,علوم القرآن وأصول التفسير,2910,الظاهرة القرآنية,https://shamela.ws/book/2910
4,علوم القرآن وأصول التفسير,23137,المعجزة الكبرى القرآن,https://shamela.ws/book/23137
4,علوم القرآن وأصول التفسير,9110,شريعة القرآن من دلائل إعجازه,https://shamela.ws/book/9110
4,علوم القرآن وأصول التفسير,23599,تفسير آيات الأحكام - السايس,https://shamela.ws/book/23599
4,علوم القرآن وأصول التفسير,12393,التفسير والمفسرون,https://shamela.ws/book/12393
4,علوم القرآن وأصول التفسير,10089,تفسير ابن عربي للقرآن حقيقته وخطره,https://shamela.ws/book/10089
4,علوم القرآن وأصول التفسير,23595,بيان المعاني,https://shamela.ws/book/23595
4,علوم القرآن وأصول التفسير,2146,المصطلحات الأربعة في القرآن,https://shamela.ws/book/2146
4,علوم القرآن وأصول التفسير,8671,الإسرائيليات والموضوعات في كتب التفسير,https://shamela.ws/book/8671
4,علوم القرآن وأصول التفسير,29719,المدخل لدراسة القرآن الكريم,https://shamela.ws/book/29719
4,علوم القرآن وأصول التفسير,17037,دراسات لأسلوب القرآن الكريم,https://shamela.ws/book/17037
4,علوم القرآن وأصول التفسير,5136,ما وقع في القرآن بغير لغة العرب,https://shamela.ws/book/5136
4,علوم القرآن وأصول التفسير,7317,مباحث في علوم القرآن لصبحي الصالح,https://shamela.ws/book/7317
4,علوم القرآن وأصول التفسير,11741,الأصلان في علوم القرآن,https://shamela.ws/book/11741
4,علوم القرآن وأصول التفسير,37996,علم التفسير كيف نشأ وتطور حتى انتهى إلى عصرنا الحاضر,https://shamela.ws/book/37996
4,علوم القرآن وأصول التفسير,4458,من المشكلات اللغوية في القرآن الكريم,https://shamela.ws/book/4458
4,علوم القرآن وأصول التفسير,1120,معجزة القرآن,https://shamela.ws/book/1120
4,علوم القرآن وأصول التفسير,12759,الإعجاز البياني للقرآن ومسائل ابن الأزرق,https://shamela.ws/book/12759
4,علوم القرآن وأصول التفسير,11362,كيف يجب علينا أن نفسر القرآن الكريم,https://shamela.ws/book/11362
4,علوم القرآن وأصول التفسير,11368,مباحث في علوم القرآن لمناع القطان,https://shamela.ws/book/11368
4,علوم القرآن وأصول التفسير,30169,الدخيل في تفسير القرآن الكريم,https://shamela.ws/book/30169
4,علوم القرآن وأصول التفسير,21796,أصول في التفسير,https://shamela.ws/book/21796
4,علوم القرآن وأصول التفسير,21521,شرح مقدمة التفسير لابن تيمية - العثيمين,https://shamela.ws/book/21521
4,علوم القرآن وأصول التفسير,11547,الصحيح المسند من أسباب النزول,https://shamela.ws/book/11547
4,علوم القرآن وأصول التفسير,8560,المعجم الموسوعي لألفاظ القرآن الكريم وقراءاته,https://shamela.ws/book/8560
4,علوم القرآن وأصول التفسير,23584,إعراب القرآن للدعاس,https://shamela.ws/book/23584
4,علوم القرآن وأصول التفسير,10002,دراسات في علوم القرآن - محمد بكر إسماعيل,https://shamela.ws/book/10002
4,علوم القرآن وأصول التفسير,1410,المجاز عند الإمام ابن تيمية وتلاميذه بين الإنكار والإقرار,https://shamela.ws/book/1410
4,علوم القرآن وأصول التفسير,21785,خصائص التعبير القرآني وسماته البلاغية,https://shamela.ws/book/21785
4,علوم القرآن وأصول التفسير,37691,الحديث في علوم القرآن والحديث,https://shamela.ws/book/37691
4,علوم القرآن وأصول التفسير,38049,المشترك اللفظي في الحقل القرآني,https://shamela.ws/book/38049
4,علوم القرآن وأصول التفسير,37530,نفحات من علوم القرآن,https://shamela.ws/book/37530
4,علوم القرآن وأصول التفسير,38093,مناهج المفسرين,https://shamela.ws/book/38093
4,علوم القرآن وأصول التفسير,8871,القرآن يتحدى,https://shamela.ws/book/8871
4,علوم القرآن وأصول التفسير,145333,التفسير والمفسرون في العصر الحديث - فضل عباس,https://shamela.ws/book/145333
4,علوم القرآن وأصول التفسير,38086,من روائع القرآن,https://shamela.ws/book/38086
4,علوم القرآن وأصول التفسير,1476,القرآن الكريم منهج متكامل,https://shamela.ws/book/1476
4,علوم القرآن وأصول التفسير,1065,معجم آيات القرآن,https://shamela.ws/book/1065
4,علوم القرآن وأصول التفسير,2505,الإعراب المحيط من تفسير البحر المحيط,https://shamela.ws/book/2505
4,علوم القرآن وأصول التفسير,14582,الاستيعاب في بيان الأسباب,https://shamela.ws/book/14582
4,علوم القرآن وأصول التفسير,96510,عظمة القرآن وتعظيمه وأثره في النفوس في ضوء الكتاب والسنة,https://shamela.ws/book/96510
4,علوم القرآن وأصول التفسير,96526,من أحكام سورة المائدة,https://shamela.ws/book/96526
4,علوم القرآن وأصول التفسير,12347,روائع البيان تفسير آيات الأحكام,https://shamela.ws/book/12347
4,علوم القرآن وأصول التفسير,9675,مباحث في إعجاز القرآن,https://shamela.ws/book/9675
4,علوم القرآن وأصول التفسير,7314,مباحث في التفسير الموضوعي,https://shamela.ws/book/7314
4,علوم القرآن وأصول التفسير,29910,علوم القرآن الكريم - نور الدين عتر,https://shamela.ws/book/29910
4,علوم القرآن وأصول التفسير,18122,التفسير والتأويل في القرآن,https://shamela.ws/book/18122
4,علوم القرآن وأصول التفسير,1431,القرآن ونقض مطاعن الرهبان,https://shamela.ws/book/1431
4,علوم القرآن وأصول التفسير,5377,تصويبات في فهم بعض الآيات,https://shamela.ws/book/5377
4,علوم القرآن وأصول التفسير,38071,مفاتيح للتعامل مع القرآن,https://shamela.ws/book/38071
4,علوم القرآن وأصول التفسير,11312,عناية المسلمين بالوقف خدمة للقرآن الكريم,https://shamela.ws/book/11312
4,علوم القرآن وأصول التفسير,21486,مدخل إلى التفسير وعلوم القرآن,https://shamela.ws/book/21486
4,علوم القرآن وأصول التفسير,11928,معجم المسائل النحوية والصرفية الواردة في القرآن الكريم,https://shamela.ws/book/11928
4,علوم القرآن وأصول التفسير,2915,معجم المصطلحات القرآنية,https://shamela.ws/book/2915
4,علوم القرآن وأصول التفسير,36624,الفرقان في بيان إعجاز القرآن,https://shamela.ws/book/36624
4,علوم القرآن وأصول التفسير,952,الإمام البقاعي ومنهاجه في تأويل بلاغة القرآن,https://shamela.ws/book/952
4,علوم القرآن وأصول التفسير,2150,العزف على أنوار الذكر,https://shamela.ws/book/2150
4,علوم القرآن وأصول التفسير,2124,شذرات الذهب دراسة في البلاغة القرآنية,https://shamela.ws/book/2124
4,علوم القرآن وأصول التفسير,95526,التضمين النحوي في القرآن الكريم,https://shamela.ws/book/95526
4,علوم القرآن وأصول التفسير,1188,القرآن وإعجازه العلمي,https://shamela.ws/book/1188
4,علوم القرآن وأصول التفسير,620,تحريم كتابة القرآن الكريم بحروف غير عربية أعجمية أو لاتينية,https://shamela.ws/book/620
4,علوم القرآن وأصول التفسير,13893,أنواع التصنيف المتعلقة بتفسير القرآن الكريم,https://shamela.ws/book/13893
4,علوم القرآن وأصول التفسير,13768,الإعجاز العلمي إلى أين,https://shamela.ws/book/13768
4,علوم القرآن وأصول التفسير,13873,التفسير اللغوي للقرآن الكريم,https://shamela.ws/book/13873
4,علوم القرآن وأصول التفسير,13896,المحرر في علوم القرآن,https://shamela.ws/book/13896
4,علوم القرآن وأصول التفسير,13892,شرح مقدمة التسهيل لعلوم التنزيل لابن جزي,https://shamela.ws/book/13892
4,علوم القرآن وأصول التفسير,13899,شرح مقدمة في أصول التفسير لابن تيمية,https://shamela.ws/book/13899
4,علوم القرآن وأصول التفسير,13897,فصول في أصول التفسير,https://shamela.ws/book/13897
4,علوم القرآن وأصول التفسير,8199,مفهوم التفسير والتأويل والاستنباط والتدبر والمفسر,https://shamela.ws/book/8199
4,علوم القرآن وأصول التفسير,943,موقف الشوكاني في تفسيره من المناسبات,https://shamela.ws/book/943
4,علوم القرآن وأصول التفسير,4545,مع الامام أبي إسحاق الشاطبي في مباحث من علوم القرآن الكريم وتفسيره,https://shamela.ws/book/4545
4,علوم القرآن وأصول التفسير,1445,أسرار البيان في التعبير القرآني - كتاب,https://shamela.ws/book/1445
4,علوم القرآن وأصول التفسير,9589,أسرار البيان في التعبير القرآني - محاضرة,https://shamela.ws/book/9589
4,علوم القرآن وأصول التفسير,9097,لمسات بيانية في نصوص من التنزيل - كتاب,https://shamela.ws/book/9097
4,علوم القرآن وأصول التفسير,8312,لمسات بيانية في نصوص من التنزيل - محاضرات,https://shamela.ws/book/8312
4,علوم القرآن وأصول التفسير,2087,من بلاغة القرآن فى التعبير بالغدو والأصال,https://shamela.ws/book/2087
4,علوم القرآن وأصول التفسير,3052,شرح مقدمة التفسير لصالح آل الشيخ,https://shamela.ws/book/3052
4,علوم القرآن وأصول التفسير,7532,الأحاديث المشكلة الواردة في تفسير القرآن الكريم,https://shamela.ws/book/7532
4,علوم القرآن وأصول التفسير,96301,الموسوعة القرآنية المتخصصة,https://shamela.ws/book/96301
4,علوم القرآن وأصول التفسير,38014,في علوم القرآن دراسات ومحاضرات,https://shamela.ws/book/38014
4,علوم القرآن وأصول التفسير,151179,التفسير والبيان لأحكام القرآن,https://shamela.ws/book/151179
4,علوم القرآن وأصول التفسير,255,المقاصد القرآنية في سورة «ق»,https://shamela.ws/book/255
4,علوم القرآن وأصول التفسير,2914,التعريف بالقرآن الكريم,https://shamela.ws/book/2914
4,علوم القرآن وأصول التفسير,1917,بحث عن القرآن الكريم,https://shamela.ws/book/1917
4,علوم القرآن وأصول التفسير,5330,المكي والمدني,https://shamela.ws/book/5330
4,علوم القرآن وأصول التفسير,7616,الدعوة إلى التمسك بالقرآن الكريم وأثره في حياة المسلم,https://shamela.ws/book/7616
4,علوم القرآن وأصول التفسير,7649,الشبهات المزعومة حول القرآن الكريم في دائرتي المعارف الإسلامية والبريطانية,https://shamela.ws/book/7649
4,علوم القرآن وأصول التفسير,8515,العناية بالقرآن الكريم في العهد النبوي الشريف,https://shamela.ws/book/8515
4,علوم القرآن وأصول التفسير,8517,العناية بالقرآن الكريم وعلومه من بداية القرن الرابع الهجري إلى عصرنا الحاضر,https://shamela.ws/book/8517
4,علوم القرآن وأصول التفسير,8519,الغارة التنصيرية على أصالة القرآن الكريم,https://shamela.ws/book/8519
4,علوم القرآن وأصول التفسير,8558,المعاجم المفهرسة لألفاظ القرآن الكريم,https://shamela.ws/book/8558
4,علوم القرآن وأصول التفسير,1938,النشر الإلكتروني لترجمات معاني القرآن الكريم في خدمة الدعوة,https://shamela.ws/book/1938
4,علوم القرآن وأصول التفسير,11311,عناية المسلمين باللغة العربية خدمة للقرآن الكريم - سليمان بن إبراهيم بن محمد العايد,https://shamela.ws/book/11311
4,علوم القرآن وأصول التفسير,11309,عناية المسلمين بإبراز وجوه الإعجاز في القرآن الكريم - محمد السيد جبريل,https://shamela.ws/book/11309
4,علوم القرآن وأصول التفسير,12071,معاجم معاني ألفاظ القرآن الكريم,https://shamela.ws/book/12071
4,علوم القرآن وأصول التفسير,12072,معاجم مفردات القرآن (موازنات ومقترحات),https://shamela.ws/book/12072
4,علوم القرآن وأصول التفسير,1482,مناسبات الآيات والسور,https://shamela.ws/book/1482
4,علوم القرآن وأصول التفسير,12121,وقفة مع بعض الترجمات الإنجليزية لمعاني القرآن الكريم,https://shamela.ws/book/12121
4,علوم القرآن وأصول التفسير,8679,اتجاهات التفسير في القرن الرابع عشر,https://shamela.ws/book/8679
4,علوم القرآن وأصول التفسير,8792,البدهيات في القرآن الكريم,https://shamela.ws/book/8792
4,علوم القرآن وأصول التفسير,12011,دراسات في علوم القرآن - فهد الرومي,https://shamela.ws/book/12011
4,علوم القرآن وأصول التفسير,9617,المجتبى من مشكل إعراب القرآن,https://shamela.ws/book/9617
4,علوم القرآن وأصول التفسير,11310,عناية المسلمين باللغة العربية خدمة للقرآن الكريم - أحمد محمد الخراط,https://shamela.ws/book/11310
4,علوم القرآن وأصول التفسير,11308,عناية المسلمين بإبراز وجوه الإعجاز في القرآن الكريم - حسن عبد الفتاح أحمد,https://shamela.ws/book/11308
4,علوم القرآن وأصول التفسير,9438,دعاوى الطاعنين في القرآن الكريم = الطعن في القرآن الكريم والرد على الطاعنين,https://shamela.ws/book/9438
4,علوم القرآن وأصول التفسير,935,توجيه المتشابه اللفظي في القرآن الكريم عند المفسرين - دراسة في تفسيري الرازي والألوسي,https://shamela.ws/book/935
4,علوم القرآن وأصول التفسير,7366,الأمثال القرآنية القياسية المضروبة للإيمان بالله,https://shamela.ws/book/7366
4,علوم القرآن وأصول التفسير,11180,دحض دعوى المستشرقين أن القرآن من عند النبي صلى الله عليه وسلم,https://shamela.ws/book/11180
4,علوم القرآن وأصول التفسير,21767,كتاب الله عز وجل ومكانته العظيمة,https://shamela.ws/book/21767
4,علوم القرآن وأصول التفسير,25851,شرح مقدمة التفسير (من النقاية) للسيوطي,https://shamela.ws/book/25851
4,علوم القرآن وأصول التفسير,29735,إعجاز القرآن في (ويعلم ما في الأرحام),https://shamela.ws/book/29735
4,علوم القرآن وأصول التفسير,5437,سورة الواقعة ومنهجها فى العقائد,https://shamela.ws/book/5437
4,علوم القرآن وأصول التفسير,4317,لطائف قرآنية,https://shamela.ws/book/4317
4,علوم القرآن وأصول التفسير,1415,عصمة القرآن الكريم وجهالات المبشرين,https://shamela.ws/book/1415
4,علوم القرآن وأصول التفسير,36193,الأساليب والإطلاقات العربية,https://shamela.ws/book/36193
4,علوم القرآن وأصول التفسير,21769,الموسوعة القرآنية خصائص السور,https://shamela.ws/book/21769
4,علوم القرآن وأصول التفسير,1479,قالوا عن القرآن,https://shamela.ws/book/1479
4,علوم القرآن وأصول التفسير,1444,موسوعة الإعجاز العلمي في القرآن والسنة,https://shamela.ws/book/1444
4,علوم القرآن وأصول التفسير,23144,القرآن وعلوم الأرض,https://shamela.ws/book/23144
4,علوم القرآن وأصول التفسير,23142,التصوير القرآني للقيم الخلقية والتشريعية,https://shamela.ws/book/23142
4,علوم القرآن وأصول التفسير,4185,التفسير الموضوعي للقرآن الكريم ونماذج منه,https://shamela.ws/book/4185
4,علوم القرآن وأصول التفسير,11521,المقدمات الأساسية في علوم القرآن,https://shamela.ws/book/11521
4,علوم القرآن وأصول التفسير,4119,معجزات القرآن العلمية,https://shamela.ws/book/4119
4,علوم القرآن وأصول التفسير,4570,مملكة النبات كما يعرضها القرآن ويصفها,https://shamela.ws/book/4570
4,علوم القرآن وأصول التفسير,10066,تصديق القرآن للكتب السماوية وهيمنته عليها,https://shamela.ws/book/10066
4,علوم القرآن وأصول التفسير,1475,أصول وشواهد النظر العقلي في القرآن والفكر الإسلامي,https://shamela.ws/book/1475
4,علوم القرآن وأصول التفسير,1478,في عمارة السورة القرآنية,https://shamela.ws/book/1478
4,علوم القرآن وأصول التفسير,133374,الخلاصة في تدبر القرآن الكريم,https://shamela.ws/book/133374
4,علوم القرآن وأصول التفسير,133376,القواعد والأصول وتطبيقات التدبر,https://shamela.ws/book/133376
4,علوم القرآن وأصول التفسير,133380,مختصر أخلاق حملة القرآن,https://shamela.ws/book/133380
4,علوم القرآن وأصول التفسير,10015,مختصر في قواعد التفسير,https://shamela.ws/book/10015
4,علوم القرآن وأصول التفسير,10396,السؤال في القرآن الكريم وأثره في التربية والتعليم,https://shamela.ws/book/10396
4,علوم القرآن وأصول التفسير,10062,ترجمة القرآن الكريم,https://shamela.ws/book/10062
4,علوم القرآن وأصول التفسير,12162,أبو بكر الباقلاني ومفهومه للإعجاز القرآني,https://shamela.ws/book/12162
4,علوم القرآن وأصول التفسير,8858,القاضي عياض ومفهومه للإعجاز القرآني,https://shamela.ws/book/8858
4,علوم القرآن وأصول التفسير,10180,حول الإعجاز العلمي للقرآن الكريم في العصر الحديث,https://shamela.ws/book/10180
4,علوم القرآن وأصول التفسير,11206,أضواء على القرآن الكريم (بلاغته وإعجازه),https://shamela.ws/book/11206
4,علوم القرآن وأصول التفسير,9015,إنكار الجن من شطحات التفسير الموضوعي للقرآن,https://shamela.ws/book/9015
4,علوم القرآن وأصول التفسير,4410,مصابيح الدرر في تناسب آيات القرآن الكريم والسور,https://shamela.ws/book/4410
4,علوم القرآن وأصول التفسير,717,المئوية في إعراب القرآن الكريم,https://shamela.ws/book/717
4,علوم القرآن وأصول التفسير,132519,بابات في علوم القرآن,https://shamela.ws/book/132519
4,علوم القرآن وأصول التفسير,36497,الأربعون القرآنية,https://shamela.ws/book/36497
4,علوم القرآن وأصول التفسير,36126,شرح منظومة التفسير,https://shamela.ws/book/36126
4,علوم القرآن وأصول التفسير,37747,أعلام القرآن,https://shamela.ws/book/37747
4,علوم القرآن وأصول التفسير,37350,القول المعتبر في بيان الإعجاز للحروف المقطعة من فواتح السور,https://shamela.ws/book/37350
4,علوم القرآن وأصول التفسير,31080,الإعجاز العلمي في القرآن الكريم - جامعة المدينة,https://shamela.ws/book/31080
4,علوم القرآن وأصول التفسير,31077,الإعجاز اللغوي في القرآن الكريم - جامعة المدينة,https://shamela.ws/book/31077
4,علوم القرآن وأصول التفسير,37654,جماليات المفردة القرآنية,https://shamela.ws/book/37654
4,علوم القرآن وأصول التفسير,37682,الحاكم الجشمي ومنهجه في التفسير,https://shamela.ws/book/37682
4,علوم القرآن وأصول التفسير,38031,مدخل إلى تفسير القرآن وعلومه,https://shamela.ws/book/38031
4,علوم القرآن وأصول التفسير,38133,جواهر قرآنية 1000 سؤال وجواب في القرآن,https://shamela.ws/book/38133
4,علوم القرآن وأصول التفسير,38131,وظيفة الصورة الفنية في القرآن,https://shamela.ws/book/38131
4,علوم القرآن وأصول التفسير,11426,الواضح في علوم القرآن,https://shamela.ws/book/11426
4,علوم القرآن وأصول التفسير,38112,النسخ عند الفخر الرازي,https://shamela.ws/book/38112
4,علوم القرآن وأصول التفسير,38103,موسوعة علوم القرآن,https://shamela.ws/book/38103
4,علوم القرآن وأصول التفسير,38099,موسوعة التفسير قبل عهد التدوين,https://shamela.ws/book/38099
4,علوم القرآن وأصول التفسير,38095,منهج الإمام الطاهر بن عاشور في التفسير,https://shamela.ws/book/38095
4,علوم القرآن وأصول التفسير,38092,المنار في علوم القرآن مع مدخل في أصول التفسير ومصادره,https://shamela.ws/book/38092
4,علوم القرآن وأصول التفسير,38068,معجم علوم القرآن,https://shamela.ws/book/38068
4,علوم القرآن وأصول التفسير,37998,علوم القرآن عند الشاطبي من خلال كتابه الموافقات,https://shamela.ws/book/37998
4,علوم القرآن وأصول التفسير,38000,عون الحنان في شرح الأمثال في القرآن,https://shamela.ws/book/38000
4,علوم القرآن وأصول التفسير,38007,فقه قراءة القرآن,https://shamela.ws/book/38007
4,علوم القرآن وأصول التفسير,12917,محاضرات في علوم القرآن - غانم قدورى,https://shamela.ws/book/12917
4,علوم القرآن وأصول التفسير,38032,المدخل إلى علوم القرآن الكريم,https://shamela.ws/book/38032
4,علوم القرآن وأصول التفسير,37987,المعجزة القرآنية حقائق علمية قاطعة,https://shamela.ws/book/37987
4,علوم القرآن وأصول التفسير,37174,رد البهتان عن إعراب آيات من القرآن الكريم,https://shamela.ws/book/37174
4,علوم القرآن وأصول التفسير,95559,المحرر في أسباب نزول القرآن من خلال الكتب التسعة,https://shamela.ws/book/95559
4,علوم القرآن وأصول التفسير,65,المتشابه,https://shamela.ws/book/65
4,علوم القرآن وأصول التفسير,1439,الدليل إلى القرآن,https://shamela.ws/book/1439
4,علوم القرآن وأصول التفسير,1465,الاستدلال في التفسير دراسة في منهج الطبري,https://shamela.ws/book/1465
4,علوم القرآن وأصول التفسير,17064,التفسير والمفسرون في غرب أفريقيا,https://shamela.ws/book/17064
4,علوم القرآن وأصول التفسير,144114,موسوعة فضائل سور وآيات القرآن - القسم الصحيح,https://shamela.ws/book/144114
4,علوم القرآن وأصول التفسير,18118,التيسير في أصول واتجاهات التفسير,https://shamela.ws/book/18118
4,علوم القرآن وأصول التفسير,20876,قواعد الترجيح المتعلقة بالنص عند ابن عاشور في تفسيره التحرير والتنوير,https://shamela.ws/book/20876
4,علوم القرآن وأصول التفسير,30053,الكاشف لدقائق المفردات القرآنية,https://shamela.ws/book/30053
4,علوم القرآن وأصول التفسير,132385,الخطاب القرآني لأهل الكتاب وموقفهم منه قديما وحديثا,https://shamela.ws/book/132385
4,علوم القرآن وأصول التفسير,148082,التفسير بالبيان المتصل في القرآن الكريم,https://shamela.ws/book/148082
4,علوم القرآن وأصول التفسير,148084,الشاهد الشعري في تفسير القرآن الكريم أهميته، وأثره، ومناهج المفسرين في الاستشهاد به,https://shamela.ws/book/148084
4,علوم القرآن وأصول التفسير,148083,نقد الصحابة والتابعين للتفسير,https://shamela.ws/book/148083
4,علوم القرآن وأصول التفسير,6,زوائد ابن الجوزي على مقاتل في الوجوه والنظائر,https://shamela.ws/book/6
4,علوم القرآن وأصول التفسير,617,عقود الجوهر الثمين نظم قواعد الترجيح عند المفسرين,https://shamela.ws/book/617
4,علوم القرآن وأصول التفسير,669,قواعد الترجيح عند المفسرين دراسة نظرية تطبيقية,https://shamela.ws/book/669
4,علوم القرآن وأصول التفسير,756,المنهج التأصيلي لدراسة التفسير التحليلي,https://shamela.ws/book/756
4,علوم القرآن وأصول التفسير,929,جنى الخرفة في إبطال القول بالصرفة,https://shamela.ws/book/929
4,علوم القرآن وأصول التفسير,936,دلائل التوفيق لأصح طريق لجمع الصديق,https://shamela.ws/book/936
4,علوم القرآن وأصول التفسير,944,صريح المعقول الموافق لصريح المنقول في مناقشة ثلاثة تفاسير رتبت على ترتيب النزول,https://shamela.ws/book/944
4,علوم القرآن وأصول التفسير,30153,وجوه إعجاز القرآن العظيم,https://shamela.ws/book/30153
5,التجويد والقراءات,29986,مشتبهات القرآن,https://shamela.ws/book/29986
5,التجويد والقراءات,17843,الوقف والابتداء في كتاب الله عز وجل,https://shamela.ws/book/17843
5,التجويد والقراءات,13067,المصاحف لابن أبي داود,https://shamela.ws/book/13067
5,التجويد والقراءات,5530,السبعة في القراءات,https://shamela.ws/book/5530
5,التجويد والقراءات,14255,إيضاح الوقف والابتداء,https://shamela.ws/book/14255
5,التجويد والقراءات,20966,القطع والائتناف,https://shamela.ws/book/20966
5,التجويد والقراءات,10531,أخلاق أهل القرآن,https://shamela.ws/book/10531
5,التجويد والقراءات,8229,معاني القراءات للأزهري,https://shamela.ws/book/8229
5,التجويد والقراءات,31,إعراب القراءات السبع وعللها ت العثيمين,https://shamela.ws/book/31
5,التجويد والقراءات,3,إعراب القراءات السبع وعللها ط العلمية,https://shamela.ws/book/3
5,التجويد والقراءات,26140,الحجة في القراءات السبع,https://shamela.ws/book/26140
5,التجويد والقراءات,35101,الحجة للقراء السبعة,https://shamela.ws/book/35101
5,التجويد والقراءات,36104,المبسوط في القراءات العشر,https://shamela.ws/book/36104
5,التجويد والقراءات,704,المحتسب في تبيين وجوه شواذ القراءات والإيضاح عنها - ط العلمية,https://shamela.ws/book/704
5,التجويد والقراءات,8660,المحتسب في تبيين وجوه شواذ القراءات والإيضاح عنها - ط المجلس الأعلى,https://shamela.ws/book/8660
5,التجويد والقراءات,5531,حجة القراءات,https://shamela.ws/book/5531
5,التجويد والقراءات,8676,الإبانة عن معاني القراءات,https://shamela.ws/book/8676
5,التجويد والقراءات,1271,الكشف عن وجوه القراءات السبع وعللها وحججها,https://shamela.ws/book/1271
5,التجويد والقراءات,5526,الأحرف السبعة للقرآن,https://shamela.ws/book/5526
5,التجويد والقراءات,5542,البيان في عد آي القرآن,https://shamela.ws/book/5542
5,التجويد والقراءات,26458,التحديد في الإتقان والتجويد لأبي عمرو الداني,https://shamela.ws/book/26458
5,التجويد والقراءات,5527,التيسير في القراءات السبع,https://shamela.ws/book/5527
5,التجويد والقراءات,147812,التيسير في القراءات السبع ت الشغدلي,https://shamela.ws/book/147812
5,التجويد والقراءات,5552,المحكم في نقط المصاحف,https://shamela.ws/book/5552
5,التجويد والقراءات,10918,المقنع في رسم مصاحف الأمصار,https://shamela.ws/book/10918
5,التجويد والقراءات,26461,المكتفى في الوقف والابتدا لأبي عمرو الداني,https://shamela.ws/book/26461
5,التجويد والقراءات,10920,النقط,https://shamela.ws/book/10920
5,التجويد والقراءات,37649,جامع البيان في القراءات السبع,https://shamela.ws/book/37649
5,التجويد والقراءات,11523,الوجيز في شرح قراءات القرأة الثمانية أئمة الأمصار الخمسة,https://shamela.ws/book/11523
5,التجويد والقراءات,12228,العنوان في القراءات السبع,https://shamela.ws/book/12228
5,التجويد والقراءات,30043,القراءات المشهورة في الأمصار الآتية مجيء التواتر,https://shamela.ws/book/30043
5,التجويد والقراءات,36957,الكامل في القراءات العشر والأربعين الزائدة عليها,https://shamela.ws/book/36957
5,التجويد والقراءات,29988,مختصر التبيين لهجاء التنزيل,https://shamela.ws/book/29988
5,التجويد والقراءات,1273,التجريد لبغية المريد في القراءات السبع - ت بدر,https://shamela.ws/book/1273
5,التجويد والقراءات,1272,التجريد لبغية المريد في القراءات السبع - ت ضاري,https://shamela.ws/book/1272
5,التجويد والقراءات,1276,إرشاد المبتدي وتذكرة المنتهي في القراءات العشر - رسالة جامعية,https://shamela.ws/book/1276
5,التجويد والقراءات,1283,إرشاد المبتدي وتذكرة المنتهي في القراءات العشر - ط العلمية,https://shamela.ws/book/1283
5,التجويد والقراءات,30187,منازل القرآن في الوقوف,https://shamela.ws/book/30187
5,التجويد والقراءات,10017,الإقناع في القراءات السبع,https://shamela.ws/book/10017
5,التجويد والقراءات,30007,علل الوقوف = الوقف والابتداء - ت العيدي,https://shamela.ws/book/30007
5,التجويد والقراءات,21819,مفاتيح الأغاني في القراءات والمعاني,https://shamela.ws/book/21819
5,التجويد والقراءات,30095,المشيخة البغدادية لأبي طاهر السلفي (1 - 10) ت بو شامة,https://shamela.ws/book/30095
5,التجويد والقراءات,21634,المشيخة البغدادية لأبي طاهر السلفي (1 - 35) ت المزيدي,https://shamela.ws/book/21634
5,التجويد والقراءات,7754,متن الشاطبية = حرز الأماني ووجه التهاني في القراءات السبع,https://shamela.ws/book/7754
5,التجويد والقراءات,37653,جمال القراء وكمال الإقراء - ت عبد الحق,https://shamela.ws/book/37653
5,التجويد والقراءات,10460,جمال القراء وكمال الإقراء - ط المأمون,https://shamela.ws/book/10460
5,التجويد والقراءات,880,شرح الشاطبية فتح الوصيد في شرح القصيد - ت أحمد الزعبي,https://shamela.ws/book/880
5,التجويد والقراءات,5486,شرح الشاطبية إبراز المعاني من حرز الأماني - ت عطوة,https://shamela.ws/book/5486
5,التجويد والقراءات,16999,الدر النثير والعذب النمير,https://shamela.ws/book/16999
5,التجويد والقراءات,29864,الكنز في القراءات العشر,https://shamela.ws/book/29864
5,التجويد والقراءات,145211,روضة التقرير في اختلاف القراءات بين الإرشاد والتيسير,https://shamela.ws/book/145211
5,التجويد والقراءات,30067,طبقات القراء السبعة وذكر مناقبهم وقراءاتهم,https://shamela.ws/book/30067
5,التجويد والقراءات,9597,القواعد والإشارات في أصول القراءات,https://shamela.ws/book/9597
5,التجويد والقراءات,95577,شرح الشاطبية سراج القارئ المبتدي وتذكار المقرئ المنتهي,https://shamela.ws/book/95577
5,التجويد والقراءات,8194,التمهيد في علم التجويد,https://shamela.ws/book/8194
5,التجويد والقراءات,7749,الدرة المضية في القراءات الثلاث المتتمة للعشر,https://shamela.ws/book/7749
5,التجويد والقراءات,581,المقدمة الجزرية - ت القاسم,https://shamela.ws/book/581
5,التجويد والقراءات,12093,المقدمة الجزرية - ط المغني,https://shamela.ws/book/12093
5,التجويد والقراءات,22642,النشر في القراءات العشر,https://shamela.ws/book/22642
5,التجويد والقراءات,5556,تحبير التيسير في القراءات العشر,https://shamela.ws/book/5556
5,التجويد والقراءات,29596,شرح طيبة النشر لابن الجزري,https://shamela.ws/book/29596
5,التجويد والقراءات,30040,غاية النهاية في طبقات القراء - ط الصحابة,https://shamela.ws/book/30040
5,التجويد والقراءات,7795,متن «طيبة النشر» في القراءات العشر,https://shamela.ws/book/7795
5,التجويد والقراءات,8677,منجد المقرئين ومرشد الطالبين,https://shamela.ws/book/8677
5,التجويد والقراءات,38740,شرح طيبة النشر للنويري,https://shamela.ws/book/38740
5,التجويد والقراءات,30041,لطائف الإشارات لفنون القراءات,https://shamela.ws/book/30041
5,التجويد والقراءات,10917,المقصد لتلخيص ما في المرشد,https://shamela.ws/book/10917
5,التجويد والقراءات,923,البدور الزاهرة في القراءات العشر المتواترة - النشار,https://shamela.ws/book/923
5,التجويد والقراءات,38080,المكرر في ما تواتر من القراءات السبع وتحرر,https://shamela.ws/book/38080
5,التجويد والقراءات,1121,الهبات السنية العلية على أبيات الشاطبية الرائية,https://shamela.ws/book/1121
5,التجويد والقراءات,5555,الشمعة المضية,https://shamela.ws/book/5555
5,التجويد والقراءات,17674,بغية المستفيد في علم التجويد,https://shamela.ws/book/17674
5,التجويد والقراءات,10011,تنبيه الخلان بتكميل مورد الظمآن مطبوع ضمن كتاب دليل الحيران على مورد الظمآن,https://shamela.ws/book/10011
5,التجويد والقراءات,6496,منار الهدى في بيان الوقف والابتدا ت عبد الرحيم الطرهوني,https://shamela.ws/book/6496
5,التجويد والقراءات,38091,منار الهدى في بيان الوقف والابتدا ومعه المقصد لتلخيص ما في المرشد,https://shamela.ws/book/38091
5,التجويد والقراءات,10010,إتحاف فضلاء البشر في القراءات الأربعة عشر,https://shamela.ws/book/10010
5,التجويد والقراءات,10929,تنبيه الغافلين وإرشاد الجاهلين,https://shamela.ws/book/10929
5,التجويد والقراءات,27083,غيث النفع في القراءات السبع,https://shamela.ws/book/27083
5,التجويد والقراءات,122170,تحرير النشر = إتحاف البررة بما سكت عنه نشر العشرة,https://shamela.ws/book/122170
5,التجويد والقراءات,9632,تحفة الأطفال والغلمان في تجويد القرآن,https://shamela.ws/book/9632
5,التجويد والقراءات,1484,دليل الحيران على مورد الظمآن,https://shamela.ws/book/1484
5,التجويد والقراءات,12754,العميد في علم التجويد,https://shamela.ws/book/12754
5,التجويد والقراءات,21530,القول الأصدق في بيان ما خالف فيه الأصبهاني الأزرق,https://shamela.ws/book/21530
5,التجويد والقراءات,211,فتح الكريم المنان في آداب حملة القرآن,https://shamela.ws/book/211
5,التجويد والقراءات,2228,تاريخ القرآن الكريم,https://shamela.ws/book/2228
5,التجويد والقراءات,57,البدور الزاهرة في القراءات العشر المتواترة - عبد الفتاح القاضي,https://shamela.ws/book/57
5,التجويد والقراءات,8649,الفرائد الحسان في عد آى القرآن,https://shamela.ws/book/8649
5,التجويد والقراءات,38075,الوافي في شرح الشاطبية,https://shamela.ws/book/38075
5,التجويد والقراءات,95585,شرح النظم الجامع لقراءة الإمام نافع,https://shamela.ws/book/95585
5,التجويد والقراءات,22869,هداية القاري إلى تجويد كلام الباري,https://shamela.ws/book/22869
5,التجويد والقراءات,5464,الوجيز في علم التجويد,https://shamela.ws/book/5464
5,التجويد والقراءات,8633,مدخل في علوم القراءات,https://shamela.ws/book/8633
5,التجويد والقراءات,8644,نزول القرآن على سبعة أحرف,https://shamela.ws/book/8644
5,التجويد والقراءات,10014,رسم المصحف العثماني وأوهام المستشرقين في قراءات القرآن الكريم,https://shamela.ws/book/10014
5,التجويد والقراءات,95569,القراءات وأثرها في علوم العربية,https://shamela.ws/book/95569
5,التجويد والقراءات,8650,الهادي شرح طيبة النشر في القراءات العشر,https://shamela.ws/book/8650
5,التجويد والقراءات,7311,غاية المريد في علم التجويد,https://shamela.ws/book/7311
5,التجويد والقراءات,37483,تاريخ نزول القرآن,https://shamela.ws/book/37483
5,التجويد والقراءات,11443,مزاعم المستشرقين حول القرآن الكريم,https://shamela.ws/book/11443
5,التجويد والقراءات,29909,فريدة الدهر في تأصيل وجمع القراءات,https://shamela.ws/book/29909
5,التجويد والقراءات,1548,تلحين النحويين للقراء,https://shamela.ws/book/1548
5,التجويد والقراءات,38050,المختصر المفيد في أحكام التجويد - بآخر مصحف القراءات والتجويد,https://shamela.ws/book/38050
5,التجويد والقراءات,21580,فتح رب البرية شرح المقدمة الجزرية في علم التجويد,https://shamela.ws/book/21580
5,التجويد والقراءات,11528,رسم المصحف وضبطه بين التوقيف والاصطلاحات الحديثة,https://shamela.ws/book/11528
5,التجويد والقراءات,11301,قواعد التجويد على رواية حفص عن عاصم بن أبي النجود,https://shamela.ws/book/11301
5,التجويد والقراءات,10901,آيات متشابهات الألفاظ في القرآن الكريم وكيف التمييز بينها,https://shamela.ws/book/10901
5,التجويد والقراءات,29915,مجموعة مهمة في التجويد والقراءات,https://shamela.ws/book/29915
5,التجويد والقراءات,38076,مقدمات في علم القراءات,https://shamela.ws/book/38076
5,التجويد والقراءات,806,ورد الطائف في شرح روضة الطرائف في رسم المصحف,https://shamela.ws/book/806
5,التجويد والقراءات,11358,كيف تحفظ القرآن الكريم,https://shamela.ws/book/11358
5,التجويد والقراءات,30049,مختصر العبارات لمعجم مصطلحات القراءات,https://shamela.ws/book/30049
5,التجويد والقراءات,5465,تطور كتابة المصحف الشريف وطباعته,https://shamela.ws/book/5465
5,التجويد والقراءات,8552,المصاحف المخطوطة في القرن الحادي عشر الهجري,https://shamela.ws/book/8552
5,التجويد والقراءات,8563,المقومات الشخصية لمعلم القرآن الكريم,https://shamela.ws/book/8563
5,التجويد والقراءات,7497,إدراك المعلم للأساليب التربوية الفاعلة في حلقات الجمعيات الخيرية لتعليم وتحفيظ القرآن الكريم,https://shamela.ws/book/7497
5,التجويد والقراءات,11103,تقويم تعليم حفظ القرآن الكريم وتعليمه في حلقات جمعيات تحفيظ القرآن الكريم,https://shamela.ws/book/11103
5,التجويد والقراءات,11131,جمع القرآن الكريم حفظا وكتابة,https://shamela.ws/book/11131
5,التجويد والقراءات,11132,جمع القرآن الكريم في عهد الخلفاء الراشدين - عبد القيوم السندي,https://shamela.ws/book/11132
5,التجويد والقراءات,8639,صفحات في علوم القراءات,https://shamela.ws/book/8639
5,التجويد والقراءات,12108,نحو معجم تاريخي للمصطلحات القرآنية المعرفة,https://shamela.ws/book/12108
5,التجويد والقراءات,12110,نزول القرآن الكريم والعناية به في عهد الرسول صلى الله عليه وسلم,https://shamela.ws/book/12110
5,التجويد والقراءات,12114,نزول القرآن الكريم والعناية به في عهد النبي صلى الله عليه وسلم,https://shamela.ws/book/12114
5,التجويد والقراءات,12112,نزول القران الكريم وتاريخه وما يتعلق به,https://shamela.ws/book/12112
5,التجويد والقراءات,11134,جمع القرآن الكريم في عهد الخلفاء الراشدين - فهد الرومي,https://shamela.ws/book/11134
5,التجويد والقراءات,38020,القراءات المتواترة وأثرها في الرسم القرآني والأحكام الشرعية,https://shamela.ws/book/38020
5,التجويد والقراءات,21513,معلم التجويد,https://shamela.ws/book/21513
5,التجويد والقراءات,8754,الإسناد عند علماء القراءات,https://shamela.ws/book/8754
5,التجويد والقراءات,21557,الوجيز في حكم تجويد الكتاب العزيز,https://shamela.ws/book/21557
5,التجويد والقراءات,37676,جمع القرآن - دراسة تحليلية لمروياته,https://shamela.ws/book/37676
5,التجويد والقراءات,1286,الميسر في القراءات الأربع عشرة,https://shamela.ws/book/1286
5,التجويد والقراءات,989,تقويم طرق تعليم القرآن الكريم في مراحل التعليم العام والتعليم الجامعي,https://shamela.ws/book/989
5,التجويد والقراءات,11106,تقويم طرق تعليم القرآن وعلومه في مدارس تحفيظ القرآن الكريم,https://shamela.ws/book/11106
5,التجويد والقراءات,11101,تقويم أساليب تعليم القرآن الكريم وعلومه في وسائل الإعلام,https://shamela.ws/book/11101
5,التجويد والقراءات,22883,الفصل والوصل في القرآن الكريم,https://shamela.ws/book/22883
5,التجويد والقراءات,2916,ظاهرة المد في الأداء القرآني دراسة صوتية للمدة الزمنية للمد العارض للسكون,https://shamela.ws/book/2916
5,التجويد والقراءات,36539,فضل علم الوقف والابتداء وحكم الوقف على رؤوس الآيات,https://shamela.ws/book/36539
5,التجويد والقراءات,1268,المآخذ على تحقيق ضاري الدوري لكتاب التجريد لابن الفحام,https://shamela.ws/book/1268
5,التجويد والقراءات,37680,الجوانب الصوتية في كتب الاحتجاج للقراءات,https://shamela.ws/book/37680
5,التجويد والقراءات,8643,الوقف القرآني وأثره في الترجيح عند الحنفية,https://shamela.ws/book/8643
5,التجويد والقراءات,37615,الوافي في كيفية ترتيل القرآن الكريم,https://shamela.ws/book/37615
5,التجويد والقراءات,38104,الميزان في أحكام تجويد القرآن,https://shamela.ws/book/38104
5,التجويد والقراءات,38025,القول السديد في علم التجويد,https://shamela.ws/book/38025
5,التجويد والقراءات,38039,مباحث في علم القراءات مع بيان أصول رواية حفص,https://shamela.ws/book/38039
5,التجويد والقراءات,38033,كيف تقرأ القرآن الكريم برواية الإمام قالون عن نافع المدني,https://shamela.ws/book/38033
5,التجويد والقراءات,13240,القراءات روايتا ورش وحفص دراسة تحليلية مقارنة,https://shamela.ws/book/13240
5,التجويد والقراءات,17065,الروضة الندية شرح متن الجزرية,https://shamela.ws/book/17065
5,التجويد والقراءات,143911,الرتب العليات النورانية في فضل القراءات القرآنية,https://shamela.ws/book/143911
5,التجويد والقراءات,688,تيسير أحكام التجويد - المستوى الأول,https://shamela.ws/book/688
5,التجويد والقراءات,909,أحسن المناحي في إثبات أن الرسم العثماني توقيفي لا اصطلاحي,https://shamela.ws/book/909
5,التجويد والقراءات,937,الإتقان في ضوابط تسجيل القرآن,https://shamela.ws/book/937
5,التجويد والقراءات,825,الشفعة بين الجمع العثماني والأحرف السبعة,https://shamela.ws/book/825
5,التجويد والقراءات,942,الكواشف الجلية في حكم قراءة القرآن بالمقامات الموسيقية,https://shamela.ws/book/942
6,كتب السنة,5722,فضائل مكة - الحسن البصري,https://shamela.ws/book/5722
6,كتب السنة,30310,أحاديث يزيد بن أبي حبيب المصري - ضمن «أحاديث الشيوخ الكبار»,https://shamela.ws/book/30310
6,كتب السنة,29699,نسخة الزبير بن عدي,https://shamela.ws/book/29699
6,كتب السنة,7776,صحيفة همام بن منبه,https://shamela.ws/book/7776
6,كتب السنة,1342,أحاديث منتخبة من مغازي موسى بن عقبة,https://shamela.ws/book/1342
6,كتب السنة,26745,حديث مجاعة بن الزبير,https://shamela.ws/book/26745
6,كتب السنة,29120,مسند أبي حنيفة رواية الحصكفي,https://shamela.ws/book/29120
6,كتب السنة,5610,الجامع - معمر بن راشد,https://shamela.ws/book/5610
6,كتب السنة,29701,من أحاديث سفيان الثوري - رواية السري بن يحيى - جوامع الكلم,https://shamela.ws/book/29701
6,كتب السنة,26548,من حديث سفيان الثوري - ت عامر صبري,https://shamela.ws/book/26548
6,كتب السنة,26922,الحج للماجشون,https://shamela.ws/book/26922
6,كتب السنة,24831,مشيخة ابن طهمان,https://shamela.ws/book/24831
6,كتب السنة,9556,عشرة أحاديث من الجزء المنتقى الأول والثاني من حديث الليث,https://shamela.ws/book/9556
6,كتب السنة,5676,عوالي الليث بن سعد,https://shamela.ws/book/5676
6,كتب السنة,9812,مجلس من فوائد الليث بن سعد,https://shamela.ws/book/9812
6,كتب السنة,8140,موطأ مالك - رواية أبي مصعب الزهري,https://shamela.ws/book/8140
6,كتب السنة,16050,موطأ مالك - رواية محمد بن الحسن الشيباني,https://shamela.ws/book/16050
6,كتب السنة,28107,موطأ مالك - رواية يحيى - ت الأعظمي,https://shamela.ws/book/28107
6,كتب السنة,1699,موطأ مالك - رواية يحيى - ت عبد الباقي,https://shamela.ws/book/1699
6,كتب السنة,21544,حديث علي بن حجر عن إسماعيل بن جعفر,https://shamela.ws/book/21544
6,كتب السنة,3610,الجهاد - ابن المبارك,https://shamela.ws/book/3610
6,كتب السنة,13028,الزهد والرقائق - ابن المبارك - ت الأعظمي,https://shamela.ws/book/13028
6,كتب السنة,23101,مسند ابن المبارك,https://shamela.ws/book/23101
6,كتب السنة,12987,الآثار لأبي يوسف,https://shamela.ws/book/12987
6,كتب السنة,9412,نسخة إبراهيم بن سعد - ضمن مجموع الفوائد لابن منده,https://shamela.ws/book/9412
6,كتب السنة,1332,الآثار لمحمد بن الحسن,https://shamela.ws/book/1332
6,كتب السنة,23102,الدعاء - الضبي,https://shamela.ws/book/23102
6,كتب السنة,26865,الجامع - ابن وهب - ت رفعت فوزي,https://shamela.ws/book/26865
6,كتب السنة,1380,الجامع - ابن وهب - ت مصطفى أبو الخير,https://shamela.ws/book/1380
6,كتب السنة,153,القدر - ابن وهب - ت الحفيان,https://shamela.ws/book/153
6,كتب السنة,5604,القدر - ابن وهب - ت العثيم,https://shamela.ws/book/5604
6,كتب السنة,30522,الموطأ كتاب القضاء في البيوع,https://shamela.ws/book/30522
6,كتب السنة,12534,الموطأ لابن وهب - قطعة منه - ت الصيني,https://shamela.ws/book/12534
6,كتب السنة,30173,كتاب المحاربة من موطأ ابن وهب,https://shamela.ws/book/30173
6,كتب السنة,916,موطأ ابن وهب الصغير,https://shamela.ws/book/916
6,كتب السنة,23118,نسخة وكيع عن الأعمش,https://shamela.ws/book/23118
6,كتب السنة,26337,حديث سفيان بن عيينة رواية المروزي,https://shamela.ws/book/26337
6,كتب السنة,26647,الخراج ليحيى بن آدم,https://shamela.ws/book/26647
6,كتب السنة,13033,السنن المأثورة للشافعي,https://shamela.ws/book/13033
6,كتب السنة,9344,مسند الشافعي,https://shamela.ws/book/9344
6,كتب السنة,21495,مسند الشافعي - ترتيب السندي,https://shamela.ws/book/21495
6,كتب السنة,9615,مسند الشافعي - ترتيب سنجر,https://shamela.ws/book/9615
6,كتب السنة,1456,مسند أبي داود الطيالسي,https://shamela.ws/book/1456
6,كتب السنة,11475,جزء بكر بن بكار,https://shamela.ws/book/11475
6,كتب السنة,25783,جزء الحسن بن موسى الأشيب,https://shamela.ws/book/25783
6,كتب السنة,25782,الأمالي في آثار الصحابة لعبد الرزاق الصنعاني,https://shamela.ws/book/25782
6,كتب السنة,13174,المصنف - عبد الرزاق - ت الأعظمي,https://shamela.ws/book/13174
6,كتب السنة,84,المصنف - عبد الرزاق - ط التأصيل الثانية,https://shamela.ws/book/84
6,كتب السنة,13110,حديث محمد بن عبد الله الأنصاري,https://shamela.ws/book/13110
6,كتب السنة,13185,نسخة أبي مسهر وغيره,https://shamela.ws/book/13185
6,كتب السنة,8493,مسند الحميدي,https://shamela.ws/book/8493
6,كتب السنة,9644,الصلاة لأبي نعيم الفضل بن دكين,https://shamela.ws/book/9644
6,كتب السنة,30305,أحاديث عفان بن مسلم - ضمن «أحاديث الشيوخ الكبار»,https://shamela.ws/book/30305
6,كتب السنة,29703,جزء آدم بن أبي إياس,https://shamela.ws/book/29703
6,كتب السنة,29704,حديث أبي اليمان,https://shamela.ws/book/29704
6,كتب السنة,9633,نسخة عبد الله بن صالح كاتب الليث,https://shamela.ws/book/9633
6,كتب السنة,12999,الأموال - أبو عبيد,https://shamela.ws/book/12999
6,كتب السنة,26510,الخطب والمواعظ - أبو عبيد,https://shamela.ws/book/26510
6,كتب السنة,262,الطهور - أبو عبيد - ت مشهور,https://shamela.ws/book/262
6,كتب السنة,26863,التعازي لأبي الحسن المدائني,https://shamela.ws/book/26863
6,كتب السنة,30117,أحاديث منصور بن عمار,https://shamela.ws/book/30117
6,كتب السنة,13122,سنن سعيد بن منصور - الفرائض إلى الجهاد - ت الأعظمي,https://shamela.ws/book/13122
6,كتب السنة,1254,سنن سعيد بن منصور - بداية التفسير - ت الحميد,https://shamela.ws/book/1254
6,كتب السنة,161,سنن سعيد بن منصور - تكملة التفسير - ط الألوكة,https://shamela.ws/book/161
6,كتب السنة,13047,الفتن لنعيم بن حماد,https://shamela.ws/book/13047
6,كتب السنة,9088,جزء أبي الجهم,https://shamela.ws/book/9088
6,كتب السنة,4407,مسند ابن الجعد,https://shamela.ws/book/4407
6,كتب السنة,9413,جزء يعلى بن عباد,https://shamela.ws/book/9413
6,كتب السنة,29705,حديث خالد بن مرداس السراج,https://shamela.ws/book/29705
6,كتب السنة,9294,الجزء الثاني من حديث يحيى بن معين الفوائد رواية أبي بكر المروزي,https://shamela.ws/book/9294
6,كتب السنة,11037,حديث يحيى بن معين رواية أبي منصور الشيباني,https://shamela.ws/book/11037
6,كتب السنة,7777,العلم - زهير بن حرب,https://shamela.ws/book/7777
6,كتب السنة,638,الأدب - ابن أبي شيبة (235),https://shamela.ws/book/638
6,كتب السنة,9944,المصنف - ابن أبي شيبة - ت الحوت,https://shamela.ws/book/9944
6,كتب السنة,333,المصنف - ابن أبي شيبة - ت الشثري,https://shamela.ws/book/333
6,كتب السنة,13155,مسند ابن أبي شيبة,https://shamela.ws/book/13155
6,كتب السنة,8219,القضاء لسريج بن يونس,https://shamela.ws/book/8219
6,كتب السنة,7755,الكرم والجود للبرجلاني,https://shamela.ws/book/7755
6,كتب السنة,7819,من حديث ابن العسكري عن شيوخه,https://shamela.ws/book/7819
6,كتب السنة,13159,مسند إسحاق بن راهويه,https://shamela.ws/book/13159
6,كتب السنة,1423,مسند إسحاق بن راهويه - مسند ابن عباس,https://shamela.ws/book/1423
6,كتب السنة,26808,أدب النساء لعبد الملك بن حبيب,https://shamela.ws/book/26808
6,كتب السنة,26569,أشراط الساعة وذهاب الأخيار وبقاء الأشرار لعبد الملك بن حبيب,https://shamela.ws/book/26569
6,كتب السنة,12863,مسند خليفة بن خياط,https://shamela.ws/book/12863
6,كتب السنة,13136,فضائل الصحابة لأحمد بن حنبل,https://shamela.ws/book/13136
6,كتب السنة,98139,مسند أحمد - ت شاكر - ط دار الحديث,https://shamela.ws/book/98139
6,كتب السنة,25794,مسند أحمد - ط الرسالة,https://shamela.ws/book/25794
6,كتب السنة,10620,الأربعون لمحمد بن أسلم الطوسي,https://shamela.ws/book/10620
6,كتب السنة,13006,الإيمان للعدني,https://shamela.ws/book/13006
6,كتب السنة,1459,جزء لوين,https://shamela.ws/book/1459
6,كتب السنة,29848,حديث لوين المصيصي,https://shamela.ws/book/29848
6,كتب السنة,13112,حديث هشام بن عمار,https://shamela.ws/book/13112
6,كتب السنة,26754,عوالي مالك رواية هشام بن عمار,https://shamela.ws/book/26754
6,كتب السنة,26929,أمهات النبي لابن حبيب,https://shamela.ws/book/26929
6,كتب السنة,13007,البر والصلة للحسين بن حرب,https://shamela.ws/book/13007
6,كتب السنة,13106,جزء قراءات النبي - أبو عمر الدوري,https://shamela.ws/book/13106
6,كتب السنة,13166,مسند سعد بن أبي وقاص,https://shamela.ws/book/13166
6,كتب السنة,29707,الثامن من أجزاء أبي علي بن شاذان,https://shamela.ws/book/29707
6,كتب السنة,29847,الثاني من أجزاء أبي علي بن شاذان,https://shamela.ws/book/29847
6,كتب السنة,30738,حديث ذي النون المصري,https://shamela.ws/book/30738
6,كتب السنة,13170,المنتخب من مسند عبد بن حميد ت صبحي السامرائي,https://shamela.ws/book/13170
6,كتب السنة,10631,المنتخب من مسند عبد بن حميد ت مصطفى العدوي,https://shamela.ws/book/10631
6,كتب السنة,21676,من عوالي مسند عبد بن حميد,https://shamela.ws/book/21676
6,كتب السنة,115123,أخبار مكة - الأزرقي - ت ابن دهيش,https://shamela.ws/book/115123
6,كتب السنة,30062,أخبار مكة - الأزرقي - ت علي عمر,https://shamela.ws/book/30062
6,كتب السنة,9621,أخبار مكة - الأزرقي - ت ملحس,https://shamela.ws/book/9621
6,كتب السنة,338,الأموال لابن زنجويه,https://shamela.ws/book/338
6,كتب السنة,13102,جزء المؤمل,https://shamela.ws/book/13102
6,كتب السنة,36114,مسند الدارمي - ت الزهراني,https://shamela.ws/book/36114
6,كتب السنة,21795,مسند الدارمي - ت حسين أسد,https://shamela.ws/book/21795
6,كتب السنة,26923,الحج مما ليس في المدونة للعتبي,https://shamela.ws/book/26923
6,كتب السنة,9647,الأدب المفرد - بأحكام الألباني - ت الزهيري,https://shamela.ws/book/9647
6,كتب السنة,12991,الأدب المفرد - ت عبد الباقي,https://shamela.ws/book/12991
6,كتب السنة,8218,القراءة خلف الإمام للبخاري,https://shamela.ws/book/8218
6,كتب السنة,1368,بر الوالدين - البخاري - ت عبد العاطي,https://shamela.ws/book/1368
6,كتب السنة,1362,بر الوالدين - البخاري - ت مكي,https://shamela.ws/book/1362
6,كتب السنة,9697,خلق أفعال العباد للبخاري,https://shamela.ws/book/9697
6,كتب السنة,735,صحيح البخاري - ت البغا,https://shamela.ws/book/735
6,كتب السنة,1284,صحيح البخاري - ط التأصيل,https://shamela.ws/book/1284
6,كتب السنة,1681,صحيح البخاري - ط السلطانية,https://shamela.ws/book/1681
6,كتب السنة,1376,صحيح البخاري - ن عطاءات العلم,https://shamela.ws/book/1376
6,كتب السنة,1613,قرة العينين برفع اليدين في الصلاة,https://shamela.ws/book/1613
6,كتب السنة,1341,صحيح الأدب المفرد,https://shamela.ws/book/1341
6,كتب السنة,1346,ضعيف الأدب المفرد,https://shamela.ws/book/1346
6,كتب السنة,28453,الأخبار الموفقيات للزبير بن بكار,https://shamela.ws/book/28453
6,كتب السنة,6599,المنتخب من كتاب أزواج النبي صلى الله عليه وسلم,https://shamela.ws/book/6599
6,كتب السنة,9313,جزء ابن عرفة,https://shamela.ws/book/9313
6,كتب السنة,26353,حديث أبي سعيد الأشج,https://shamela.ws/book/26353
6,كتب السنة,26504,أحاديث منتقاة من جزء ابن الفرات انتقاء العلائي,https://shamela.ws/book/26504
6,كتب السنة,26716,عوالي جزء ابن الفرات انتقاء الذهبي,https://shamela.ws/book/26716
6,كتب السنة,30368,جزء محمد بن يحيى الذهلي,https://shamela.ws/book/30368
6,كتب السنة,21684,من أحاديث محمد بن يحيى الذهلي رواية المعقلي عنه,https://shamela.ws/book/21684
6,كتب السنة,4096,أحاديث منتخبة من كتاب أمارات النبوة,https://shamela.ws/book/4096
6,كتب السنة,13165,مسند بلال بن رباح,https://shamela.ws/book/13165
6,كتب السنة,1727,صحيح مسلم - ت عبد الباقي,https://shamela.ws/book/1727
6,كتب السنة,711,صحيح مسلم - ط التركية,https://shamela.ws/book/711
6,كتب السنة,9314,جزء محمد بن عاصم الثقفي,https://shamela.ws/book/9314
6,كتب السنة,13172,مسند عمر بن الخطاب ليعقوب بن شيبة,https://shamela.ws/book/13172
6,كتب السنة,13086,أخبار المدينة = تاريخ المدينة - ت شلتوت,https://shamela.ws/book/13086
6,كتب السنة,29709,حديث بشر بن مطر,https://shamela.ws/book/29709
6,كتب السنة,26816,جزء سعدان,https://shamela.ws/book/26816
6,كتب السنة,29708,الثاني من حديث سفيان بن عيينة للطائي,https://shamela.ws/book/29708
6,كتب السنة,22657,تركة النبي,https://shamela.ws/book/22657
6,كتب السنة,30432,حديث عباس الترقفي,https://shamela.ws/book/30432
6,كتب السنة,12998,الأمالي والقراءة,https://shamela.ws/book/12998
6,كتب السنة,26872,المحبة لله لأبي إسحاق الختلي,https://shamela.ws/book/26872
6,كتب السنة,9399,جزء من أحاديث القزاز عن شيوخه,https://shamela.ws/book/9399
6,كتب السنة,9051,جزء أحمد بن عصام,https://shamela.ws/book/9051
6,كتب السنة,98138,سنن ابن ماجه - ت الأرنؤوط,https://shamela.ws/book/98138
6,كتب السنة,1198,سنن ابن ماجه - ت عبد الباقي,https://shamela.ws/book/1198
6,كتب السنة,1194,سنن ابن ماجه - ت هادي,https://shamela.ws/book/1194
6,كتب السنة,22579,أخبار مكة - الفاكهي - ط 2,https://shamela.ws/book/22579
6,كتب السنة,27,أخبار مكة - الفاكهي - ط 4,https://shamela.ws/book/27
6,كتب السنة,13046,الفتن لحنبل بن إسحاق,https://shamela.ws/book/13046
6,كتب السنة,13104,جزء حنبل بن إسحاق,https://shamela.ws/book/13104
6,كتب السنة,29711,مسند أبي أمية الطرسوسي,https://shamela.ws/book/29711
6,كتب السنة,13169,مسند عبد الله بن عمر للطرسوسي,https://shamela.ws/book/13169
6,كتب السنة,26550,سنن أبي بكر الأثرم,https://shamela.ws/book/26550
6,كتب السنة,26664,ناسخ الحديث ومنسوخه للأثرم,https://shamela.ws/book/26664
6,كتب السنة,8215,الزهد لأبي داود,https://shamela.ws/book/8215
6,كتب السنة,13063,المراسيل لأبي داود,https://shamela.ws/book/13063
6,كتب السنة,117359,سنن أبي داود - ت الأرنؤوط,https://shamela.ws/book/117359
6,كتب السنة,1726,سنن أبي داود - ت محيي الدين عبد الحميد,https://shamela.ws/book/1726
6,كتب السنة,654,سنن أبي داود - ط دهلي مع عون المعبود,https://shamela.ws/book/654
6,كتب السنة,9356,أخبار الشيوخ وأخلاقهم,https://shamela.ws/book/9356
6,كتب السنة,6785,الورع - المروذي,https://shamela.ws/book/6785
6,كتب السنة,30528,حديث ابن ملاعب,https://shamela.ws/book/30528
6,كتب السنة,26460,الاختلاف في اللفظ والرد على الجهمية لابن قتيبة,https://shamela.ws/book/26460
6,كتب السنة,13015,الحوض والكوثر لبقي بن مخلد,https://shamela.ws/book/13015
6,كتب السنة,26449,مسند عابس الغفاري لابن أبي غرزة,https://shamela.ws/book/26449
6,كتب السنة,3525,الزهد لأبي حاتم,https://shamela.ws/book/3525
6,كتب السنة,21670,مشيخة يعقوب بن سفيان الفسوي,https://shamela.ws/book/21670
6,كتب السنة,7895,سنن الترمذي - ت بشار,https://shamela.ws/book/7895
6,كتب السنة,1435,سنن الترمذي - ت شاكر,https://shamela.ws/book/1435
6,كتب السنة,1363,سنن الترمذي - ط الرسالة,https://shamela.ws/book/1363
6,كتب السنة,700,مختصر الشمائل,https://shamela.ws/book/700
6,كتب السنة,13168,مسند عبد الرحمن بن عوف للبرتي,https://shamela.ws/book/13168
6,كتب السنة,13187,إصلاح المال,https://shamela.ws/book/13187
6,كتب السنة,6022,اصطناع المعروف لابن أبي الدنيا,https://shamela.ws/book/6022
6,كتب السنة,8207,الأمر بالمعروف والنهي عن المنكر- ابن أبي الدنيا,https://shamela.ws/book/8207
6,كتب السنة,12704,الأهوال لابن أبي الدنيا,https://shamela.ws/book/12704
6,كتب السنة,13003,الأولياء لابن أبي الدنيا,https://shamela.ws/book/13003
6,كتب السنة,6225,الإخلاص والنية لابن أبي الدنيا,https://shamela.ws/book/6225
6,كتب السنة,12990,الإخوان لابن أبي الدنيا,https://shamela.ws/book/12990
6,كتب السنة,12994,الإشراف في منازل الأشراف لابن أبي الدنيا,https://shamela.ws/book/12994
6,كتب السنة,12996,الاعتبار وأعقاب السرور لابن أبي الدنيا,https://shamela.ws/book/12996
6,كتب السنة,13009,التواضع والخمول لابن أبي الدنيا,https://shamela.ws/book/13009
6,كتب السنة,8253,التوبة لابن أبي الدنيا,https://shamela.ws/book/8253
6,كتب السنة,8254,التوكل على الله لابن أبي الدنيا,https://shamela.ws/book/8254
6,كتب السنة,9306,الجوع لابن أبي الدنيا,https://shamela.ws/book/9306
6,كتب السنة,13014,الحلم لابن أبي الدنيا,https://shamela.ws/book/13014
6,كتب السنة,13024,الرضا عن الله بقضائه لابن أبي الدنيا,https://shamela.ws/book/13024
6,كتب السنة,8256,الرقة والبكاء لابن أبي الدنيا,https://shamela.ws/book/8256
6,كتب السنة,8216,الزهد لابن أبي الدنيا,https://shamela.ws/book/8216
6,كتب السنة,13036,الشكر لابن أبي الدنيا,https://shamela.ws/book/13036
6,كتب السنة,8259,الصبر والثواب عليه لابن أبي الدنيا,https://shamela.ws/book/8259
6,كتب السنة,13039,الصمت وآداب اللسان,https://shamela.ws/book/13039
6,كتب السنة,26356,العزلة والانفراد,https://shamela.ws/book/26356
6,كتب السنة,3732,العقل وفضله لابن أبي الدنيا,https://shamela.ws/book/3732
6,كتب السنة,8266,العقوبات لابن أبي الدنيا,https://shamela.ws/book/8266
6,كتب السنة,13044,العمر والشيب لابن أبي الدنيا,https://shamela.ws/book/13044
6,كتب السنة,9307,الفرج بعد الشدة لابن أبي الدنيا,https://shamela.ws/book/9307
6,كتب السنة,10628,القبور لابن أبي الدنيا,https://shamela.ws/book/10628
6,كتب السنة,22347,القناعة والتعفف,https://shamela.ws/book/22347
6,كتب السنة,13057,المتمنين لابن أبي الدنيا,https://shamela.ws/book/13057
6,كتب السنة,13058,المحتضرين لابن أبي الدنيا,https://shamela.ws/book/13058
6,كتب السنة,13064,المرض والكفارات لابن أبي الدنيا,https://shamela.ws/book/13064
6,كتب السنة,8273,المطر والرعد والبرق لابن أبي الدنيا,https://shamela.ws/book/8273
6,كتب السنة,13070,المنامات لابن أبي الدنيا,https://shamela.ws/book/13070
6,كتب السنة,13075,النفقة على العيال لابن أبي الدنيا,https://shamela.ws/book/13075
6,كتب السنة,13076,الهم والحزن لابن أبي الدنيا,https://shamela.ws/book/13076
6,كتب السنة,28237,الهواتف = هواتف الجنان لابن أبي الدنيا,https://shamela.ws/book/28237
6,كتب السنة,13077,الوجل والتوثق بالعمل لابن أبي الدنيا,https://shamela.ws/book/13077
6,كتب السنة,13078,الورع لابن أبي الدنيا,https://shamela.ws/book/13078
6,كتب السنة,8220,اليقين لابن أبي الدنيا,https://shamela.ws/book/8220
6,كتب السنة,13113,حسن الظن بالله لابن أبي الدنيا,https://shamela.ws/book/13113
6,كتب السنة,26874,حلم معاوية لابن أبي الدنيا,https://shamela.ws/book/26874
6,كتب السنة,8228,ذم البغى لابن أبي الدنيا,https://shamela.ws/book/8228
6,كتب السنة,21546,ذم الدنيا,https://shamela.ws/book/21546
6,كتب السنة,8241,ذم الغيبة والنميمة لابن أبي الدنيا,https://shamela.ws/book/8241
6,كتب السنة,8071,ذم الكذب - من الصمت وآداب اللسان,https://shamela.ws/book/8071
6,كتب السنة,13117,ذم المسكر لابن أبي الدنيا,https://shamela.ws/book/13117
6,كتب السنة,8230,ذم الملاهي لابن أبي الدنيا,https://shamela.ws/book/8230
6,كتب السنة,12737,صفة الجنة لابن أبي الدنيا ت العساسلة,https://shamela.ws/book/12737
6,كتب السنة,8234,صفة الجنة لابن أبي الدنيا ت سليم,https://shamela.ws/book/8234
6,كتب السنة,13128,صفة النار لابن أبي الدنيا,https://shamela.ws/book/13128
6,كتب السنة,10799,فضائل رمضان لابن أبي الدنيا,https://shamela.ws/book/10799
6,كتب السنة,11030,قرى الضيف لابن أبي الدنيا,https://shamela.ws/book/11030
6,كتب السنة,6899,قصر الأمل لابن أبي الدنيا,https://shamela.ws/book/6899
6,كتب السنة,13149,قضاء الحوائج لابن أبي الدنيا,https://shamela.ws/book/13149
6,كتب السنة,8242,كلام الليالي والأيام لابن أبي الدنيا,https://shamela.ws/book/8242
6,كتب السنة,12936,مجابو الدعوة لابن أبي الدنيا,https://shamela.ws/book/12936
6,كتب السنة,12739,محاسبة النفس لابن أبي الدنيا,https://shamela.ws/book/12739
6,كتب السنة,13152,مداراة الناس لابن أبي الدنيا,https://shamela.ws/book/13152
6,كتب السنة,12751,مقتل علي لابن أبي الدنيا,https://shamela.ws/book/12751
6,كتب السنة,8061,مكائد الشيطان,https://shamela.ws/book/8061
6,كتب السنة,13180,مكارم الأخلاق لابن أبي الدنيا,https://shamela.ws/book/13180
6,كتب السنة,13183,من عاش بعد الموت لابن أبي الدنيا,https://shamela.ws/book/13183
6,كتب السنة,10627,الفوائد المعللة لأبي زرعة الدمشقي,https://shamela.ws/book/10627
6,كتب السنة,26740,حديث ابن ديزيل,https://shamela.ws/book/26740
6,كتب السنة,13160,بغية الباحث عن زوائد مسند الحارث,https://shamela.ws/book/13160
6,كتب السنة,9808,عوالي الحارث,https://shamela.ws/book/9808
6,كتب السنة,30158,مسند الحارث بن أبي أسامة,https://shamela.ws/book/30158
6,كتب السنة,8474,أحاديث أيوب السختيانى,https://shamela.ws/book/8474
6,كتب السنة,1462,فضل الصلاة على النبي لإسماعيل القاضي,https://shamela.ws/book/1462
6,كتب السنة,26440,مسند حديث مالك لإسماعيل القاضي,https://shamela.ws/book/26440
6,كتب السنة,26592,مسند أبي هريرة لأبي إسحاق العسكري,https://shamela.ws/book/26592
6,كتب السنة,8202,أمالي الباغندي,https://shamela.ws/book/8202
6,كتب السنة,26489,الديباج للختلي,https://shamela.ws/book/26489
6,كتب السنة,12986,إكرام الضيف لإبراهيم الحربي,https://shamela.ws/book/12986
6,كتب السنة,30427,حديث إسحاق الدبري عن عبد الرزاق,https://shamela.ws/book/30427
6,كتب السنة,8208,البدع والنهي عنها,https://shamela.ws/book/8208
6,كتب السنة,9196,الآحاد والمثاني لابن أبي عاصم,https://shamela.ws/book/9196
6,كتب السنة,13001,الأوائل لابن أبي عاصم,https://shamela.ws/book/13001
6,كتب السنة,13013,الجهاد - ابن أبي عاصم,https://shamela.ws/book/13013
6,كتب السنة,5930,السنة لابن أبي عاصم,https://shamela.ws/book/5930
6,كتب السنة,12051,السنة لابن أبي عاصم ومعها ظلال الجنة للألباني,https://shamela.ws/book/12051
6,كتب السنة,26823,الصلاة على النبي لابن أبي عاصم,https://shamela.ws/book/26823
6,كتب السنة,13062,المذكر والتذكير لابن أبي عاصم,https://shamela.ws/book/13062
6,كتب السنة,12862,كشف الأستار عن زوائد البزار,https://shamela.ws/book/12862
6,كتب السنة,9322,فضائل عثمان بن عفان لعبد الله بن أحمد,https://shamela.ws/book/9322
6,كتب السنة,799,مختصر زوائد مسند البزار على الكتب الستة ومسند أحمد,https://shamela.ws/book/799
6,كتب السنة,12981,مسند البزار = البحر الزخار,https://shamela.ws/book/12981
6,كتب السنة,8212,الجمعة وفضلها لأحمد بن علي المروزي,https://shamela.ws/book/8212
6,كتب السنة,13156,مسند أبي بكر الصديق لأحمد بن علي المروزي,https://shamela.ws/book/13156
6,كتب السنة,13032,السنة للمروزي,https://shamela.ws/book/13032
6,كتب السنة,13087,تعظيم قدر الصلاة - محمد بن نصر المروزي,https://shamela.ws/book/13087
6,كتب السنة,12872,مختصر قيام الليل وقيام رمضان وكتاب الوتر,https://shamela.ws/book/12872
6,كتب السنة,29712,فوائد منتقاة من حديث أبي شعيب الحراني,https://shamela.ws/book/29712
6,كتب السنة,12444,العرش وما روي فيه,https://shamela.ws/book/12444
6,كتب السنة,30125,جزء فيه من الأخبار والحكايات من كلام العلماء,https://shamela.ws/book/30125
6,كتب السنة,30054,حديث مطين,https://shamela.ws/book/30054
6,كتب السنة,30199,الذكر والتسبيح - ت إدريس,https://shamela.ws/book/30199
6,كتب السنة,30198,الذكر والتسبيح - ت سرور,https://shamela.ws/book/30198
6,كتب السنة,8276,أحكام العيدين للفريابي,https://shamela.ws/book/8276
6,كتب السنة,13040,الصيام للفريابي,https://shamela.ws/book/13040
6,كتب السنة,13050,الفوائد للفريابي,https://shamela.ws/book/13050
6,كتب السنة,8235,صفة النفاق وذم المنافقين للفريابي,https://shamela.ws/book/8235
6,كتب السنة,26595,من روى عن النبي من الصحابة في الكبائر للبرديجي - ط أطلس,https://shamela.ws/book/26595
6,كتب السنة,4151,من روى عن النبي من الصحابة في الكبائر للبرديجي - مجلة الجامعة الإسلامية,https://shamela.ws/book/4151
6,كتب السنة,29702,جزء القاسم بن موسى الأشيب,https://shamela.ws/book/29702
6,كتب السنة,26871,الإغراب للنسائي,https://shamela.ws/book/26871
6,كتب السنة,21577,الجمعة للنسائي,https://shamela.ws/book/21577
6,كتب السنة,8361,السنن الكبرى - النسائي - ط الرسالة,https://shamela.ws/book/8361
6,كتب السنة,6434,النعوت الأسماء والصفات,https://shamela.ws/book/6434
6,كتب السنة,22643,الوفاة,https://shamela.ws/book/22643
6,كتب السنة,8225,جزء فيه مجلسان من إملاء النسائي,https://shamela.ws/book/8225
6,كتب السنة,5645,خصائص علي,https://shamela.ws/book/5645
6,كتب السنة,1339,سنن النسائي - ط الرسالة,https://shamela.ws/book/1339
6,كتب السنة,829,سنن النسائي - ط المصرية,https://shamela.ws/book/829
6,كتب السنة,6772,عمل اليوم والليلة للنسائي,https://shamela.ws/book/6772
6,كتب السنة,8623,مائة حديث ساقطة من سنن النسائي الكبرى المطبوع,https://shamela.ws/book/8623
6,كتب السنة,8205,الأربعون للنسوي,https://shamela.ws/book/8205
6,كتب السنة,1147,صحيح سنن النسائي,https://shamela.ws/book/1147
6,كتب السنة,1148,ضعيف سنن النسائي,https://shamela.ws/book/1148
6,كتب السنة,9563,فوائد أبي بكر القاسم المطرز وأماليه,https://shamela.ws/book/9563
6,كتب السنة,13069,المفاريد لأبي يعلى الموصلي,https://shamela.ws/book/13069
6,كتب السنة,26576,حديث محمد بن بشار بندار,https://shamela.ws/book/26576
6,كتب السنة,181,مسند أبي يعلى - ت السناري,https://shamela.ws/book/181
6,كتب السنة,12520,مسند أبي يعلى - ت حسين أسد,https://shamela.ws/book/12520
6,كتب السنة,13175,معجم أبي يعلى الموصلي,https://shamela.ws/book/13175
6,كتب السنة,627,المنتقى - ابن الجارود - ت الحويني,https://shamela.ws/book/627
6,كتب السنة,13071,المنتقى - ابن الجارود - ط الثقافية,https://shamela.ws/book/13071
6,كتب السنة,278,المنتقى - ابن الجارود - قسم من أوله,https://shamela.ws/book/278
6,كتب السنة,30626,المنتقى من مسند أبي بكر محمد بن هارون الروياني,https://shamela.ws/book/30626
6,كتب السنة,13161,مسند الروياني,https://shamela.ws/book/13161
6,كتب السنة,13137,فضائل المدينة للجندي,https://shamela.ws/book/13137
6,كتب السنة,143167,فضائل مكة - الجندي,https://shamela.ws/book/143167
6,كتب السنة,6769,ذم الثقلاء,https://shamela.ws/book/6769
6,كتب السنة,26464,التبصير في معالم الدين للطبري,https://shamela.ws/book/26464
6,كتب السنة,13127,صريح السنة للطبري,https://shamela.ws/book/13127
6,كتب السنة,13056,الكنى والأسماء - للدولابي,https://shamela.ws/book/13056
6,كتب السنة,29713,فوائد أبي علي المدائني,https://shamela.ws/book/29713
6,كتب السنة,13011,التوحيد لابن خزيمة,https://shamela.ws/book/13011
6,كتب السنة,1446,صحيح ابن خزيمة,https://shamela.ws/book/1446
6,كتب السنة,121382,صحيح ابن خزيمة ط 3,https://shamela.ws/book/121382
6,كتب السنة,26680,فوائد الفوائد لابن خزيمة,https://shamela.ws/book/26680
6,كتب السنة,8248,الأمر بالمعروف والنهي عن المنكر - من «الجامع» للخلال,https://shamela.ws/book/8248
6,كتب السنة,8213,الحث على التجارة - من «الجامع» للخلال - ت الحداد,https://shamela.ws/book/8213
6,كتب السنة,805,الحث على التجارة - من «الجامع» للخلال - ت العوضي,https://shamela.ws/book/805
6,كتب السنة,1077,السنة لأبي بكر بن الخلال,https://shamela.ws/book/1077
6,كتب السنة,8271,القراءة عند القبور - من «الجامع» للخلال,https://shamela.ws/book/8271
6,كتب السنة,26741,جزء ابن فيل,https://shamela.ws/book/26741
6,كتب السنة,26443,ما رواه الأكابر عن الأصاغر لأبي بكر الباغندي,https://shamela.ws/book/26443
6,كتب السنة,13173,مسند عمر بن عبد العزيز للباغندي,https://shamela.ws/book/13173
6,كتب السنة,5583,مختصر الأحكام = مستخرج الطوسي على جامع الترمذي,https://shamela.ws/book/5583
6,كتب السنة,8252,البيتوتة,https://shamela.ws/book/8252
6,كتب السنة,26668,حديث السراج,https://shamela.ws/book/26668
6,كتب السنة,1383,مسند السراج,https://shamela.ws/book/1383
6,كتب السنة,21488,مسند ابن زيدان,https://shamela.ws/book/21488
6,كتب السنة,5650,أخبار وحكايات للغساني,https://shamela.ws/book/5650
6,كتب السنة,8251,البعث لابن أبي داود,https://shamela.ws/book/8251
6,كتب السنة,13167,مسند عائشة لابن أبي داود,https://shamela.ws/book/13167
6,كتب السنة,18144,مستخرج أبي عوانة - ط الجامعة الإسلامية,https://shamela.ws/book/18144
6,كتب السنة,21618,مستخرج أبي عوانة - ط المعرفة,https://shamela.ws/book/21618
6,كتب السنة,13101,جزء البغوي,https://shamela.ws/book/13101
6,كتب السنة,5733,حديث مصعب الزبيري,https://shamela.ws/book/5733
6,كتب السنة,29715,حكايات شعبة بن الحجاج,https://shamela.ws/book/29715
6,كتب السنة,13158,مسند أسامة بن زيد,https://shamela.ws/book/13158
6,كتب السنة,9922,مسند عثمان بن عفان لأبي القاسم البغوي,https://shamela.ws/book/9922
6,كتب السنة,26341,نسخة طالوت بن عباد,https://shamela.ws/book/26341
6,كتب السنة,27106,وفاة الشيوخ الذين أدركهم البغوي,https://shamela.ws/book/27106
6,كتب السنة,21484,حديث البدر بن الهيثم القاضي,https://shamela.ws/book/21484
6,كتب السنة,29852,مجلسان من أمالي ابن صاعد,https://shamela.ws/book/29852
6,كتب السنة,13154,مسند ابن أبي أوفى ليحيى بن محمد بن صاعد,https://shamela.ws/book/13154
6,كتب السنة,5744,الأوائل لأبي عروبة الحراني,https://shamela.ws/book/5744
6,كتب السنة,8274,المنتقى من كتاب الطبقات لأبي عروبة الحراني,https://shamela.ws/book/8274
6,كتب السنة,1288,جزء أبي عروبة الحراني برواية الأنطاكي,https://shamela.ws/book/1288
6,كتب السنة,13098,جزء أبي عروبة الحراني برواية الحاكم,https://shamela.ws/book/13098
6,كتب السنة,720,نوادر الأصول في أحاديث الرسول,https://shamela.ws/book/720
6,كتب السنة,9380,التسوية بين حدثنا وأخبرنا,https://shamela.ws/book/9380
6,كتب السنة,30526,حديث أبي جعفر الطحاوي,https://shamela.ws/book/30526
6,كتب السنة,22547,شرح مشكل الآثار,https://shamela.ws/book/22547
6,كتب السنة,1547,شرح معاني الآثار - ت البهرائجى,https://shamela.ws/book/1547
6,كتب السنة,21108,شرح معاني الآثار - ط مصر,https://shamela.ws/book/21108
6,كتب السنة,26986,الفوائد والأخبار لابن دريد,https://shamela.ws/book/26986
6,كتب السنة,27099,فوائد ابن بجير,https://shamela.ws/book/27099
6,كتب السنة,9212,جزء علي بن محمد الحميري,https://shamela.ws/book/9212
6,كتب السنة,12957,مسألة سبحان لنفطويه,https://shamela.ws/book/12957
6,كتب السنة,12844,الزيادات على كتاب المزني,https://shamela.ws/book/12844
6,كتب السنة,29716,مجلسان لأبي بكر العنبري,https://shamela.ws/book/29716
6,كتب السنة,9305,الجزء الأول من أمالي أبي إسحاق,https://shamela.ws/book/9305
6,كتب السنة,26567,أحاديث من المسند الصحيح لأبي حامد ابن الشرقي,https://shamela.ws/book/26567
6,كتب السنة,1304,اعتلال القلوب - الخرائطي,https://shamela.ws/book/1304
6,كتب السنة,11930,المنتقى من كتاب مكارم الأخلاق ومعاليها,https://shamela.ws/book/11930
6,كتب السنة,13140,فضيلة الشكر لله على نعمته,https://shamela.ws/book/13140
6,كتب السنة,8243,مساوئ الأخلاق للخرائطي,https://shamela.ws/book/8243
6,كتب السنة,9595,مكارم الأخلاق للخرائطي,https://shamela.ws/book/9595
6,كتب السنة,28183,هواتف الجنان للخرائطي,https://shamela.ws/book/28183
6,كتب السنة,26738,مجلس من أمالي ابن الأنباري,https://shamela.ws/book/26738
6,كتب السنة,27091,شروط النصارى لابن زبر الربعي,https://shamela.ws/book/27091
6,كتب السنة,26875,منتقى من أخبار الأصمعي للربعي,https://shamela.ws/book/26875
6,كتب السنة,5776,منتقى من الجزء الأول والثالث من حديث المروزي,https://shamela.ws/book/5776
6,كتب السنة,26424,أمالي المحاملي رواية ابن الصلت,https://shamela.ws/book/26424
6,كتب السنة,26425,أمالي المحاملي رواية ابن مهدي الفارسي,https://shamela.ws/book/26425
6,كتب السنة,13081,أمالي المحاملي رواية ابن يحيى البيع,https://shamela.ws/book/13081
6,كتب السنة,8255,الدعاء - المحاملي,https://shamela.ws/book/8255
6,كتب السنة,26553,جزء أبي حامد ابن بلال,https://shamela.ws/book/26553
6,كتب السنة,9396,جزء من أحاديث أبي عمر السلمي عن شيوخه,https://shamela.ws/book/9396
6,كتب السنة,30373,جزء أبي عبد الله العطار,https://shamela.ws/book/30373
6,كتب السنة,26359,حديث ابن مخلد عن ابن كرامة وغيره,https://shamela.ws/book/26359
6,كتب السنة,1305,فوائد محمد بن مخلد,https://shamela.ws/book/1305
6,كتب السنة,1249,ما رواه الأكابر عن مالك لمحمد بن مخلد,https://shamela.ws/book/1249
6,كتب السنة,29858,مجلس من أمالي أبي عبد الله العطار,https://shamela.ws/book/29858
6,كتب السنة,29859,منتقى حديث أبي عبد الله محمد بن مخلد,https://shamela.ws/book/29859
6,كتب السنة,30384,فوائد أبي بكر الزبيري,https://shamela.ws/book/30384
6,كتب السنة,13111,حديث نضر الله امرأ - ابن ممك,https://shamela.ws/book/13111
6,كتب السنة,9948,المجالسة وجواهر العلم,https://shamela.ws/book/9948
6,كتب السنة,26383,تاريخ الرقة,https://shamela.ws/book/26383
6,كتب السنة,13066,المسند للشاشي,https://shamela.ws/book/13066
6,كتب السنة,13148,فوائد حديث أبي عمير لابن القاص,https://shamela.ws/book/13148
6,كتب السنة,9395,جزء من أحاديث أبي بكر الصولي,https://shamela.ws/book/9395
6,كتب السنة,10498,الجزء الثاني من حديث أبي محمد حاجب بن أحمد الطوسي,https://shamela.ws/book/10498
6,كتب السنة,26676,مجالس العلماء للزجاجي,https://shamela.ws/book/26676
6,كتب السنة,9106,جزء القاضي الأشناني,https://shamela.ws/book/9106
6,كتب السنة,5737,مجموع فيه مصنفات أبي جعفر ابن البختري,https://shamela.ws/book/5737
6,كتب السنة,13029,الزهد وصفة الزاهدين لابن الأعرابي,https://shamela.ws/book/13029
6,كتب السنة,8269,القبل والمعانقة والمصافحة لابن الأعرابي,https://shamela.ws/book/8269
6,كتب السنة,21494,معجم شيوخ ابن الأعرابي - ط ابن الجوزي,https://shamela.ws/book/21494
6,كتب السنة,1212,معجم شيوخ ابن الأعرابي - ط العلمية,https://shamela.ws/book/1212
6,كتب السنة,26559,حديث أبي الطيب الحوراني,https://shamela.ws/book/26559
6,كتب السنة,29862,جزء من حديث خيثمة الأطرابلسي,https://shamela.ws/book/29862
6,كتب السنة,13182,من حديث خيثمة بن سليمان,https://shamela.ws/book/13182
6,كتب السنة,29863,الثاني من أمالي ابن السماك,https://shamela.ws/book/29863
6,كتب السنة,29940,الثاني من الفوائد المنتقاة لابن السماك,https://shamela.ws/book/29940
6,كتب السنة,27092,جزء فيه شروط عمر بن الخطاب على النصارى، وحديث واصل الدمشقي ومناظرته لهم,https://shamela.ws/book/27092
6,كتب السنة,8267,الفوائد المنتقاة العوالي الحسان للسمرقندي,https://shamela.ws/book/8267
6,كتب السنة,21638,حديث شعبة لمحمد بن العباس بن نجيح البغدادي,https://shamela.ws/book/21638
6,كتب السنة,38194,مجموع فيه مصنفات أبي العباس الأصم وإسماعيل الصفار,https://shamela.ws/book/38194
6,كتب السنة,28853,من حديث عبد الصمد الطستي,https://shamela.ws/book/28853
6,كتب السنة,28851,نسخة السري بن سهل,https://shamela.ws/book/28851
6,كتب السنة,30106,جزء ابن فارس,https://shamela.ws/book/30106
6,كتب السنة,29720,الأول من حديث ابن حذلم,https://shamela.ws/book/29720
6,كتب السنة,12515,جزء من حديث الأوزاعي لابن حذلم,https://shamela.ws/book/12515
6,كتب السنة,29933,مشيخة ابن حذلم,https://shamela.ws/book/29933
6,كتب السنة,29651,من حديث ابن حذلم,https://shamela.ws/book/29651
6,كتب السنة,10279,أخبار وحكايات من حديث محمد بن القاسم بن معروف,https://shamela.ws/book/10279
6,كتب السنة,29721,أمالي أبي بكر النجاد,https://shamela.ws/book/29721
6,كتب السنة,6415,الرد على من يقول القرآن مخلوق,https://shamela.ws/book/6415
6,كتب السنة,29866,جزء من حديث أبي بكر النجاد,https://shamela.ws/book/29866
6,كتب السنة,11757,ذكر من له الآيات ومن تكلم بعد الموت للنجاد,https://shamela.ws/book/11757
6,كتب السنة,12548,مجلس من أمالي النجاد رواية ابن مخلد,https://shamela.ws/book/12548
6,كتب السنة,29865,مجلس من أمالي النجاد رواية المحاملي,https://shamela.ws/book/29865
6,كتب السنة,13171,مسند عمر بن الخطاب للنجاد,https://shamela.ws/book/13171
6,كتب السنة,295,أخبار النحويين - أبو طاهر بن أبي هاشم - ت مجدي السيد,https://shamela.ws/book/295
6,كتب السنة,857,أخبار في النحو = أخبار النحويين - أبو طاهر بن أبي هاشم - ت الدالي,https://shamela.ws/book/857
6,كتب السنة,5660,جزء ابن عمشليق,https://shamela.ws/book/5660
6,كتب السنة,21672,من حديث أبي علي اللحياني عن شيوخه,https://shamela.ws/book/21672
6,كتب السنة,30242,أحاديث في فضل الإسكندرية وعسقلان,https://shamela.ws/book/30242
6,كتب السنة,13072,المنتقى من مسند المقلين لدعلج السجزي,https://shamela.ws/book/13072
6,كتب السنة,30543,فوائد ابن دحيم,https://shamela.ws/book/30543
6,كتب السنة,9323,فوائد أبي محمد الفاكهي,https://shamela.ws/book/9323
6,كتب السنة,21478,حديث الهميان,https://shamela.ws/book/21478
6,كتب السنة,26430,صفة النبي لمحمد بن هارون,https://shamela.ws/book/26430
6,كتب السنة,537,صحيح ابن حبان: التقاسيم والأنواع,https://shamela.ws/book/537
6,كتب السنة,772,الفوائد الشهير بالغيلانيات لأبي بكر الشافعي,https://shamela.ws/book/772
6,كتب السنة,1729,الإحسان في تقريب صحيح ابن حبان,https://shamela.ws/book/1729
6,كتب السنة,40,أحاديث العطار عن شيوخه,https://shamela.ws/book/40
6,كتب السنة,26556,نسخة نبيط بن شريط,https://shamela.ws/book/26556
6,كتب السنة,13100,جزء البطاقة للكناني,https://shamela.ws/book/13100
6,كتب السنة,29722,حديث أبي القاسم الكناني,https://shamela.ws/book/29722
6,كتب السنة,29780,الثاني من أجزاء ابن الصواف,https://shamela.ws/book/29780
6,كتب السنة,10492,الجزء الثالث من فوائد أبي علي الصواف,https://shamela.ws/book/10492
6,كتب السنة,29898,جزء من حديث أبي علي الصواف,https://shamela.ws/book/29898
6,كتب السنة,13144,فوائد أبي علي الصواف,https://shamela.ws/book/13144
6,كتب السنة,29897,حديث أبي بكر بن خلاد النصيبي,https://shamela.ws/book/29897
6,كتب السنة,29779,فوائد أبي بكر النصيبي,https://shamela.ws/book/29779
6,كتب السنة,602,الأحاديث التي سقطت من مطبوع المعجم الأوسط للطبراني,https://shamela.ws/book/602
6,كتب السنة,12989,الأحاديث الطوال للطبراني,https://shamela.ws/book/12989
6,كتب السنة,13002,الأوائل للطبراني,https://shamela.ws/book/13002
6,كتب السنة,13016,الدعاء - الطبراني,https://shamela.ws/book/13016
6,كتب السنة,26743,الزيادات في كتاب الجود والسخاء للطبراني,https://shamela.ws/book/26743
6,كتب السنة,232,القسم الثالث من المعجم الأوسط للطبراني,https://shamela.ws/book/232
6,كتب السنة,541,القسم الثاني من المعجم الأوسط للطبراني,https://shamela.ws/book/541
6,كتب السنة,28171,المعجم الأوسط للطبراني,https://shamela.ws/book/28171
6,كتب السنة,13068,المعجم الصغير للطبراني,https://shamela.ws/book/13068
6,كتب السنة,1733,المعجم الكبير للطبراني,https://shamela.ws/book/1733
6,كتب السنة,1353,المعجم الكبير للطبراني جـ 13، 14,https://shamela.ws/book/1353
6,كتب السنة,1428,المعجم الكبير للطبراني من جـ 21,https://shamela.ws/book/1428
6,كتب السنة,26474,جزء فيه ما انتقى ابن مردويه على الطبراني,https://shamela.ws/book/26474
6,كتب السنة,28925,حديث الضب الذي تكلم بين يدي النبي للطبراني,https://shamela.ws/book/28925
6,كتب السنة,13130,طرق حديث من كذب علي متعمدا للطبراني,https://shamela.ws/book/13130
6,كتب السنة,8239,فضل الرمي وتعليمه للطبراني,https://shamela.ws/book/8239
6,كتب السنة,12745,فضل عشر ذي الحجة للطبراني,https://shamela.ws/book/12745
6,كتب السنة,13162,مسند الشاميين للطبراني,https://shamela.ws/book/13162
6,كتب السنة,9324,مكارم الأخلاق للطبراني,https://shamela.ws/book/9324
6,كتب السنة,12864,من اسمه عطاء من رواة الحديث,https://shamela.ws/book/12864
6,كتب السنة,1352,مجمع البحرين في زوائد المعجمين الأوسط والصغير للطبراني,https://shamela.ws/book/1352
6,كتب السنة,8245,أدب النفوس للآجري,https://shamela.ws/book/8245
6,كتب السنة,8204,الأربعون حديثا للآجري,https://shamela.ws/book/8204
6,كتب السنة,13035,الشريعة للآجري,https://shamela.ws/book/13035
6,كتب السنة,13045,الغرباء للآجري,https://shamela.ws/book/13045
6,كتب السنة,8222,تحريم النرد والشطرنج والملاهي للآجري,https://shamela.ws/book/8222
6,كتب السنة,9512,ذم اللواط للآجري,https://shamela.ws/book/9512
6,كتب السنة,12746,فضل قيام الليل والتهجد للآجري,https://shamela.ws/book/12746
6,كتب السنة,13083,أمثال الحديث للرامهرمزي,https://shamela.ws/book/13083
6,كتب السنة,29781,حديث أبي بكر الأنباري_1,https://shamela.ws/book/29781
6,كتب السنة,29867,حديث أبي بكر الأنباري_2,https://shamela.ws/book/29867
6,كتب السنة,29868,منتقى من حديث أبي بكر الأنباري,https://shamela.ws/book/29868
6,كتب السنة,7911,حديث الدراج,https://shamela.ws/book/7911
6,كتب السنة,26921,المزكيات,https://shamela.ws/book/26921
6,كتب السنة,30110,جزء السقطي,https://shamela.ws/book/30110
6,كتب السنة,26768,مناقب الشافعي للآبري,https://shamela.ws/book/26768
6,كتب السنة,13054,القناعة لابن السني,https://shamela.ws/book/13054
6,كتب السنة,13132,عمل اليوم والليلة لابن السني,https://shamela.ws/book/13132
6,كتب السنة,12958,من وافقت كنيته كنية زوجه لابن حيويه,https://shamela.ws/book/12958
6,كتب السنة,30113,جزء ابن نجيد - ت جرار,https://shamela.ws/book/30113
6,كتب السنة,9397,جزء ابن نجيد - ط العلمية,https://shamela.ws/book/9397
6,كتب السنة,30375,الجزء 13 من حديث أبي الطاهر الذهلي انتقاء الدارقطني,https://shamela.ws/book/30375
6,كتب السنة,13097,الجزء 23 من حديث أبي الطاهر الذهلي انتقاء الدارقطني,https://shamela.ws/book/13097
6,كتب السنة,10515,الجزء الرابع من الفوائد المنتقاة العوالي من حديث القطيعي,https://shamela.ws/book/10515
6,كتب السنة,13099,جزء الألف دينار للقطيعي,https://shamela.ws/book/13099
6,كتب السنة,13082,أمثال الحديث لأبي الشيخ الأصبهاني,https://shamela.ws/book/13082
6,كتب السنة,13043,العظمة لأبي الشيخ الأصبهاني,https://shamela.ws/book/13043
6,كتب السنة,26572,العوالي لأبي الشيخ,https://shamela.ws/book/26572
6,كتب السنة,8268,الفوائد لأبي الشيخ الأصبهاني,https://shamela.ws/book/8268
6,كتب السنة,13108,جزء ما رواه الزبير عن غير جابر لأبي الشيخ الأصبهاني,https://shamela.ws/book/13108
6,كتب السنة,29724,حكايات عن أبي الشيخ الأصبهاني,https://shamela.ws/book/29724
6,كتب السنة,26577,ذكر الأقران لأبي الشيخ,https://shamela.ws/book/26577
6,كتب السنة,13142,فوائد ابن ماسي,https://shamela.ws/book/13142
6,كتب السنة,8249,تاريخ داريا - عبد الجبار الخولاني,https://shamela.ws/book/8249
6,كتب السنة,26564,جزء الحسن بن رشيق العسكري,https://shamela.ws/book/26564
6,كتب السنة,29725,حديث أبي القاسم الحلبي,https://shamela.ws/book/29725
6,كتب السنة,29727,أحاديث منتقاة في غرائب ألفاظ رسول الله مما يحتاج إلى استعماله,https://shamela.ws/book/29727
6,كتب السنة,22381,فوائد أبي بكر الأبهري,https://shamela.ws/book/22381
6,كتب السنة,29728,جزء القاضي أبي القاسم الميانجي,https://shamela.ws/book/29728
6,كتب السنة,13096,جزء ابن الغطريف,https://shamela.ws/book/13096
6,كتب السنة,29714,حديث أبي عبد الله الأنصاري,https://shamela.ws/book/29714
6,كتب السنة,13126,شعار أصحاب الحديث لأبي أحمد الحاكم,https://shamela.ws/book/13126
6,كتب السنة,26365,عوالي مالك رواية أبي أحمد الحاكم,https://shamela.ws/book/26365
6,كتب السنة,26730,فوائد أبي أحمد الحاكم,https://shamela.ws/book/26730
6,كتب السنة,27097,فضل يوم عرفة لأبي بكر الوراق,https://shamela.ws/book/27097
6,كتب السنة,26343,أخبار ابن أبي ذئب لابن زبر الربعي,https://shamela.ws/book/26343
6,كتب السنة,13186,وصايا العلماء عند حضور الموت لابن زبر الربعي,https://shamela.ws/book/13186
6,كتب السنة,5732,حديث شعبة بن الحجاج,https://shamela.ws/book/5732
6,كتب السنة,8236,غرائب مالك بن أنس لابن المظفر,https://shamela.ws/book/8236
6,كتب السنة,29739,حديث أبي الحسين بن المظفر,https://shamela.ws/book/29739
6,كتب السنة,13084,بحر الفوائد المسمى بمعاني الأخبار للكلاباذي,https://shamela.ws/book/13084
6,كتب السنة,21473,الأربعون لابن المقرئ,https://shamela.ws/book/21473
6,كتب السنة,29942,الثالث عشر من فوائد ابن المقرئ,https://shamela.ws/book/29942
6,كتب السنة,13021,الرخصة في تقبيل اليد لابن المقرئ,https://shamela.ws/book/13021
6,كتب السنة,26500,المنتخب من غرائب مالك لابن المقرئ,https://shamela.ws/book/26500
6,كتب السنة,13103,جزء فيه أحاديث نافع بن أبي نعيم لابن المقرئ,https://shamela.ws/book/13103
6,كتب السنة,8244,معجم ابن المقرئ,https://shamela.ws/book/8244
6,كتب السنة,21482,من حديث ابن المقرئ,https://shamela.ws/book/21482
6,كتب السنة,8227,حديث أبي الفضل الزهري,https://shamela.ws/book/8227
6,كتب السنة,21479,مسند الموطأ للجوهري,https://shamela.ws/book/21479
6,كتب السنة,12818,أحاديث من أمالي أبي بكر ابن دوست,https://shamela.ws/book/12818
6,كتب السنة,29954,الثالث من مشيخة ابن حيويه,https://shamela.ws/book/29954
6,كتب السنة,29957,الخامس من مشيخة ابن حيويه,https://shamela.ws/book/29957
6,كتب السنة,29958,السادس من مشيخة ابن حيويه,https://shamela.ws/book/29958
6,كتب السنة,26441,أربعون حديثا من مسند بريد للدارقطني,https://shamela.ws/book/26441
6,كتب السنة,5651,الأحاديث التي خولف فيها مالك بن أنس,https://shamela.ws/book/5651
6,كتب السنة,30259,الأفراد - الدارقطني,https://shamela.ws/book/30259
6,كتب السنة,8338,الثالث والثمانون من الفوائد الأفراد,https://shamela.ws/book/8338
6,كتب السنة,30361,الخامس من الفوائد المنتقاة الحسان,https://shamela.ws/book/30361
6,كتب السنة,13038,الصفات للدارقطني ت الغنيمان,https://shamela.ws/book/13038
6,كتب السنة,11331,الصفات للدارقطني ت الفقيهي,https://shamela.ws/book/11331
6,كتب السنة,13074,النزول للدارقطني,https://shamela.ws/book/13074
6,كتب السنة,21794,رؤية الله للدارقطني,https://shamela.ws/book/21794
6,كتب السنة,9771,سنن الدارقطني,https://shamela.ws/book/9771
6,كتب السنة,8238,فضائل الصحابة للدارقطني,https://shamela.ws/book/8238
6,كتب السنة,8209,الترغيب في فضائل الأعمال وثواب ذلك لابن شاهين,https://shamela.ws/book/8209
6,كتب السنة,26514,الخامس من الأفراد لابن شاهين,https://shamela.ws/book/26514
6,كتب السنة,8226,جزء من حديث ابن شاهين,https://shamela.ws/book/8226
6,كتب السنة,26517,جزء من حديث ابن شاهين رواية ابن المهتدي,https://shamela.ws/book/26517
6,كتب السنة,13124,شرح مذاهب أهل السنة لابن شاهين,https://shamela.ws/book/13124
6,كتب السنة,9449,فضائل رمضان لابن شاهين,https://shamela.ws/book/9449
6,كتب السنة,9434,فضائل فاطمة لابن شاهين,https://shamela.ws/book/9434
6,كتب السنة,22418,فوائد ابن شاهين,https://shamela.ws/book/22418
6,كتب السنة,11433,حديث أبي القاسم عافية وغيره لأبي بكر بن المهندس,https://shamela.ws/book/11433
6,كتب السنة,29979,الثالث من الفوائد المنتقاة للحربي,https://shamela.ws/book/29979
6,كتب السنة,10494,الجزء الثاني من الحربيات لعلي بن عمر الحربي,https://shamela.ws/book/10494
6,كتب السنة,1360,الفوائد المنتقاة عن الشيوخ العوالي لعلي بن عمر الحربي,https://shamela.ws/book/1360
6,كتب السنة,29732,حديث أبي الحسن السكري,https://shamela.ws/book/29732
6,كتب السنة,30075,مشيخة أبي الحسن السكري,https://shamela.ws/book/30075
6,كتب السنة,8257,إبطال الحيل لابن بطة,https://shamela.ws/book/8257
6,كتب السنة,1582,سبعون حديثا في الجهاد,https://shamela.ws/book/1582
6,كتب السنة,21476,أمالي ابن سمعون الواعظ,https://shamela.ws/book/21476
6,كتب السنة,13135,فضائل التسمية بأحمد ومحمد,https://shamela.ws/book/13135
6,كتب السنة,95,الصحيح من الأخبار المجتمع على صحته - مخطوط,https://shamela.ws/book/95
6,كتب السنة,9564,فوائد ابن أخي ميمي الدقاق,https://shamela.ws/book/9564
6,كتب السنة,27093,عقلاء المجانين للضراب,https://shamela.ws/book/27093
6,كتب السنة,29734,الأحاديث المائة الشريحية,https://shamela.ws/book/29734
6,كتب السنة,9107,المخلصيات,https://shamela.ws/book/9107
6,كتب السنة,8233,سبعة مجالس من أمالي أبي طاهر المخلص,https://shamela.ws/book/8233
6,كتب السنة,26545,منتقى حديث أبي نعيم الأزهري,https://shamela.ws/book/26545
6,كتب السنة,26889,أسامي مشايخ البخاري لابن مندة,https://shamela.ws/book/26889
6,كتب السنة,29737,أمالي ابن منده- رواية البزاني,https://shamela.ws/book/29737
6,كتب السنة,13005,الإيمان - ابن منده,https://shamela.ws/book/13005
6,كتب السنة,8210,التوحيد لابن منده - ت الفقيهي,https://shamela.ws/book/8210
6,كتب السنة,614,التوحيد لابن منده - ت الوهيبي والغصن,https://shamela.ws/book/614
6,كتب السنة,9347,فوائد ابن منده,https://shamela.ws/book/9347
6,كتب السنة,30769,مجالس من أمالي أبي عبد الله بن منده,https://shamela.ws/book/30769
6,كتب السنة,21663,مجلس من أمالي ابن منده رواية ابنه عبد الرحمن,https://shamela.ws/book/21663
6,كتب السنة,13153,مسند إبراهيم بن أدهم الزاهد لابن منده,https://shamela.ws/book/13153
6,كتب السنة,26675,مأخذ العلم لابن فارس,https://shamela.ws/book/26675
6,كتب السنة,21483,من حديث البغوي وابن صاعد والهاشمي لابن زنبور الوراق,https://shamela.ws/book/21483
6,كتب السنة,30022,أحاديث أبي الحسين الكلابي,https://shamela.ws/book/30022
6,كتب السنة,26877,جزء من حديث الكلابي,https://shamela.ws/book/26877
6,كتب السنة,29871,ثلاثة مجالس من أمالي أبي عبد الله الروذباري,https://shamela.ws/book/29871
6,كتب السنة,21685,من حديث أبي بكر أحمد بن علي بن لال عن شيوخه,https://shamela.ws/book/21685
6,كتب السنة,30760,قدوة الغازي,https://shamela.ws/book/30760
6,كتب السنة,1424,المستدرك على الصحيحين - ط الرسالة,https://shamela.ws/book/1424
6,كتب السنة,2266,المستدرك على الصحيحين - ط العلمية,https://shamela.ws/book/2266
6,كتب السنة,1200,المستدرك على الصحيحين - ط المنهاج القويم,https://shamela.ws/book/1200
6,كتب السنة,26505,الفوائد والأخبار لابن حمكان,https://shamela.ws/book/26505
6,كتب السنة,26563,جزء أبي العباس العصمي,https://shamela.ws/book/26563
6,كتب السنة,27098,فوائد ابن الصلت وأبي أحمد الفرضي,https://shamela.ws/book/27098
6,كتب السنة,21647,فضائل أمير المؤمنين معاوية لأبي القاسم السقطي,https://shamela.ws/book/21647
6,كتب السنة,30114,جزء ابن ثرثال - ت جرار,https://shamela.ws/book/30114
6,كتب السنة,12852,جزء ابن ثرثال - ط العلمية,https://shamela.ws/book/12852
6,كتب السنة,13004,الأوهام التي في مدخل الحاكم للأزدي,https://shamela.ws/book/13004
6,كتب السنة,26844,الرباعي في الحديث لعبد الغني بن سعيد,https://shamela.ws/book/26844
6,كتب السنة,26507,الغوامض والمبهمات لعبد الغني بن سعيد,https://shamela.ws/book/26507
6,كتب السنة,1139,المتوارين,https://shamela.ws/book/1139
6,كتب السنة,26450,فوائد عبد الغني بن سعيد الأزدي,https://shamela.ws/book/26450
6,كتب السنة,8275,ثلاثة مجالس من أمالي ابن مردويه,https://shamela.ws/book/8275
6,كتب السنة,26497,مجلسان من الأمالي أحدهما في صفات الله لابن مردويه,https://shamela.ws/book/26497
6,كتب السنة,4003,فوائد ابن نصر,https://shamela.ws/book/4003
6,كتب السنة,329,فضائل البيت المقدس - الواسطي,https://shamela.ws/book/329
6,كتب السنة,12982,آداب الصحبة لأبي عبد الرحمن السلمي,https://shamela.ws/book/12982
6,كتب السنة,22526,الأربعون في التصوف للسلمي,https://shamela.ws/book/22526
6,كتب السنة,26864,الفتوة لأبي عبد الرحمن السلمي,https://shamela.ws/book/26864
6,كتب السنة,30142,مجلس لأبي عبد الرحمن السلمي,https://shamela.ws/book/30142
6,كتب السنة,8247,الأربعون في شيوخ الصوفية للماليني,https://shamela.ws/book/8247
6,كتب السنة,30429,حديث ابن رزقويه,https://shamela.ws/book/30429
6,كتب السنة,29746,جزء من حديث النعالي,https://shamela.ws/book/29746
6,كتب السنة,30435,فوائد أبي عبد الله النعالي,https://shamela.ws/book/30435
6,كتب السنة,9368,إسلام زيد بن حارثة وغيره من أحاديث الشيوخ,https://shamela.ws/book/9368
6,كتب السنة,13147,فوائد تمام,https://shamela.ws/book/13147
6,كتب السنة,13164,مسند المقلين من الأمراء والسلاطين لتمام بن محمد الدمشقي,https://shamela.ws/book/13164
6,كتب السنة,29747,ثلاثة مجالس من أمالي أبي سعيد النقاش,https://shamela.ws/book/29747
6,كتب السنة,9754,فنون العجائب لأبي سعيد النقاش,https://shamela.ws/book/9754
6,كتب السنة,13146,فوائد العراقيين لأبي سعيد النقاش,https://shamela.ws/book/13146
6,كتب السنة,21702,من مجالس أبي سعيد النقاش رواية أبي مطيع الصحاف,https://shamela.ws/book/21702
6,كتب السنة,3548,مجلس من أمالي ابن فنجويه في فضل رمضان,https://shamela.ws/book/3548
6,كتب السنة,26395,جزء الغضائري,https://shamela.ws/book/26395
6,كتب السنة,30399,الثاني من أمالي أبي الحسين بن بشران,https://shamela.ws/book/30399
6,كتب السنة,9383,الجزء الأول والثاني من فوائد ابن بشران,https://shamela.ws/book/9383
6,كتب السنة,26562,مجلسان من أمالي أبي الحسين بن بشران,https://shamela.ws/book/26562
6,كتب السنة,8232,رؤية الله لابن النحاس,https://shamela.ws/book/8232
6,كتب السنة,9200,شرح أصول اعتقاد أهل السنة والجماعة,https://shamela.ws/book/9200
6,كتب السنة,13150,كرامات الأولياء للالكائي - من شرح أصول اعتقاد أهل السنة والجماعة للالكائي,https://shamela.ws/book/13150
6,كتب السنة,29749,حديث أبي الحسين بن العالي,https://shamela.ws/book/29749
6,كتب السنة,29750,فوائد أبي علي بن فضالة,https://shamela.ws/book/29750
6,كتب السنة,30586,الأربعون البلدانية لمسافر حاجي,https://shamela.ws/book/30586
6,كتب السنة,30587,كتاب الأربعين في فضائل ذكر رب العالمين,https://shamela.ws/book/30587
6,كتب السنة,26584,فوائد أبي القاسم الحرفي رواية الأنصاري,https://shamela.ws/book/26584
6,كتب السنة,26533,فوائد أبي القاسم الحرفي رواية الثقفي,https://shamela.ws/book/26533
6,كتب السنة,29972,الأول من حديث أبي علي بن شاذان,https://shamela.ws/book/29972
6,كتب السنة,29751,جزء الحسن بن شاذان,https://shamela.ws/book/29751
6,كتب السنة,5723,مشيخة ابن شاذان الصغرى,https://shamela.ws/book/5723
6,كتب السنة,29814,أحاديث أبي الحسن الجوبري,https://shamela.ws/book/29814
6,كتب السنة,21691,من حديث الفقيه أبي القاسم الشهرزوري عن شيوخه,https://shamela.ws/book/21691
6,كتب السنة,29752,جزء ابن باكويه,https://shamela.ws/book/29752
6,كتب السنة,10269,فضائل الرمي لإسحاق القراب,https://shamela.ws/book/10269
6,كتب السنة,9853,أحاديث مسندة في أبواب القضاء لأبي نعيم الأصفهاني,https://shamela.ws/book/9853
6,كتب السنة,29766,أربعون حديثا من الجزء الرابع من كتاب الطب,https://shamela.ws/book/29766
6,كتب السنة,8246,الأربعون على مذهب المتحققين من الصوفية لأبي نعيم الأصبهاني,https://shamela.ws/book/8246
6,كتب السنة,26429,الطب النبوي لأبي نعيم الأصفهاني,https://shamela.ws/book/26429
6,كتب السنة,5562,المسند المستخرج على صحيح مسلم لأبي نعيم,https://shamela.ws/book/5562
6,كتب السنة,8221,تثبيت الإمامة وترتيب الخلافة لأبي نعيم الأصبهاني,https://shamela.ws/book/8221
6,كتب السنة,8224,تسمية ما انتهى إلينا من الرواه عن سعيد بن منصور لأبي نعيم,https://shamela.ws/book/8224
6,كتب السنة,9312,تسمية ما روي عن الفضل بن دكين لأبي نعيم الأصبهاني,https://shamela.ws/book/9312
6,كتب السنة,9416,حديث أبي نعيم عن أبي علي الصواف لأبي نعيم الأصبهاني,https://shamela.ws/book/9416
6,كتب السنة,21783,حديث إن لله تسعة وتسعين اسما لأبي نعيم الأصبهاني,https://shamela.ws/book/21783
6,كتب السنة,10495,حلية الأولياء وطبقات الأصفياء - ط السعادة,https://shamela.ws/book/10495
6,كتب السنة,13118,رياضة الأبدان لأبي نعيم الأصبهاني,https://shamela.ws/book/13118
6,كتب السنة,21602,صفة الجنة لأبي نعيم الأصبهاني,https://shamela.ws/book/21602
6,كتب السنة,21485,صفة النفاق ونعت المنافقين لأبي نعيم,https://shamela.ws/book/21485
6,كتب السنة,8237,فضائل الخلفاء الراشدين لأبي نعيم الأصبهاني,https://shamela.ws/book/8237
6,كتب السنة,13141,فضيلة العادلين من الولاة لأبي نعيم,https://shamela.ws/book/13141
6,كتب السنة,5709,مجلس من أمالي أبي نعيم الأصبهاني,https://shamela.ws/book/5709
6,كتب السنة,10659,مسانيد فراس المكتب,https://shamela.ws/book/10659
6,كتب السنة,6721,مسند أبي حنيفة رواية أبي نعيم,https://shamela.ws/book/6721
6,كتب السنة,13181,من اسمه شعبة للأصبهاني,https://shamela.ws/book/13181
6,كتب السنة,30552,منتخب من حديث يونس بن عبيد لأبي نعيم الأصبهاني,https://shamela.ws/book/30552
6,كتب السنة,27105,منتخب من كتاب الشعراء لأبي نعيم الأصبهاني,https://shamela.ws/book/27105
6,كتب السنة,1453,أمالي ابن بشران - الجزء الأول,https://shamela.ws/book/1453
6,كتب السنة,12842,أمالي ابن بشران - الجزء الثاني,https://shamela.ws/book/12842
6,كتب السنة,11431,ثلاثة مجالس من أمالي ابن بشران ومن حديث الطناجيري,https://shamela.ws/book/11431
6,كتب السنة,29888,جزء فيه سبعة مجالس من أمالي ابن بشران,https://shamela.ws/book/29888
6,كتب السنة,29767,فوائد أبي عبد الله الفراء,https://shamela.ws/book/29767
6,كتب السنة,9855,جزء فيه أحاديث من مسموعات للشيخ الحافظ أبي ذر عبيد بن أحمد بن محمد الهروي (وهو مطبوع ضمن كتاب الفوائد),https://shamela.ws/book/9855
6,كتب السنة,13143,فوائد أبي ذر الهروي,https://shamela.ws/book/13143
6,كتب السنة,37837,المختصر النصيح في تهذيب الكتاب الجامع الصحيح,https://shamela.ws/book/37837
6,كتب السنة,27086,حديث السكن بن جميع,https://shamela.ws/book/27086
6,كتب السنة,26758,أخبار الثقلاء للخلال,https://shamela.ws/book/26758
6,كتب السنة,9311,المجالس العشرة الأمالي للحسن الخلال,https://shamela.ws/book/9311
6,كتب السنة,12546,ذكر من لم يكن عنده إلا حديث واحد للخلال,https://shamela.ws/book/12546
6,كتب السنة,13138,فضائل سورة الإخلاص للحسن الخلال,https://shamela.ws/book/13138
6,كتب السنة,12744,فضائل شهر رجب للخلال,https://shamela.ws/book/12744
6,كتب السنة,21650,كرامات الأولياء للحسن بن محمد الخلال,https://shamela.ws/book/21650
6,كتب السنة,30446,مجلسان من أمالي الخلال,https://shamela.ws/book/30446
6,كتب السنة,21690,من حديث أبي منصور محمد بن محمد بن عثمان السواق,https://shamela.ws/book/21690
6,كتب السنة,12721,الفوائد العوالي المؤرخة من الصحاح والغرائب لمحمد بن علي الصوري,https://shamela.ws/book/12721
6,كتب السنة,5693,الفوائد المنتقاة والغرائب الحسان عن الشيوخ الكوفيين للصوري,https://shamela.ws/book/5693
6,كتب السنة,22334,التخريج لصحيح الحديث,https://shamela.ws/book/22334
6,كتب السنة,8272,أحاديث الشاموخي,https://shamela.ws/book/8272
6,كتب السنة,21696,من حديث مالك بن أنس لأبي الحسن الأزدي,https://shamela.ws/book/21696
6,كتب السنة,26713,الرسالة الوافية لأبي عمرو الداني,https://shamela.ws/book/26713
6,كتب السنة,13034,السنن الواردة في الفتن للداني,https://shamela.ws/book/13034
6,كتب السنة,30386,كتاب في علم الحديث للداني,https://shamela.ws/book/30386
6,كتب السنة,26527,فضائل الشام ودمشق لأبي الحسن الربعي,https://shamela.ws/book/26527
6,كتب السنة,21641,ذكر شيوخ الشريف أبي الفضل ابن المهدي,https://shamela.ws/book/21641
6,كتب السنة,8240,فوائد أبي يعلى الخليلي,https://shamela.ws/book/8240
6,كتب السنة,26655,عوالي مالك رواية سليم الرازي,https://shamela.ws/book/26655
6,كتب السنة,26886,المنظوم والمنثور من الحديث,https://shamela.ws/book/26886
6,كتب السنة,12742,فضائل أبي بكر الصديق للعشاري,https://shamela.ws/book/12742
6,كتب السنة,29948,التاسع من فوائد أبي عثمان البحيري,https://shamela.ws/book/29948
6,كتب السنة,29951,الثالث من فوائد أبي عثمان البحيري,https://shamela.ws/book/29951
6,كتب السنة,29952,الثامن من فوائد أبي عثمان البحيري,https://shamela.ws/book/29952
6,كتب السنة,29953,الثاني من فوائد أبي عثمان البحيري,https://shamela.ws/book/29953
6,كتب السنة,29959,الرابع من فوائد أبي عثمان البحيري,https://shamela.ws/book/29959
6,كتب السنة,29960,السابع من فوائد أبي عثمان البحيري,https://shamela.ws/book/29960
6,كتب السنة,29961,السادس من فوائد أبي عثمان البحيري,https://shamela.ws/book/29961
6,كتب السنة,26462,أحاديث في ذم الكلام وأهله,https://shamela.ws/book/26462
6,كتب السنة,13163,مسند الشهاب,https://shamela.ws/book/13163
6,كتب السنة,27100,مجلس في التواضع للجوهري,https://shamela.ws/book/27100
6,كتب السنة,29771,مجلسان من أمالي الجوهري_1,https://shamela.ws/book/29771
6,كتب السنة,30071,مجلسان من أمالي الجوهري_2,https://shamela.ws/book/30071
6,كتب السنة,29770,مجلسان من أمالي الجوهري_3,https://shamela.ws/book/29770
6,كتب السنة,13109,حجة الوداع لابن حزم,https://shamela.ws/book/13109
6,كتب السنة,12749,مشيخة الآبنوسي,https://shamela.ws/book/12749
6,كتب السنة,8258,إثبات عذاب القبر للبيهقي,https://shamela.ws/book/8258
6,كتب السنة,8203,الآداب للبيهقي,https://shamela.ws/book/8203
6,كتب السنة,12992,الأربعون الصغرى للبيهقي,https://shamela.ws/book/12992
6,كتب السنة,9270,الأسماء والصفات - البيهقي,https://shamela.ws/book/9270
6,كتب السنة,12997,الاعتقاد للبيهقي,https://shamela.ws/book/12997
6,كتب السنة,147811,البعث والنشور للبيهقي ت الشوامي,https://shamela.ws/book/147811
6,كتب السنة,9292,البعث والنشور للبيهقي ت حيدر,https://shamela.ws/book/9292
6,كتب السنة,9300,الجامع في الخاتم للبيهقي,https://shamela.ws/book/9300
6,كتب السنة,8970,الدعوات الكبير,https://shamela.ws/book/8970
6,كتب السنة,12415,السنن الصغير للبيهقي,https://shamela.ws/book/12415
6,كتب السنة,148486,السنن الكبرى - البيهقي - ت التركي,https://shamela.ws/book/148486
6,كتب السنة,7861,السنن الكبرى - البيهقي - ط العلمية,https://shamela.ws/book/7861
6,كتب السنة,1378,القراءة خلف الإمام للبيهقي,https://shamela.ws/book/1378
6,كتب السنة,13053,القضاء والقدر - البيهقي,https://shamela.ws/book/13053
6,كتب السنة,13061,المدخل إلى السنن الكبرى - البيهقي - ت الأعظمي,https://shamela.ws/book/13061
6,كتب السنة,13085,بيان خطأ من أخطأ على الشافعي للبيهقي,https://shamela.ws/book/13085
6,كتب السنة,7531,حديث الجويباري في مسائل عبد الله بن سلام للبيهقي,https://shamela.ws/book/7531
6,كتب السنة,13114,حياة الأنبياء في قبورهم للبيهقي,https://shamela.ws/book/13114
6,كتب السنة,27089,رسالة البيهقي للجويني,https://shamela.ws/book/27089
6,كتب السنة,748,شعب الإيمان - ت زغلول,https://shamela.ws/book/748
6,كتب السنة,10660,شعب الإيمان - ط الرشد,https://shamela.ws/book/10660
6,كتب السنة,13134,فضائل الأوقات للبيهقي,https://shamela.ws/book/13134
6,كتب السنة,2863,معرفة السنن والآثار,https://shamela.ws/book/2863
6,كتب السنة,29876,أمالي أبي يعلى الفراء,https://shamela.ws/book/29876
6,كتب السنة,26579,ستة مجالس لأبي يعلى الفراء,https://shamela.ws/book/26579
6,كتب السنة,26566,فوائد الحنائي = الحنائيات,https://shamela.ws/book/26566
6,كتب السنة,21664,مجلس من أمالي الباطرقاني,https://shamela.ws/book/21664
6,كتب السنة,30388,مجلس من إملاء الفارسي ومجلسان من إملاء البخاري,https://shamela.ws/book/30388
6,كتب السنة,22367,جامع بيان العلم وفضله,https://shamela.ws/book/22367
6,كتب السنة,30025,الأمالي بجامع دمشق,https://shamela.ws/book/30025
6,كتب السنة,21475,البخلاء للخطيب البغدادي,https://shamela.ws/book/21475
6,كتب السنة,22551,الزهد والرقائق للخطيب البغدادي,https://shamela.ws/book/22551
6,كتب السنة,13055,الكفاية في علم الرواية للخطيب البغدادي,https://shamela.ws/book/13055
6,كتب السنة,1932,حديث ابن عمر في ترائي الهلال للخطيب البغدادي,https://shamela.ws/book/1932
6,كتب السنة,5673,حديث الستة من التابعين وذكر طرقه واختلاف وجوهه,https://shamela.ws/book/5673
6,كتب السنة,29892,ذكر الجهر بالبسملة مختصرا,https://shamela.ws/book/29892
6,كتب السنة,26373,صلاة التسبيح للخطيب,https://shamela.ws/book/26373
6,كتب السنة,26750,عوالي مالك رواية الخطيب,https://shamela.ws/book/26750
6,كتب السنة,26776,مسلسل العيدين للكتاني وللخطيب البغدادي,https://shamela.ws/book/26776
6,كتب السنة,30123,أحاديث المناديلي,https://shamela.ws/book/30123
6,كتب السنة,30122,جزء المناديلي,https://shamela.ws/book/30122
6,كتب السنة,727,المهروانيات,https://shamela.ws/book/727
6,كتب السنة,21678,من فوائد أبي القاسم ابن عليك,https://shamela.ws/book/21678
6,كتب السنة,30118,مجلس ابن هزارمرد,https://shamela.ws/book/30118
6,كتب السنة,26452,الرد على من يقول الم حرف لابن منده,https://shamela.ws/book/26452
6,كتب السنة,29769,أحاديث عوالي وفوائد منتقاة وإنشادات,https://shamela.ws/book/29769
6,كتب السنة,29922,الأول من فوائد أبي الحسين بن غنائم,https://shamela.ws/book/29922
6,كتب السنة,6782,الرسالة المغنية في السكوت ولزوم البيوت,https://shamela.ws/book/6782
6,كتب السنة,26660,فضل التهليل وثوابه الجزيل لابن البناء,https://shamela.ws/book/26660
6,كتب السنة,29984,الثاني من الوخشيات,https://shamela.ws/book/29984
6,كتب السنة,29991,الخامس من الوخشيات,https://shamela.ws/book/29991
6,كتب السنة,5725,مشيخة أبي طاهر ابن أبي الصقر,https://shamela.ws/book/5725
6,كتب السنة,5668,جزء بيبي,https://shamela.ws/book/5668
6,كتب السنة,11454,حديثان أحدهما في فضل رجب لأبي معشر الطبري,https://shamela.ws/book/11454
6,كتب السنة,6410,الأربعون في دلائل التوحيد,https://shamela.ws/book/6410
6,كتب السنة,30116,حديث أبي إسحاق الحبال,https://shamela.ws/book/30116
6,كتب السنة,26456,مناقب علي لابن المغازلي,https://shamela.ws/book/26456
6,كتب السنة,9608,مجلسان من أمالي نظام الملك,https://shamela.ws/book/9608
6,كتب السنة,26926,هدية الأحياء إلى الأموات وما يصل إليهم للهكاري,https://shamela.ws/book/26926
6,كتب السنة,12287,مجلس من أمالي أبي بكر الشيرازي,https://shamela.ws/book/12287
6,كتب السنة,9357,أخبار وأشعار لأبي عبد الله الحميدي,https://shamela.ws/book/9357
6,كتب السنة,10025,التذكرة للحميدي,https://shamela.ws/book/10025
6,كتب السنة,5567,الجمع بين الصحيحين للحميدي,https://shamela.ws/book/5567
6,كتب السنة,30078,الذهب المسبوك في وعظ الملوك,https://shamela.ws/book/30078
6,كتب السنة,29773,مسموعات أبي محمد رزق الله التميمي,https://shamela.ws/book/29773
6,كتب السنة,5727,الانتصار لأصحاب الحديث,https://shamela.ws/book/5727
6,كتب السنة,27094,علة الحديث المسلسل في يوم العيدين لأبي محمد الجرجاني,https://shamela.ws/book/27094
6,كتب السنة,10514,الجزء الرابع من الثقفيات للقاسم بن الفضل الثقفي,https://shamela.ws/book/10514
6,كتب السنة,9391,تحريم نكاح المتعة,https://shamela.ws/book/9391
6,كتب السنة,29774,المجلس 121 من أمالي أبي الفتح المقدسي,https://shamela.ws/book/29774
6,كتب السنة,29895,مجلس من أمالي أبي الفتح المقدسي_1,https://shamela.ws/book/29895
6,كتب السنة,30574,مجلس من أمالي أبي الفتح المقدسي_2,https://shamela.ws/book/30574
6,كتب السنة,30725,تسعة مجالس من أمالي طراد الزينبي,https://shamela.ws/book/30725
6,كتب السنة,30103,عوالي طراد الزينبي,https://shamela.ws/book/30103
6,كتب السنة,30045,مجلس الروضة - طراد الزينبي,https://shamela.ws/book/30045
6,كتب السنة,12549,مجلس من أمالي طراد الزينبي,https://shamela.ws/book/12549
6,كتب السنة,29744,مجلسان من أمالي طراد الزينبي,https://shamela.ws/book/29744
6,كتب السنة,30592,الأول من الخلعيات,https://shamela.ws/book/30592
6,كتب السنة,30479,التاسع عشر من الخلعيات,https://shamela.ws/book/30479
6,كتب السنة,30480,التاسع من الخلعيات,https://shamela.ws/book/30480
6,كتب السنة,30601,الثالث عشر من الخلعيات,https://shamela.ws/book/30601
6,كتب السنة,30482,الثالث من الخلعيات,https://shamela.ws/book/30482
6,كتب السنة,30483,الثامن عشر من الخلعيات,https://shamela.ws/book/30483
6,كتب السنة,30484,الثامن من الخلعيات,https://shamela.ws/book/30484
6,كتب السنة,30487,الثاني عشر من الخلعيات,https://shamela.ws/book/30487
6,كتب السنة,30488,الثاني من الخلعيات,https://shamela.ws/book/30488
6,كتب السنة,30500,الحادي عشر من الخلعيات,https://shamela.ws/book/30500
6,كتب السنة,30502,الخامس عشر من الخلعيات,https://shamela.ws/book/30502
6,كتب السنة,30503,الخامس من الخلعيات,https://shamela.ws/book/30503
6,كتب السنة,30504,الرابع عشر من الخلعيات,https://shamela.ws/book/30504
6,كتب السنة,30505,الرابع من الخلعيات,https://shamela.ws/book/30505
6,كتب السنة,30506,السابع عشر من الخلعيات,https://shamela.ws/book/30506
6,كتب السنة,30507,السابع من الخلعيات,https://shamela.ws/book/30507
6,كتب السنة,30515,السادس عشر من الخلعيات,https://shamela.ws/book/30515
6,كتب السنة,30516,السادس من الخلعيات,https://shamela.ws/book/30516
6,كتب السنة,30519,العشرون من الخلعيات,https://shamela.ws/book/30519
6,كتب السنة,29775,الفوائد الحسان الصحاح والغرائب,https://shamela.ws/book/29775
6,كتب السنة,10835,الفوائد المنتقاة الحسان للخلعي (الخلعيات) رواية السعدي,https://shamela.ws/book/10835
6,كتب السنة,29776,حديث سفيان بن عيينة رواية الخلعي,https://shamela.ws/book/29776
6,كتب السنة,30340,منتقى من العشرين جزءا المنتخبة (الخلعيات),https://shamela.ws/book/30340
6,كتب السنة,30584,الأربعون الودعانية الموضوعة,https://shamela.ws/book/30584
6,كتب السنة,12882,الأربعون الودعانية لابن ودعان,https://shamela.ws/book/12882
6,كتب السنة,29777,أحاديث مسلسلات,https://shamela.ws/book/29777
6,كتب السنة,11441,حديث الضب للطريثيثي,https://shamela.ws/book/11441
6,كتب السنة,13105,جزء فيه أحاديث ابن حيان,https://shamela.ws/book/13105
6,كتب السنة,190,الفوائد المنتقاة على شرط الإمامين,https://shamela.ws/book/190
6,كتب السنة,9392,ترتيب الأمالي الخميسية للشجري,https://shamela.ws/book/9392
6,كتب السنة,26876,المنثور من الحكايات والسؤالات لابن طاهر المقدسي,https://shamela.ws/book/26876
6,كتب السنة,26591,مسألة التسمية لمحمد بن طاهر المقدسي,https://shamela.ws/book/26591
6,كتب السنة,5695,فوائد أبي بكر الشاشي,https://shamela.ws/book/5695
6,كتب السنة,29778,الفوائد المنتقاة على شرط الإمامين,https://shamela.ws/book/29778
6,كتب السنة,6072,الفردوس بمأثور الخطاب,https://shamela.ws/book/6072
6,كتب السنة,6768,ثواب قضاء حوائج الإخوان,https://shamela.ws/book/6768
6,كتب السنة,26588,فوائد الكوفيين لأبي الغنائم النرسي,https://shamela.ws/book/26588
6,كتب السنة,30027,أمالي ابن منده- رواية ابن حيويه,https://shamela.ws/book/30027
6,كتب السنة,9628,من عاش مائة وعشرين سنة من الصحابة لابن منده,https://shamela.ws/book/9628
6,كتب السنة,9394,جزء الجركاني,https://shamela.ws/book/9394
6,كتب السنة,7891,شرح السنة للبغوي,https://shamela.ws/book/7891
6,كتب السنة,14119,مصابيح السنة,https://shamela.ws/book/14119
6,كتب السنة,9594,مجلس إملاء في رؤية الله تعالى للدقاق,https://shamela.ws/book/9594
6,كتب السنة,9622,معجم مشايخ محمد بن عبد الواحد الدقاق,https://shamela.ws/book/9622
6,كتب السنة,21673,من حديث أبي محمد ابن الأكفاني,https://shamela.ws/book/21673
6,كتب السنة,29726,أحاديث أبي عبد الله الرازي,https://shamela.ws/book/29726
6,كتب السنة,5728,مشيخة ابن الحطاب أبي عبد الله الرازي وثبت مسموعاته,https://shamela.ws/book/5728
6,كتب السنة,29782,حديث أبي نصر اليونارتي,https://shamela.ws/book/29782
6,كتب السنة,26558,أمالي عبد الغافر الفارسي,https://shamela.ws/book/26558
6,كتب السنة,24229,مجلس أبي نصر الغازي,https://shamela.ws/book/24229
6,كتب السنة,10444,الأحاديث السباعيات الألف للشحامي,https://shamela.ws/book/10444
6,كتب السنة,37610,جزء تحفة عيد الفطر,https://shamela.ws/book/37610
6,كتب السنة,26654,عوالي مالك رواية زاهر بن طاهر الشحامي,https://shamela.ws/book/26654
6,كتب السنة,26884,الترغيب والترهيب - إسماعيل الأصفهاني - ت شعبان,https://shamela.ws/book/26884
6,كتب السنة,1501,الترغيب والترهيب - إسماعيل الأصفهاني - ط اللؤلؤة,https://shamela.ws/book/1501
6,كتب السنة,6446,الحجة في بيان المحجة,https://shamela.ws/book/6446
6,كتب السنة,29900,العوالي الموافقات - إسماعيل الأصبهاني,https://shamela.ws/book/29900
6,كتب السنة,21680,مسلسلات التيمي - مخطوط,https://shamela.ws/book/21680
6,كتب السنة,26542,المشيخة الكبرى - قاضي المارستان,https://shamela.ws/book/26542
6,كتب السنة,29902,المجلس 128 من أمالي أبي القاسم السمرقندي,https://shamela.ws/book/29902
6,كتب السنة,26481,ما قرب سنده من حديث أبي القاسم السمرقندي,https://shamela.ws/book/26481
6,كتب السنة,29772,الأربعون المستخرجة من الصحاح من روايات المحمدين,https://shamela.ws/book/29772
6,كتب السنة,29904,فوائد أبي سعد البغدادي,https://shamela.ws/book/29904
6,كتب السنة,29903,مجلس من أمالي أبي سعد البغدادي,https://shamela.ws/book/29903
6,كتب السنة,29783,مجلسان لأبي سعد البغدادي,https://shamela.ws/book/29783
6,كتب السنة,26862,الأربعون لأبي البركات النيسابوري,https://shamela.ws/book/26862
6,كتب السنة,26345,جزء ابن الجلابي,https://shamela.ws/book/26345
6,كتب السنة,26463,الغنية في شيوخ القاضي عياض,https://shamela.ws/book/26463
6,كتب السنة,29785,الأربعون لأبي سعد النيسابوري,https://shamela.ws/book/29785
6,كتب السنة,26842,كتاب الأربعين في إرشاد السائرين إلى منازل المتقين أو الأربعين الطائية,https://shamela.ws/book/26842
6,كتب السنة,154,زهر الفردوس = الغرائب الملتقطة من مسند الفردوس,https://shamela.ws/book/154
6,كتب السنة,9592,فوائد ابن الباغبان,https://shamela.ws/book/9592
6,كتب السنة,29786,أحاديث مسلسلة رواية ابن ناقة,https://shamela.ws/book/29786
6,كتب السنة,12743,فضائل الشام للسمعاني,https://shamela.ws/book/12743
6,كتب السنة,26746,عروس الأجزاء,https://shamela.ws/book/26746
6,كتب السنة,29976,فوائد أبي الفرج الثقفي,https://shamela.ws/book/29976
6,كتب السنة,9361,أربعون حديثا عن أربعين شيخا في أربعين لابن المقرب,https://shamela.ws/book/9361
6,كتب السنة,186,الأربعين من رواية المحمدين المخرج ذلك من صحيح البخاري,https://shamela.ws/book/186
6,كتب السنة,26378,موجبات الجنة لابن الفاخر,https://shamela.ws/book/26378
6,كتب السنة,123581,المعجم لعبد الخالق بن أسد الحنفي,https://shamela.ws/book/123581
6,كتب السنة,26665,الفوائد الحسان لابن النقور,https://shamela.ws/book/26665
6,كتب السنة,29932,خماسيات ابن النقور,https://shamela.ws/book/29932
6,كتب السنة,26437,وفيات جماعة من المحدثين لأبي مسعود الحاجي,https://shamela.ws/book/26437
6,كتب السنة,26866,أخبار لحفظ القرآن لابن عساكر,https://shamela.ws/book/26866
6,كتب السنة,26742,الأربعون الأبدال العوالي لابن عساكر,https://shamela.ws/book/26742
6,كتب السنة,5713,الأربعون البلدانية لابن عساكر,https://shamela.ws/book/5713
6,كتب السنة,9371,الأربعون حديثا من المساواة,https://shamela.ws/book/9371
6,كتب السنة,5716,الأربعون في الحث على الجهاد,https://shamela.ws/book/5716
6,كتب السنة,26465,التوبة لابن عساكر,https://shamela.ws/book/26465
6,كتب السنة,29789,الحادي والخمسون من أمالي ابن عساكر,https://shamela.ws/book/29789
6,كتب السنة,9965,تبيين الامتنان بالأمر بالاختتان لابن عساكر,https://shamela.ws/book/9965
6,كتب السنة,6766,تعزية المسلم,https://shamela.ws/book/6766
6,كتب السنة,26851,حديث أهل حردان لابن عساكر,https://shamela.ws/book/26851
6,كتب السنة,26707,ذم الملاهي لابن عساكر,https://shamela.ws/book/26707
6,كتب السنة,26467,ذم ذي الوجهين واللسانين لابن عساكر,https://shamela.ws/book/26467
6,كتب السنة,26861,ذم قرناء السوء لابن عساكر,https://shamela.ws/book/26861
6,كتب السنة,26501,ذم من لا يعمل بعلمه لابن عساكر,https://shamela.ws/book/26501
6,كتب السنة,26735,فضل أم المؤمنين عائشة لابن عساكر,https://shamela.ws/book/26735
6,كتب السنة,22053,فضل رجب لابن عساكر,https://shamela.ws/book/22053
6,كتب السنة,26468,فضل شهر رمضان لابن عساكر,https://shamela.ws/book/26468
6,كتب السنة,26469,فضل يوم عرفة لابن عساكر,https://shamela.ws/book/26469
6,كتب السنة,26719,فضيلة ذكر الله لابن عساكر,https://shamela.ws/book/26719
6,كتب السنة,12747,مدح التواضع لابن عساكر,https://shamela.ws/book/12747
6,كتب السنة,12750,معجم الشيوخ لابن عساكر,https://shamela.ws/book/12750
6,كتب السنة,9450,حديث العثماني للديباجي,https://shamela.ws/book/9450
6,كتب السنة,7375,العمدة من الفوائد والآثار الصحاح في مشيخة شهدة,https://shamela.ws/book/7375
6,كتب السنة,30240,أحاديث السلفي عن جعفر السراج,https://shamela.ws/book/30240
6,كتب السنة,1093,أحاديث منتخبة من أجزاء أبي منصور الخوجاني للسلفي,https://shamela.ws/book/1093
6,كتب السنة,30024,أحاديث وحكايات للسلفي,https://shamela.ws/book/30024
6,كتب السنة,26985,الأحاديث العيدية المسلسلة للسلفي,https://shamela.ws/book/26985
6,كتب السنة,9372,الأربعون البلدانية لأبي طاهر,https://shamela.ws/book/9372
6,كتب السنة,12883,الأربعون حديثا في حق الفقراء لأبي طاهر السلفي,https://shamela.ws/book/12883
6,كتب السنة,9634,الطيوريات,https://shamela.ws/book/9634
6,كتب السنة,5706,المجالس الخمسة السلماسية للسلفي,https://shamela.ws/book/5706
6,كتب السنة,29790,جزء بانتخاب أبي طاهر السلفي,https://shamela.ws/book/29790
6,كتب السنة,30047,جزء فيه ثلاثة أحاديث مسلسلة,https://shamela.ws/book/30047
6,كتب السنة,27087,حديث السلفي عن الأبهريين,https://shamela.ws/book/27087
6,كتب السنة,9448,حديث السلفي عن حاكم الكوفة,https://shamela.ws/book/9448
6,كتب السنة,9452,حديث المصافحة للسلفي,https://shamela.ws/book/9452
6,كتب السنة,26670,قصيدة السلفي,https://shamela.ws/book/26670
6,كتب السنة,26658,منتقى من السفينة البغدادية للسلفي,https://shamela.ws/book/26658
6,كتب السنة,26426,الآثار المروية في الأطعمة السرية لابن بشكوال,https://shamela.ws/book/26426
6,كتب السنة,6753,الذيل على جزء بقي بن مخلد من أحاديث الحوض,https://shamela.ws/book/6753
6,كتب السنة,187,الأحاديث المائة المخرجة من الصحيح المسلسلة بالمحمدين,https://shamela.ws/book/187
6,كتب السنة,17729,الأحكام الصغرى,https://shamela.ws/book/17729
6,كتب السنة,4289,الأحكام الكبرى,https://shamela.ws/book/4289
6,كتب السنة,17903,الأحكام الوسطى,https://shamela.ws/book/17903
6,كتب السنة,20638,الجمع بين الصحيحين لعبد الحق,https://shamela.ws/book/20638
6,كتب السنة,29793,الجزء الرابع من رباعي التابعين,https://shamela.ws/book/29793
6,كتب السنة,30195,الطوالات - لأبي موسى المديني,https://shamela.ws/book/30195
6,كتب السنة,21633,الكلام على حديث الإستلقاء لأبي موسى المديني,https://shamela.ws/book/21633
6,كتب السنة,9510,ذكر ابن أبي الدنيا وما وقع عاليا من حديثه,https://shamela.ws/book/9510
6,كتب السنة,9523,ذكر الإمام أبي عبد الله بن منده,https://shamela.ws/book/9523
6,كتب السنة,21646,طوالات الأخبار لأبي موسى المديني,https://shamela.ws/book/21646
6,كتب السنة,30324,مجلس من أمالي أبي موسى المديني,https://shamela.ws/book/30324
6,كتب السنة,30790,منتهى رغبات السامعين في عوالي أحاديث التابعين,https://shamela.ws/book/30790
6,كتب السنة,5995,نزهة الحفاظ,https://shamela.ws/book/5995
6,كتب السنة,9664,سباعيات أبي المعالي الفراوي,https://shamela.ws/book/9664
6,كتب السنة,6439,الأربعون الكيلانية,https://shamela.ws/book/6439
6,كتب السنة,5907,التحقيق في أحاديث الخلاف,https://shamela.ws/book/5907
6,كتب السنة,148271,جامع المسانيد لابن الجوزي,https://shamela.ws/book/148271
6,كتب السنة,313,فضائل بيت المقدس - ابن الجوزي - ت عمرو عبد العظيم الحويني,https://shamela.ws/book/313
6,كتب السنة,12131,كتاب المسلسلات لابن الجوزي,https://shamela.ws/book/12131
6,كتب السنة,9619,مشيخة ابن الجوزي,https://shamela.ws/book/9619
6,كتب السنة,30731,جزء العبدي,https://shamela.ws/book/30731
6,كتب السنة,30346,أحاديث الجماعيلي,https://shamela.ws/book/30346
6,كتب السنة,6900,أحاديث الشعر,https://shamela.ws/book/6900
6,كتب السنة,1441,أخبار الدجال لعبد الغني المقدسي,https://shamela.ws/book/1441
6,كتب السنة,26390,أخبار الصلاة لعبد الغني المقدسي,https://shamela.ws/book/26390
6,كتب السنة,9074,الأمر بالمعروف والنهي عن المنكر - عبد الغني المقدسي,https://shamela.ws/book/9074
6,كتب السنة,6749,الترغيب في الدعاء والحث عليه لعبد الغني المقدسي,https://shamela.ws/book/6749
6,كتب السنة,9381,التوحيد للمقدسي,https://shamela.ws/book/9381
6,كتب السنة,10482,التوكل وسؤال الله عز وجل لعبد الغني المقدسي,https://shamela.ws/book/10482
6,كتب السنة,30617,الثاني من المصباح في عيون الصحاح,https://shamela.ws/book/30617
6,كتب السنة,30266,الثاني من فضائل عمر بن الخطاب,https://shamela.ws/book/30266
6,كتب السنة,30657,العاشر من المصباح في عيون الصحاح,https://shamela.ws/book/30657
6,كتب السنة,29794,المصباح في عيون الصحاح,https://shamela.ws/book/29794
6,كتب السنة,9390,تحريم القتل وتعظيمه,https://shamela.ws/book/9390
6,كتب السنة,26747,حديث الإفك لعبد الغني المقدسي,https://shamela.ws/book/26747
6,كتب السنة,12736,ذكر النار لعبد الغني المقدسي,https://shamela.ws/book/12736
6,كتب السنة,30314,زواج أبي العاص بزينب بنت الربيع,https://shamela.ws/book/30314
6,كتب السنة,17103,عمدة الأحكام - ت الزهيري,https://shamela.ws/book/17103
6,كتب السنة,538,عمدة الأحكام - ت القاسم,https://shamela.ws/book/538
6,كتب السنة,11194,عمدة الأحكام الكبرى,https://shamela.ws/book/11194
6,كتب السنة,6075,عمدة الأحكام من كلام خير الأنام صلى الله عليه وسلم,https://shamela.ws/book/6075
6,كتب السنة,9561,فضائل شهر رمضان لعبد الغني المقدسي,https://shamela.ws/book/9561
6,كتب السنة,26710,مناقب النساء الصحابيات لعبد الغني المقدسي,https://shamela.ws/book/26710
6,كتب السنة,38202,نهاية المراد من كلام خير العباد,https://shamela.ws/book/38202
6,كتب السنة,9376,الأربعون من مسانيد المشايخ العشرين للقشيري,https://shamela.ws/book/9376
6,كتب السنة,25800,جامع الأصول,https://shamela.ws/book/25800
6,كتب السنة,9354,أحاديث عن 19 من أصحاب ابن طبرزد,https://shamela.ws/book/9354
6,كتب السنة,30037,جزء ابن طبرزد,https://shamela.ws/book/30037
6,كتب السنة,30243,أحاديث مقتبسة من الأربعين المسلسلة,https://shamela.ws/book/30243
6,كتب السنة,10441,أربعون حديثا لعلي بن المفضل المقدسي,https://shamela.ws/book/10441
6,كتب السنة,26726,الأربعون على الطبقات لعلي بن المفضل المقدسي,https://shamela.ws/book/26726
6,كتب السنة,3981,جزء فيه طرق حديث عبد الرحمن بن أبي ليلى عن كعب بن عجرة في الصلاة على النبي صلى الله عليه وسلم,https://shamela.ws/book/3981
6,كتب السنة,29639,كتاب الأربعين في فضل الدعاء والداعين - جـ 5,https://shamela.ws/book/29639
6,كتب السنة,30750,خبر شعر ووفادة النابغة الجعدي,https://shamela.ws/book/30750
6,كتب السنة,26366,عوالي مالك رواية أبي اليمن الكندي,https://shamela.ws/book/26366
6,كتب السنة,26490,الأربعون للمؤيد بن محمد الطوسي,https://shamela.ws/book/26490
6,كتب السنة,30124,خمسة أحاديث من رواية ابن العربي المتأخر,https://shamela.ws/book/30124
6,كتب السنة,9374,كتاب الأربعين في الجهاد والمجاهدين,https://shamela.ws/book/9374
6,كتب السنة,7268,إثبات صفة العلو - ابن قدامة,https://shamela.ws/book/7268
6,كتب السنة,9384,الرقة والبكاء لابن قدامة,https://shamela.ws/book/9384
6,كتب السنة,6763,المتحابين في الله,https://shamela.ws/book/6763
6,كتب السنة,11417,بلغة الطالب الحثيث في صحيح عوالي الحديث لابن قدامة,https://shamela.ws/book/11417
6,كتب السنة,6425,ذم التأويل,https://shamela.ws/book/6425
6,كتب السنة,30317,فضل يوم التروية وعرفة,https://shamela.ws/book/30317
6,كتب السنة,6596,كتاب الأربعين في مناقب أمهات المؤمنين,https://shamela.ws/book/6596
6,كتب السنة,30055,جزء من تخريج أحمد بن عبد الواحد البخاري,https://shamela.ws/book/30055
6,كتب السنة,27096,فضل الجهاد لأحمد بن عبد الواحد المقدسي,https://shamela.ws/book/27096
6,كتب السنة,29768,مجموع تخريج شمس الدين المقدسي,https://shamela.ws/book/29768
6,كتب السنة,11492,حديث عيسى بن مريم والطير والضب لعبد الرحمن المقدسي,https://shamela.ws/book/11492
6,كتب السنة,10076,أحاديث منتخبة من مشيخة ابن صصري,https://shamela.ws/book/10076
6,كتب السنة,26370,عوالي مالك رواية عمر بن الحاجب,https://shamela.ws/book/26370
6,كتب السنة,26473,مشيخة السهروردي,https://shamela.ws/book/26473
6,كتب السنة,9593,ما وضح واستبان في فضائل شهر شعبان,https://shamela.ws/book/9593
6,كتب السنة,30665,المسلسلات من الأحاديث والآثار,https://shamela.ws/book/30665
6,كتب السنة,26857,مشيخة أبي المنجى ابن اللتي,https://shamela.ws/book/26857
6,كتب السنة,26560,سلوك طريف السلف في مشايخ عبد الحق بن خلف,https://shamela.ws/book/26560
6,كتب السنة,26813,تاريخ دنيسر,https://shamela.ws/book/26813
6,كتب السنة,29413,وصل بلاغات الموطأ ابن الصلاح,https://shamela.ws/book/29413
6,كتب السنة,29428,أحاديث صحيحة مما رواه مسلم بن الحجاج بين المصطفى وبينه تسعة نفر لضياء الدين المقدسي,https://shamela.ws/book/29428
6,كتب السنة,10480,الأحاديث المختارة,https://shamela.ws/book/10480
6,كتب السنة,9618,الأمراض أو الطب النبوي - الضياء المقدسي,https://shamela.ws/book/9618
6,كتب السنة,21626,الرواة الأربعة عشر - الضياء المقدسي,https://shamela.ws/book/21626
6,كتب السنة,30003,الرواة عن مسلم بن الحجاج - الضياء المقدسي,https://shamela.ws/book/30003
6,كتب السنة,3128,الزيادات على كتاب الكبائر للبرديجي - الضياء المقدسي,https://shamela.ws/book/3128
6,كتب السنة,1875,السنن والأحكام عن المصطفى عليه أفضل الصلاة والسلام,https://shamela.ws/book/1875
6,كتب السنة,9385,العدة للكرب والشدة - الضياء المقدسي,https://shamela.ws/book/9385
6,كتب السنة,30166,المنتقى من مسموعات الضياء المقدسي بمرو,https://shamela.ws/book/30166
6,كتب السنة,21635,المنتقى من مسموعات الضياء المقدسي بمرو - مخطوط,https://shamela.ws/book/21635
6,كتب السنة,30021,الموافقات العوالي للضياء المقدسي_1,https://shamela.ws/book/30021
6,كتب السنة,29738,الموافقات العوالي للضياء المقدسي_2,https://shamela.ws/book/29738
6,كتب السنة,12735,النهي عن سب الأصحاب - الضياء المقدسي,https://shamela.ws/book/12735
6,كتب السنة,30294,بلغة الطالب الحثيث في صحيح عوالي الحديث,https://shamela.ws/book/30294
6,كتب السنة,26733,حديث أبي عبد الرحمن المقرئ - الضياء المقدسي,https://shamela.ws/book/26733
6,كتب السنة,29653,حديث ابن أبي المكارم,https://shamela.ws/book/29653
6,كتب السنة,29449,خمسة أحاديث مسلسلات - الضياء المقدسي,https://shamela.ws/book/29449
6,كتب السنة,29458,ذكر المصافحة - الضياء المقدسي,https://shamela.ws/book/29458
6,كتب السنة,12740,صفة الجنة - الضياء المقدسي - المختصرة,https://shamela.ws/book/12740
6,كتب السنة,1361,صفة الجنة - الضياء المقدسي - المسندة - جـ 3,https://shamela.ws/book/1361
6,كتب السنة,26554,صفة النبي وأجزاء أخرى - الضياء المقدسي,https://shamela.ws/book/26554
6,كتب السنة,11771,طرق حديث النبي حيث كان في الحائط - الضياء المقدسي,https://shamela.ws/book/11771
6,كتب السنة,27095,فضائل القرآن - الضياء المقدسي,https://shamela.ws/book/27095
6,كتب السنة,5721,فضائل بيت المقدس - الضياء المقدسي,https://shamela.ws/book/5721
6,كتب السنة,9624,من حديث عبد الله بن يزيد المقرئ,https://shamela.ws/book/9624
6,كتب السنة,30134,من عوالي الضياء المقدسي تخريجه من الموافقات في مشايخ أحمد,https://shamela.ws/book/30134
6,كتب السنة,29937,مناقب جعفر بن أبى طالب,https://shamela.ws/book/29937
6,كتب السنة,26339,منتقى حديث أبي الحسن العبدويي,https://shamela.ws/book/26339
6,كتب السنة,9398,جزء من أحاديث ابن المقير عن شيوخه,https://shamela.ws/book/9398
6,كتب السنة,12741,عوالي أبي حنيفة,https://shamela.ws/book/12741
6,كتب السنة,26561,عوالي هشام بن عروة وغيره لأبي الحجاج الدمشقي,https://shamela.ws/book/26561
6,كتب السنة,12855,جزء فيه منتقى من سيرة ابن هشام,https://shamela.ws/book/12855
6,كتب السنة,30101,مشارق الأنوار النبوية من صحاح الأخبار المصطفوية,https://shamela.ws/book/30101
6,كتب السنة,9389,المشيخة البغدادية - الأموي - ت بشار,https://shamela.ws/book/9389
6,كتب السنة,26471,المشيخة البغدادية - الأموي - ت عامر صبري,https://shamela.ws/book/26471
6,كتب السنة,11026,الفوائد المنتقاة المسماة بمشيخة الموصل لابن أبي الفهم,https://shamela.ws/book/11026
6,كتب السنة,171,صحيح الترغيب والترهيب,https://shamela.ws/book/171
6,كتب السنة,179,ضعيف الترغيب والترهيب,https://shamela.ws/book/179
6,كتب السنة,13223,الترغيب والترهيب - المنذري - ت عمارة,https://shamela.ws/book/13223
6,كتب السنة,6847,الترغيب والترهيب - المنذري - ط العلمية,https://shamela.ws/book/6847
6,كتب السنة,29464,جزء حديث المتبايعين بالخيار,https://shamela.ws/book/29464
6,كتب السنة,20944,مختصر سنن أبي داود للمنذري ت حلاق,https://shamela.ws/book/20944
6,كتب السنة,17616,مختصر صحيح مسلم للمنذري ت الألباني,https://shamela.ws/book/17616
6,كتب السنة,26487,الأربعون للبكري,https://shamela.ws/book/26487
6,كتب السنة,127656,اختصار صحيح البخاري وبيان غريبه,https://shamela.ws/book/127656
6,كتب السنة,26432,مشيخة النعال,https://shamela.ws/book/26432
6,كتب السنة,1483,الرواة عن مالك للرشيد العطار,https://shamela.ws/book/1483
6,كتب السنة,26428,نزهة الناظر في ذكر من حدث عن البغوي,https://shamela.ws/book/26428
6,كتب السنة,21703,منتقى من حديث الجصاص والحنائي لأحمد بن عبد الدائم,https://shamela.ws/book/21703
6,كتب السنة,29466,الأحاديث الستة العراقية,https://shamela.ws/book/29466
6,كتب السنة,26557,أحاديث عوال من مسموعات ابن هامل,https://shamela.ws/book/26557
6,كتب السنة,5671,جزء لؤلؤ,https://shamela.ws/book/5671
6,كتب السنة,147927,الأربعون النووية مع زيادات ابن رجب,https://shamela.ws/book/147927
6,كتب السنة,512,تحقيق رياض الصالحين للألباني,https://shamela.ws/book/512
6,كتب السنة,5920,خلاصة الأحكام,https://shamela.ws/book/5920
6,كتب السنة,12014,رياض الصالحين - ت الرسالة الثاني,https://shamela.ws/book/12014
6,كتب السنة,2348,رياض الصالحين - ت الفحل,https://shamela.ws/book/2348
6,كتب السنة,26924,الكلام على وصول القراءة للميت لابن سرور المقدسي,https://shamela.ws/book/26924
6,كتب السنة,27102,مسلسل العيدين للصيرفي,https://shamela.ws/book/27102
6,كتب السنة,26641,خمسة أحاديث تخريج ابن بلبان,https://shamela.ws/book/26641
6,كتب السنة,26669,أحاديث السفر لأبي اليمن,https://shamela.ws/book/26669
6,كتب السنة,26723,أحاديث شهر رمضان لأبي اليمن بن عساكر,https://shamela.ws/book/26723
6,كتب السنة,26764,إتحاف الزائر وإطراف المقيم للسائر لأبي اليمن ابن عساكر,https://shamela.ws/book/26764
6,كتب السنة,30696,المنتقى من سماعات محمد بن عبد الرحيم المقدسي,https://shamela.ws/book/30696
6,كتب السنة,5740,مشيخة ابن البخاري,https://shamela.ws/book/5740
6,كتب السنة,21681,مشيخة دانيال,https://shamela.ws/book/21681
6,كتب السنة,26722,مشيخة شرف الدين اليونيني,https://shamela.ws/book/26722
6,كتب السنة,30246,أربعون حديثا تساعية الإسناد,https://shamela.ws/book/30246
6,كتب السنة,5919,الإلمام بأحاديث الأحكام,https://shamela.ws/book/5919
6,كتب السنة,924,الإلمام بأحاديث الأحكام - ومعه حاشية ابن عبد الهادي,https://shamela.ws/book/924
6,كتب السنة,30558,أحاديث عوالي للدمياطي,https://shamela.ws/book/30558
6,كتب السنة,10447,الأربعون الأبدال التساعيات للبخاري ومسلم للدمياطي,https://shamela.ws/book/10447
6,كتب السنة,30594,الأول من معجم شيوخ الدمياطي,https://shamela.ws/book/30594
6,كتب السنة,22301,التسلي والاغتباط بثواب من تقدم من الأفراط,https://shamela.ws/book/22301
6,كتب السنة,30257,الثالث من معجم شيوخ الدمياطي,https://shamela.ws/book/30257
6,كتب السنة,30606,الثامن من معجم شيوخ الدمياطي,https://shamela.ws/book/30606
6,كتب السنة,30620,الثاني من معجم شيوخ الدمياطي,https://shamela.ws/book/30620
6,كتب السنة,30644,الخامس من معجم شيوخ الدمياطي,https://shamela.ws/book/30644
6,كتب السنة,30646,الرابع من معجم شيوخ الدمياطي,https://shamela.ws/book/30646
6,كتب السنة,30648,السابع من معجم شيوخ الدمياطي,https://shamela.ws/book/30648
6,كتب السنة,30652,السادس من معجم شيوخ الدمياطي,https://shamela.ws/book/30652
6,كتب السنة,30700,الموافقيات التساعيات للدمياطي,https://shamela.ws/book/30700
6,كتب السنة,26565,جزء فيه مصافحات مسلم النسائي للدمياطي,https://shamela.ws/book/26565
6,كتب السنة,26925,نفحات النسمات في وصول إهداء الثواب للأموات,https://shamela.ws/book/26925
6,كتب السنة,29481,عوالي أبي بكر بن عبد الدائم,https://shamela.ws/book/29481
6,كتب السنة,27085,جزء يشتمل على ثمانية وخمسين حديثا,https://shamela.ws/book/27085
6,كتب السنة,12532,ملء العيبة بما جمع بطول الغيبة - جـ 5,https://shamela.ws/book/12532
6,كتب السنة,27101,مجلس من حديث ابن العطار,https://shamela.ws/book/27101
6,كتب السنة,7525,الأحاديث العوالي من جزء ابن عرفة العبدي,https://shamela.ws/book/7525
6,كتب السنة,9370,الأربعون التيمية,https://shamela.ws/book/9370
6,كتب السنة,9870,برنامج التجيبي,https://shamela.ws/book/9870
6,كتب السنة,29617,الأحاديث التساعية لابن جماعة,https://shamela.ws/book/29617
6,كتب السنة,5724,مشيخة أبي بكر بن عبد الدائم,https://shamela.ws/book/5724
6,كتب السنة,30327,مشيخة ابن جماعة - تخريج البرزالي,https://shamela.ws/book/30327
6,كتب السنة,8360,مشكاة المصابيح,https://shamela.ws/book/8360
6,كتب السنة,12846,المنتقى من الفوائد الحسان في الحديث,https://shamela.ws/book/12846
6,كتب السنة,26893,ترجمة مسلمة بن مخلد للمزي,https://shamela.ws/book/26893
6,كتب السنة,1088,المحرر في الحديث - ت القاسم,https://shamela.ws/book/1088
6,كتب السنة,5918,المحرر في الحديث - ت المرعشلي,https://shamela.ws/book/5918
6,كتب السنة,30100,المنتخب من حديث شيوخ بغداد,https://shamela.ws/book/30100
6,كتب السنة,26495,مشيخة محيي الدين اليونيني,https://shamela.ws/book/26495
6,كتب السنة,26890,إثبات الشفاعة للذهبي,https://shamela.ws/book/26890
6,كتب السنة,5688,الدينار من حديث المشايخ الكبار,https://shamela.ws/book/5688
6,كتب السنة,30673,المعجم اللطيف,https://shamela.ws/book/30673
6,كتب السنة,146127,المهذب في اختصار السنن الكبير,https://shamela.ws/book/146127
6,كتب السنة,29830,ترجمة الإمام مسلم ورواة صحيحه,https://shamela.ws/book/29830
6,كتب السنة,26112,ذكر من يعتمد قوله في الجرح والتعديل,https://shamela.ws/book/26112
6,كتب السنة,12861,كتاب الأربعين في صفات رب العالمين,https://shamela.ws/book/12861
6,كتب السنة,30341,موضوعات المستدرك للذهبي,https://shamela.ws/book/30341
6,كتب السنة,9709,الأحاديث الصحاح الغرائب للمزي,https://shamela.ws/book/9709
6,كتب السنة,5680,مسند أمة الله مريم,https://shamela.ws/book/5680
6,كتب السنة,10778,المسلسلات المختصرة المقدمة أمام المجالس المبتكرة,https://shamela.ws/book/10778
6,كتب السنة,10826,بغية الملتمس في سباعيات حديث الإمام مالك بن أنس,https://shamela.ws/book/10826
6,كتب السنة,32381,الدر المنظوم من كلام المصطفى المعصوم صلى الله عليه وسلم,https://shamela.ws/book/32381
6,كتب السنة,26906,انتخاب كتاب من وافقت كنيته اسم أبيه للخطيب,https://shamela.ws/book/26906
6,كتب السنة,27103,مشيخة ابن إمام الصخرة,https://shamela.ws/book/27103
6,كتب السنة,29802,فوائد ابن جماعة,https://shamela.ws/book/29802
6,كتب السنة,9426,حديث التقي بن المجد,https://shamela.ws/book/9426
6,كتب السنة,21809,جامع المسانيد والسنن,https://shamela.ws/book/21809
6,كتب السنة,30016,مسند أبي بكر الصديق - لابن كثير,https://shamela.ws/book/30016
6,كتب السنة,16555,مسند الفاروق لابن كثير ت إمام,https://shamela.ws/book/16555
6,كتب السنة,26039,مسند الفاروق لابن كثير ت قلعجي,https://shamela.ws/book/26039
6,كتب السنة,9620,مشيخة البياني,https://shamela.ws/book/9620
6,كتب السنة,27104,مشيخة أبي حفص المراغي,https://shamela.ws/book/27104
6,كتب السنة,22884,المقرر على أبواب المحرر,https://shamela.ws/book/22884
6,كتب السنة,29805,أحاديث منتقاة من سماعات ابن الشيخة,https://shamela.ws/book/29805
6,كتب السنة,9382,الثاني من شعار الأبرار في الأدعية والأذكار,https://shamela.ws/book/9382
6,كتب السنة,17063,كشف المناهج والتناقيح في تخريج أحاديث المصابيح,https://shamela.ws/book/17063
6,كتب السنة,5715,الأربعون العشارية للعراقي,https://shamela.ws/book/5715
6,كتب السنة,29509,التوسعة على العيال لأبي زرعة,https://shamela.ws/book/29509
6,كتب السنة,6008,المستخرج على المستدرك للحاكم = أمالي العراقي,https://shamela.ws/book/6008
6,كتب السنة,30115,تقريب الأسانيد وترتيب المسانيد,https://shamela.ws/book/30115
6,كتب السنة,9484,خمسة أحاديث من أمالي الحافظ العراقي,https://shamela.ws/book/9484
6,كتب السنة,21570,المقصد العلي في زوائد أبي يعلى الموصلي,https://shamela.ws/book/21570
6,كتب السنة,645,تقريب البغية بترتيب أحاديث الحلية,https://shamela.ws/book/645
6,كتب السنة,9567,غاية المقصد فى زوائد المسند,https://shamela.ws/book/9567
6,كتب السنة,61,مجمع الزوائد ومنبع الفوائد,https://shamela.ws/book/61
6,كتب السنة,96615,مجمع الزوائد ومنبع الفوائد ت حسين أسد,https://shamela.ws/book/96615
6,كتب السنة,98126,موارد الظمآن إلى زوائد ابن حبان - ت حسين أسد,https://shamela.ws/book/98126
6,كتب السنة,901,موارد الظمآن إلى زوائد ابن حبان - ت عبد الرزاق حمزة,https://shamela.ws/book/901
6,كتب السنة,9375,الأربعون من عوالي المجيزين,https://shamela.ws/book/9375
6,كتب السنة,26731,مشيخة أبي بكر المراغي,https://shamela.ws/book/26731
6,كتب السنة,11760,رسالة في بيان ما لم يثبت فيه حديث صحيح للفيروزآبادي,https://shamela.ws/book/11760
6,كتب السنة,10831,العوالي لشمس الدين الجزري,https://shamela.ws/book/10831
6,كتب السنة,12752,مناقب الأسد الغالب علي بن أبي طالب لابن الجزري,https://shamela.ws/book/12752
6,كتب السنة,5635,مصباح الزجاجة في زوائد ابن ماجه,https://shamela.ws/book/5635
6,كتب السنة,9353,أحاديث ستة في معان ستة,https://shamela.ws/book/9353
6,كتب السنة,30248,الأحاديث الأربعون المتباينة الأسانيد والمتون,https://shamela.ws/book/30248
6,كتب السنة,9652,الإملاء الأنفس في ترجمة عسعس,https://shamela.ws/book/9652
6,كتب السنة,9393,تنوير الفكرة بحديث بهز بن حكيم,https://shamela.ws/book/9393
6,كتب السنة,27088,ختم كتاب الشفا لابن ناصر الدين,https://shamela.ws/book/27088
6,كتب السنة,9539,عرف العنبر في وصف المنبر,https://shamela.ws/book/9539
6,كتب السنة,9605,مجلس في حديث جابر,https://shamela.ws/book/9605
6,كتب السنة,13129,الأربعين من الأحاديث النبوية لابن الرسام,https://shamela.ws/book/13129
6,كتب السنة,10830,الضوء الساري في معرفة خبر تميم الداري للمقريزي,https://shamela.ws/book/10830
6,كتب السنة,29563,أمالي الأذكار في فضل صلاة التسبيح,https://shamela.ws/book/29563
6,كتب السنة,21489,الأحاديث العشرة العشارية الاختيارية لابن حجر,https://shamela.ws/book/21489
6,كتب السنة,5729,الأمالي الحلبية,https://shamela.ws/book/5729
6,كتب السنة,9377,الأمالي السفرية الحلبية,https://shamela.ws/book/9377
6,كتب السنة,5702,الأمالي المطلقة,https://shamela.ws/book/5702
6,كتب السنة,5719,الإمتاع بالأربعين المتباينة السماع,https://shamela.ws/book/5719
6,كتب السنة,30287,المرحمة الغيثية بالترجمة الليثية,https://shamela.ws/book/30287
6,كتب السنة,22804,المطالب العالية بزوائد المسانيد الثمانية,https://shamela.ws/book/22804
6,كتب السنة,37618,المطالب العالية محققا,https://shamela.ws/book/37618
6,كتب السنة,17757,بلوغ المرام من أدلة الأحكام - ت الفحل,https://shamela.ws/book/17757
6,كتب السنة,9111,بلوغ المرام من أدلة الأحكام ت الزهيري,https://shamela.ws/book/9111
6,كتب السنة,6023,سلسلة الذهب,https://shamela.ws/book/6023
6,كتب السنة,26891,عوالي مسلم لابن حجر,https://shamela.ws/book/26891
6,كتب السنة,30256,معجم الشيخة مريم - رسالة جامعية,https://shamela.ws/book/30256
6,كتب السنة,30255,معجم الشيخة مريم - ط الثقافة,https://shamela.ws/book/30255
6,كتب السنة,12865,نظم اللآلي بالمائة العوالي,https://shamela.ws/book/12865
6,كتب السنة,12115,هداية الرواة - مع تخريج المشكاة الثاني للألباني,https://shamela.ws/book/12115
6,كتب السنة,30306,جزء فيه أحاديث عوال وحكايات وأشعار للضياء,https://shamela.ws/book/30306
6,كتب السنة,30774,مسند عقبة بن عامر,https://shamela.ws/book/30774
6,كتب السنة,96283,التجريد الصريح لأحاديث الجامع الصحيح,https://shamela.ws/book/96283
6,كتب السنة,26961,التعليق الرشيق في التختم بالعقيق للناجي,https://shamela.ws/book/26961
6,كتب السنة,27090,رسالة فيمن يدعي أن من ذرية العباس حمزة الخلف للناجي,https://shamela.ws/book/27090
6,كتب السنة,17908,الانتهاض في ختم «الشفا» لعياض,https://shamela.ws/book/17908
6,كتب السنة,3576,البلدانيات للسخاوي,https://shamela.ws/book/3576
6,كتب السنة,8827,الأربعون المختارة من حديث الإمام أبي حنيفة,https://shamela.ws/book/8827
6,كتب السنة,10469,الأربعين المسلسلة المتباينة الأسانيد ليوسف بن عبد الهادي,https://shamela.ws/book/10469
6,كتب السنة,30358,الاختلاف بين رواة البخاري,https://shamela.ws/book/30358
6,كتب السنة,9378,الاستعانة بالفاتحة على نجاح الأمور,https://shamela.ws/book/9378
6,كتب السنة,9387,العشرة من مرويات صالح بن أحمد وزياداتها,https://shamela.ws/book/9387
6,كتب السنة,22341,العقد التمام فيمن زوجه النبي عليه الصلاة والسلام,https://shamela.ws/book/22341
6,كتب السنة,30291,النجاة بحمد الله,https://shamela.ws/book/30291
6,كتب السنة,30312,جمع الجيوش والدساكر على ابن عساكر,https://shamela.ws/book/30312
6,كتب السنة,9420,جواب بعض الخدم لأهل النعم عن تصحيف حديث احتجم,https://shamela.ws/book/9420
6,كتب السنة,29569,الأربعون من رواية مالك عن نافع للسيوطي,https://shamela.ws/book/29569
6,كتب السنة,21659,الجامع الصغير وزيادته,https://shamela.ws/book/21659
6,كتب السنة,1975,الفتح الكبير في ضم الزيادة إلى الجامع الصغير,https://shamela.ws/book/1975
6,كتب السنة,11429,تأخير الظلامة إلى يوم القيامة للسيوطي,https://shamela.ws/book/11429
6,كتب السنة,1438,جامع الأحاديث,https://shamela.ws/book/1438
6,كتب السنة,127677,جمع الجوامع المعروف بـ «الجامع الكبير»,https://shamela.ws/book/127677
6,كتب السنة,11479,جياد المسلسلات للسيوطي,https://shamela.ws/book/11479
6,كتب السنة,30315,عشاريات السيوطي,https://shamela.ws/book/30315
6,كتب السنة,5640,الأحاديث المائة المشتملة على مائة نسبة إلى الصنائع,https://shamela.ws/book/5640
6,كتب السنة,16897,تشييد الاختيار لتحريم الطبل والمزمار,https://shamela.ws/book/16897
6,كتب السنة,26435,تفسير إن إبراهيم كان أمة لابن طولون,https://shamela.ws/book/26435
6,كتب السنة,9826,كتاب الأربعين في فضل الرحمة والراحمين لابن طولون الصالحي,https://shamela.ws/book/9826
6,كتب السنة,2677,كنز العمال في سنن الأقوال والأفعال - ط الرسالة,https://shamela.ws/book/2677
6,كتب السنة,19482,الأحاديث القدسية الأربعينية ت الحويني,https://shamela.ws/book/19482
6,كتب السنة,37652,الأحاديث القدسية الأربعينية ت عبد العزيز مختار,https://shamela.ws/book/37652
6,كتب السنة,17451,القول المعروف في فضل المعروف,https://shamela.ws/book/17451
6,كتب السنة,36446,جمع الفوائد من جامع الأصول ومجمع الزوائد,https://shamela.ws/book/36446
6,كتب السنة,10632,الجواهر الغوالي في ذكر الأسانيد العوالي للبديري,https://shamela.ws/book/10632
6,كتب السنة,10758,الفوائد الجليلة في مسلسلات ابن عقيلة,https://shamela.ws/book/10758
6,كتب السنة,10479,الأمالي لمرتضى الزبيدي,https://shamela.ws/book/10479
6,كتب السنة,12061,مجموعة الحديث على أبواب الفقه - ضمن مؤلفات الشيخ محمد بن عبد الوهاب,https://shamela.ws/book/12061
6,كتب السنة,5726,انتخاب العوالي والشيوخ الأخيار من فهارس,https://shamela.ws/book/5726
6,كتب السنة,6610,فتح الغفار الجامع لأحكام سنة نبينا المختار,https://shamela.ws/book/6610
6,كتب السنة,11781,رسالة المسلسلات,https://shamela.ws/book/11781
6,كتب السنة,751,التاج الجامع للأصول في أحاديث الرسول صلى الله عليه وسلم,https://shamela.ws/book/751
6,كتب السنة,10619,اللؤلؤ والمرجان فيما اتفق عليه الشيخان,https://shamela.ws/book/10619
6,كتب السنة,5654,العجالة في الأحاديث المسلسلة,https://shamela.ws/book/5654
6,كتب السنة,22821,إزالة الشبهة عن حديث التربة,https://shamela.ws/book/22821
6,كتب السنة,641,التعليقات الحسان على صحيح ابن حبان,https://shamela.ws/book/641
6,كتب السنة,18571,السراج المنير في ترتيب أحاديث صحيح الجامع الصغير,https://shamela.ws/book/18571
6,كتب السنة,10757,صحيح الجامع الصغير وزيادته,https://shamela.ws/book/10757
6,كتب السنة,14440,صحيح موارد الظمآن إلى زوائد ابن حبان,https://shamela.ws/book/14440
6,كتب السنة,5914,ضعيف أبي داود - الأم,https://shamela.ws/book/5914
6,كتب السنة,1663,ضعيف الجامع الصغير وزيادته,https://shamela.ws/book/1663
6,كتب السنة,1216,ضعيف سنن الترمذي,https://shamela.ws/book/1216
6,كتب السنة,17352,ضعيف موارد الظمآن إلى زوائد ابن حبان,https://shamela.ws/book/17352
6,كتب السنة,121381,مختصر صحيح الإمام البخاري,https://shamela.ws/book/121381
6,كتب السنة,21815,شرح دعاء قنوت الوتر,https://shamela.ws/book/21815
6,كتب السنة,148097,الجامع الصحيح مما ليس في الصحيحين,https://shamela.ws/book/148097
6,كتب السنة,133366,الصحيح المسند مما ليس في الصحيحين,https://shamela.ws/book/133366
6,كتب السنة,47,الجامع الكامل في الحديث الصحيح الشامل المرتب على أبواب الفقه,https://shamela.ws/book/47
6,كتب السنة,3939,عشرون حديثا من صحيح البخاري دراسة أسانيدها وشرح متونها,https://shamela.ws/book/3939
6,كتب السنة,12748,المسند الجامع,https://shamela.ws/book/12748
6,كتب السنة,16953,المسند المصنف المعلل,https://shamela.ws/book/16953
6,كتب السنة,9886,جمهرة الأجزاء الحديثية,https://shamela.ws/book/9886
6,كتب السنة,88,روضة المحدثين,https://shamela.ws/book/88
6,كتب السنة,561,صحيح الكتب التسعة وزوائده,https://shamela.ws/book/561
6,كتب السنة,29857,مجموع فيه ثلاثة أجزاء حديثية - جرار,https://shamela.ws/book/29857
6,كتب السنة,5736,مجموع فيه عشرة أجزاء حديثية,https://shamela.ws/book/5736
6,كتب السنة,38193,مجموع فيه مصنفات أبي الحسن ابن الحمامي وأجزاء حديثية أخرى,https://shamela.ws/book/38193
6,كتب السنة,30625,مصنفات طراد الزينبي وأجزاء أخرى,https://shamela.ws/book/30625
6,كتب السنة,17898,ما صح من آثار الصحابة في الفقه,https://shamela.ws/book/17898
6,كتب السنة,1817,العمل الصالح,https://shamela.ws/book/1817
6,كتب السنة,36360,الضياء اللامع من صحيح الكتب الستة وصحيح الجامع,https://shamela.ws/book/36360
6,كتب السنة,5924,دقائق التنبيه والتعريف بما في «الأحاديث المختارة» من الأخطاء والتصحيف,https://shamela.ws/book/5924
6,كتب السنة,96,سبيل الرشاد ط 2,https://shamela.ws/book/96
6,كتب السنة,124909,معالم الدين من أحاديث الصادق الأمين,https://shamela.ws/book/124909
6,كتب السنة,183,زوائد تاريخ بغداد على الكتب الستة,https://shamela.ws/book/183
6,كتب السنة,132387,القطوف الدانية فيما انفرد به الدارمي عن الثمانية,https://shamela.ws/book/132387
6,كتب السنة,8713,الأحاديث الأربعين النووية مع ما زاد عليها ابن رجب وعليها الشرح الموجز المفيد,https://shamela.ws/book/8713
6,كتب السنة,10184,حول حديث الذباب,https://shamela.ws/book/10184
6,كتب السنة,36348,الأحاديث القدسية,https://shamela.ws/book/36348
6,كتب السنة,36552,الإيماء إلى زوائد الأمالي والأجزاء,https://shamela.ws/book/36552
6,كتب السنة,13251,الجامع الصحيح للسنن والمسانيد,https://shamela.ws/book/13251
6,كتب السنة,13285,المسند الموضوعي الجامع للكتب العشرة,https://shamela.ws/book/13285
6,كتب السنة,21,تجريد أحاديث عمدة الفقه,https://shamela.ws/book/21
6,كتب السنة,13280,الجامع الصحيح فيما كان على شرط الشيخين أو أحدهما ولم يخرجاه,https://shamela.ws/book/13280
6,كتب السنة,17050,الأحاديث الواردة في قراءة سورة الكهف يوم الجمعة,https://shamela.ws/book/17050
6,كتب السنة,78,الجامع المسند الصحيح,https://shamela.ws/book/78
6,كتب السنة,80,السلاسل المختارة من صحيح الإمام البخاري,https://shamela.ws/book/80
6,كتب السنة,81,رباعيات وثمانيات الإمام البخاري,https://shamela.ws/book/81
6,كتب السنة,103,العتيق مصنف جامع لفتاوى أصحاب النبي صلى الله عليه وسلم,https://shamela.ws/book/103
6,كتب السنة,17835,الموسوعة الحديثية - ديوان الوقف السني,https://shamela.ws/book/17835
7,شروح الحديث,1021,اختلاف الحديث - ت عبد العزيز,https://shamela.ws/book/1021
7,شروح الحديث,9348,اختلاف الحديث - ط الفكر بآخر كتاب الأم,https://shamela.ws/book/9348
7,شروح الحديث,20866,الجامع لعلوم الإمام أحمد - شرح الأحاديث والآثار,https://shamela.ws/book/20866
7,شروح الحديث,151010,المسائل والأجوبة لابن قتيبة,https://shamela.ws/book/151010
7,شروح الحديث,7292,تأويل مختلف الحديث,https://shamela.ws/book/7292
7,شروح الحديث,16946,أعلام الحديث (شرح صحيح البخاري),https://shamela.ws/book/16946
7,شروح الحديث,1442,معالم السنن (شرح سنن أبي داود),https://shamela.ws/book/1442
7,شروح الحديث,5899,مشكل الحديث وبيانه,https://shamela.ws/book/5899
7,شروح الحديث,16787,تفسير الموطأ للقنازعي,https://shamela.ws/book/16787
7,شروح الحديث,10486,شرح صحيح البخاري - ابن بطال,https://shamela.ws/book/10486
7,شروح الحديث,127657,الأجوبة عن المسائل المستغربة من كتاب البخاري,https://shamela.ws/book/127657
7,شروح الحديث,1722,الاستذكار,https://shamela.ws/book/1722
7,شروح الحديث,14462,التقصي لما في الموطأ من حديث النبي صلى الله عليه وسلم = تجريد التمهيد لما في الموطأ من المعاني والأسانيد,https://shamela.ws/book/14462
7,شروح الحديث,236,التمهيد - ابن عبد البر - ت بشار,https://shamela.ws/book/236
7,شروح الحديث,1719,التمهيد - ابن عبد البر - ط المغربية,https://shamela.ws/book/1719
7,شروح الحديث,6684,المنتقى شرح الموطإ,https://shamela.ws/book/6684
7,شروح الحديث,18194,التعليق على الموطأ في تفسير لغاته وغوامض إعرابه ومعانيه,https://shamela.ws/book/18194
7,شروح الحديث,6037,مشكلات موطأ مالك بن أنس,https://shamela.ws/book/6037
7,شروح الحديث,1260,التحرير في شرح صحيح مسلم - الأصبهاني,https://shamela.ws/book/1260
7,شروح الحديث,1261,شرح صحيح البخاري - الأصبهاني,https://shamela.ws/book/1261
7,شروح الحديث,13253,المعلم بفوائد مسلم,https://shamela.ws/book/13253
7,شروح الحديث,122401,القبس في شرح موطأ مالك بن أنس,https://shamela.ws/book/122401
7,شروح الحديث,123665,المسالك في شرح موطأ مالك,https://shamela.ws/book/123665
7,شروح الحديث,122406,إكمال المعلم بفوائد مسلم,https://shamela.ws/book/122406
7,شروح الحديث,106,بغية الرائد لما تضمنه حديث أم زرع من الفوائد ت الدسوقي,https://shamela.ws/book/106
7,شروح الحديث,13572,الإفصاح عن معاني الصحاح,https://shamela.ws/book/13572
7,شروح الحديث,122402,مطالع الأنوار على صحاح الآثار,https://shamela.ws/book/122402
7,شروح الحديث,17857,مقدمة إملاء الاستذكار للحافظ أبي عمر ابن عبد البر القرطبي,https://shamela.ws/book/17857
7,شروح الحديث,22002,إخبار أهل الرسوخ في الفقه والتحديث بمقدار المنسوخ من الحديث,https://shamela.ws/book/22002
7,شروح الحديث,5906,كشف المشكل من حديث الصحيحين,https://shamela.ws/book/5906
7,شروح الحديث,13241,الشافي في شرح مسند الشافعي,https://shamela.ws/book/13241
7,شروح الحديث,14102,درة الضرع لحديث أم زرع,https://shamela.ws/book/14102
7,شروح الحديث,123510,شرح مسند الشافعي,https://shamela.ws/book/123510
7,شروح الحديث,16494,الاقتضاب في غريب الموطأ وإعرابه على الأبواب,https://shamela.ws/book/16494
7,شروح الحديث,132524,المفهم لما أشكل من تلخيص كتاب مسلم,https://shamela.ws/book/132524
7,شروح الحديث,18569,الميسر في شرح مصابيح السنة للتوربشتي,https://shamela.ws/book/18569
7,شروح الحديث,7808,شرح الحديث المقتفى في مبعث النبي المصطفى,https://shamela.ws/book/7808
7,شروح الحديث,98123,شواهد التوضيح والتصحيح لمشكلات الجامع الصحيح,https://shamela.ws/book/98123
7,شروح الحديث,5064,الإيجاز في شرح سنن أبي داود - النووي,https://shamela.ws/book/5064
7,شروح الحديث,1711,شرح النووي على مسلم,https://shamela.ws/book/1711
7,شروح الحديث,5772,المتواري على أبواب البخاري,https://shamela.ws/book/5772
7,شروح الحديث,13614,تحفة الأبرار شرح مصابيح السنة,https://shamela.ws/book/13614
7,شروح الحديث,1665,إحكام الأحكام شرح عمدة الأحكام,https://shamela.ws/book/1665
7,شروح الحديث,11244,شرح الأربعين النووية لابن دقيق العيد,https://shamela.ws/book/11244
7,شروح الحديث,18100,شرح الإلمام بأحاديث الأحكام,https://shamela.ws/book/18100
7,شروح الحديث,18568,التعيين في شرح الأربعين,https://shamela.ws/book/18568
7,شروح الحديث,14224,العدة في شرح العمدة في أحاديث الأحكام لابن العطار,https://shamela.ws/book/14224
7,شروح الحديث,16976,المفاتيح في شرح المصابيح,https://shamela.ws/book/16976
7,شروح الحديث,14032,رسوخ الأحبار في منسوخ الأخبار,https://shamela.ws/book/14032
7,شروح الحديث,16599,النفح الشذي شرح جامع الترمذي ط الصميعي,https://shamela.ws/book/16599
7,شروح الحديث,7488,النفح الشذي في شرح جامع الترمذي,https://shamela.ws/book/7488
7,شروح الحديث,17350,رياض الأفهام في شرح عمدة الأحكام,https://shamela.ws/book/17350
7,شروح الحديث,653,حديث إنما الأعمال بالنيات - من البدر المنير الساري في الكلام على صحيح البخاري,https://shamela.ws/book/653
7,شروح الحديث,122257,شرح المشكاة للطيبي الكاشف عن حقائق السنن,https://shamela.ws/book/122257
7,شروح الحديث,201,تهذيب سنن أبي داود - ط عطاءات العلم,https://shamela.ws/book/201
7,شروح الحديث,8466,إبراز الحكم من حديث رفع القلم,https://shamela.ws/book/8466
7,شروح الحديث,10322,التنبيهات المجملة على المواضع المشكلة,https://shamela.ws/book/10322
7,شروح الحديث,1158,شرح سنن ابن ماجه لمغلطاي - ت أبو العينين,https://shamela.ws/book/1158
7,شروح الحديث,8544,شرح سنن ابن ماجه لمغلطاي - ت عويضة,https://shamela.ws/book/8544
7,شروح الحديث,13605,الكواكب الدراري في شرح صحيح البخاري,https://shamela.ws/book/13605
7,شروح الحديث,22720,اختيار الأولى في شرح حديث اختصام الملأ الأعلى - ت الدوسري,https://shamela.ws/book/22720
7,شروح الحديث,151146,اختيار الأولى في شرح حديث اختصام الملأ الأعلى - ضمن مجموع رسائل ابن رجب,https://shamela.ws/book/151146
7,شروح الحديث,26141,الحكم الجديرة بالإذاعة - ت الأرنؤوط,https://shamela.ws/book/26141
7,شروح الحديث,151115,الحكم الجديرة بالإذاعة - ضمن مجموع رسائل ابن رجب,https://shamela.ws/book/151115
7,شروح الحديث,10443,جامع العلوم والحكم - ت أبي النور,https://shamela.ws/book/10443
7,شروح الحديث,4268,جامع العلوم والحكم - ت الأرنؤوط,https://shamela.ws/book/4268
7,شروح الحديث,949,جامع العلوم والحكم - ت الفحل,https://shamela.ws/book/949
7,شروح الحديث,151124,جزء فيه الكلام على حديث يتبع الميت ثلاث,https://shamela.ws/book/151124
7,شروح الحديث,151120,جزء من الكلام على حديث شداد بن أوس «إذا كنز الناس الذهب والفضة»,https://shamela.ws/book/151120
7,شروح الحديث,151137,شرح حديث «إن أغبط أوليائي»,https://shamela.ws/book/151137
7,شروح الحديث,151111,شرح حديث «لبيك اللهم لبيك»,https://shamela.ws/book/151111
7,شروح الحديث,151110,شرح حديث «ما ذئبان جائعان»,https://shamela.ws/book/151110
7,شروح الحديث,151113,شرح حديث «مثل الإسلام»,https://shamela.ws/book/151113
7,شروح الحديث,151112,شرح حديث عمار بن ياسر - رضي الله عنه -,https://shamela.ws/book/151112
7,شروح الحديث,5767,شرح حديث لبيك اللهم لبيك,https://shamela.ws/book/5767
7,شروح الحديث,151114,غاية النفع في شرح حديث «تمثيل المؤمن بخامة الزرع»,https://shamela.ws/book/151114
7,شروح الحديث,137,فتح الباري لابن رجب,https://shamela.ws/book/137
7,شروح الحديث,151142,نور الاقتباس في مشكاة وصية النبي - صلى الله عليه وسلم - لابن عباس,https://shamela.ws/book/151142
7,شروح الحديث,151109,ورثة الأنبياء شرح حديث أبي الدرداء,https://shamela.ws/book/151109
7,شروح الحديث,13769,الإعلام بفوائد عمدة الأحكام,https://shamela.ws/book/13769
7,شروح الحديث,13252,التوضيح لشرح الجامع الصحيح,https://shamela.ws/book/13252
7,شروح الحديث,17745,المعين على تفهم الأربعين ت دغش,https://shamela.ws/book/17745
7,شروح الحديث,11036,طرح التثريب في شرح التقريب,https://shamela.ws/book/11036
7,شروح الحديث,16684,مصابيح الجامع,https://shamela.ws/book/16684
7,شروح الحديث,18103,اللامع الصبيح بشرح الجامع الصحيح,https://shamela.ws/book/18103
7,شروح الحديث,5414,الحواشى على سنن ابن ماجه,https://shamela.ws/book/5414
7,شروح الحديث,131521,شرح سنن أبي داود لابن رسلان,https://shamela.ws/book/131521
7,شروح الحديث,132963,النكت على صحيح البخاري,https://shamela.ws/book/132963
7,شروح الحديث,13771,انتقاض الاعتراض في الرد على العيني في شرح البخاري,https://shamela.ws/book/13771
7,شروح الحديث,1673,فتح الباري بشرح البخاري - ط السلفية,https://shamela.ws/book/1673
7,شروح الحديث,96277,مسائل أجاب عنها الحافظ ابن حجر العسقلاني,https://shamela.ws/book/96277
7,شروح الحديث,1224,هدي الساري مقدمة فتح الباري - ط السلفية,https://shamela.ws/book/1224
7,شروح الحديث,17791,شرح المصابيح لابن الملك,https://shamela.ws/book/17791
7,شروح الحديث,8540,شرح سنن أبي داود للعيني,https://shamela.ws/book/8540
7,شروح الحديث,5756,عمدة القاري شرح صحيح البخاري,https://shamela.ws/book/5756
7,شروح الحديث,13667,نخب الأفكار في تنقيح مباني الأخبار في شرح معاني الآثار,https://shamela.ws/book/13667
7,شروح الحديث,660,فتح القريب المجيب على الترغيب والترهيب,https://shamela.ws/book/660
7,شروح الحديث,16584,الكوثر الجاري إلى رياض أحاديث البخاري,https://shamela.ws/book/16584
7,شروح الحديث,523,مزيد فتح الباري بشرح البخاري - مخطوط,https://shamela.ws/book/523
7,شروح الحديث,132964,التجريد على التنقيح,https://shamela.ws/book/132964
7,شروح الحديث,18176,التوشيح شرح الجامع الصحيح,https://shamela.ws/book/18176
7,شروح الحديث,976,اللمع في أسباب ورود الحديث,https://shamela.ws/book/976
7,شروح الحديث,5757,تنوير الحوالك شرح موطأ مالك,https://shamela.ws/book/5757
7,شروح الحديث,360,حاشية السيوطي على سنن النسائي,https://shamela.ws/book/360
7,شروح الحديث,1712,شرح السيوطي على مسلم,https://shamela.ws/book/1712
7,شروح الحديث,791,شرح سنن ابن ماجه للسيوطي وغيره,https://shamela.ws/book/791
7,شروح الحديث,14299,عقود الزبرجد على مسند الإمام أحمد - ت القضاة,https://shamela.ws/book/14299
7,شروح الحديث,23077,عقود الزبرجد على مسند الإمام أحمد - مجلة الجامعة الإسلامية,https://shamela.ws/book/23077
7,شروح الحديث,7562,قوت المغتذي على جامع الترمذي,https://shamela.ws/book/7562
7,شروح الحديث,150639,مرقاة الصعود إلى سنن أبي داود,https://shamela.ws/book/150639
7,شروح الحديث,21716,إرشاد الساري لشرح صحيح البخاري - ط العلمية,https://shamela.ws/book/21716
7,شروح الحديث,21715,إرشاد الساري لشرح صحيح البخاري - ط بولاق,https://shamela.ws/book/21715
7,شروح الحديث,21701,إرشاد الساري لشرح صحيح البخاري - ط عطاءات العلم,https://shamela.ws/book/21701
7,شروح الحديث,20590,فتح العلام بشرح الإعلام بأحاديث الأحكام,https://shamela.ws/book/20590
7,شروح الحديث,18106,منحة الباري بشرح صحيح البخاري,https://shamela.ws/book/18106
7,شروح الحديث,9823,شرح البخاري للسفيري = المجالس الوعظية في شرح أحاديث خير البرية,https://shamela.ws/book/9823
7,شروح الحديث,8889,الفتح المبين بشرح الأربعين,https://shamela.ws/book/8889
7,شروح الحديث,9060,شرح مسند أبي حنيفة,https://shamela.ws/book/9060
7,شروح الحديث,8176,مرقاة المفاتيح شرح مشكاة المصابيح,https://shamela.ws/book/8176
7,شروح الحديث,7266,الإتحافات السنية بالأحاديث القدسية ومعه النفحات السلفية بشرح الأحاديث القدسية,https://shamela.ws/book/7266
7,شروح الحديث,5769,التيسير بشرح الجامع الصغير,https://shamela.ws/book/5769
7,شروح الحديث,133377,شرح الأربعين النووية للمناوي حـ 29 - 35,https://shamela.ws/book/133377
7,شروح الحديث,21660,فيض القدير,https://shamela.ws/book/21660
7,شروح الحديث,145212,لمعات التنقيح في شرح مشكاة المصابيح,https://shamela.ws/book/145212
7,شروح الحديث,140,دليل الفالحين لطرق رياض الصالحين,https://shamela.ws/book/140
7,شروح الحديث,18272,السراج المنير شرح الجامع الصغير في حديث البشير النذير,https://shamela.ws/book/18272
7,شروح الحديث,17747,البدر التمام شرح بلوغ المرام ت الزبن,https://shamela.ws/book/17747
7,شروح الحديث,6000,البيان والتعريف في أسباب ورود الحديث الشريف,https://shamela.ws/book/6000
7,شروح الحديث,551,شرح الزرقاني على الموطأ,https://shamela.ws/book/551
7,شروح الحديث,9810,حاشية السندي على سنن ابن ماجه,https://shamela.ws/book/9810
7,شروح الحديث,1337,حاشية السندي على سنن الترمذي,https://shamela.ws/book/1337
7,شروح الحديث,522,حاشية السندي على سنن النسائي,https://shamela.ws/book/522
7,شروح الحديث,20591,فتح الودود في شرح سنن أبي داود,https://shamela.ws/book/20591
7,شروح الحديث,540,نجاح القاري شرح صحيح البخاري - كتاب الجنائز,https://shamela.ws/book/540
7,شروح الحديث,127713,المهيأ في كشف أسرار الموطأ,https://shamela.ws/book/127713
7,شروح الحديث,14309,التحبير لإيضاح معاني التيسير,https://shamela.ws/book/14309
7,شروح الحديث,122096,التنوير شرح الجامع الصغير,https://shamela.ws/book/122096
7,شروح الحديث,17848,رسالة لطيفة في شرح حديث أنت ومالك لأبيك,https://shamela.ws/book/17848
7,شروح الحديث,1082,سبل السلام شرح بلوغ المرام - ت حلاق,https://shamela.ws/book/1082
7,شروح الحديث,21590,سبل السلام شرح بلوغ المرام - ط الحديث,https://shamela.ws/book/21590
7,شروح الحديث,17437,كشف اللثام شرح عمدة الأحكام,https://shamela.ws/book/17437
7,شروح الحديث,17736,الفصيحة العجما في الكلام على حديث «أحبب حبيبك هونا ما»,https://shamela.ws/book/17736
7,شروح الحديث,6886,قطر الولي على حديث الولي = ولاية الله والطريق إليها,https://shamela.ws/book/6886
7,شروح الحديث,1218,نيل الأوطار شرح منتقى الأخبار - ت حلاق,https://shamela.ws/book/1218
7,شروح الحديث,9242,نيل الأوطار شرح منتقى الأخبار - ط الحديث,https://shamela.ws/book/9242
7,شروح الحديث,17741,تعليق لطيف على آخر حديث في رياض الصالحين,https://shamela.ws/book/17741
7,شروح الحديث,907,صحيح البخاري - بحاشية السهارنفوري - ت الندوي,https://shamela.ws/book/907
7,شروح الحديث,9804,التعليق الممجد على موطأ محمد,https://shamela.ws/book/9804
7,شروح الحديث,115,أصل الزراري شرح صحيح البخاري - مخطوط,https://shamela.ws/book/115
7,شروح الحديث,150962,الكوكب الدري على جامع الترمذي,https://shamela.ws/book/150962
7,شروح الحديث,5760,عون المعبود وحاشية ابن القيم,https://shamela.ws/book/5760
7,شروح الحديث,14601,بذل المجهود في حل سنن أبي داود,https://shamela.ws/book/14601
7,شروح الحديث,9763,الأدب النبوي,https://shamela.ws/book/9763
7,شروح الحديث,20764,المنهل العذب المورود شرح سنن أبي داود,https://shamela.ws/book/20764
7,شروح الحديث,119,العرف الشذي شرح سنن الترمذي,https://shamela.ws/book/119
7,شروح الحديث,98124,فيض الباري على صحيح البخاري,https://shamela.ws/book/98124
7,شروح الحديث,21662,تحفة الأحوذي,https://shamela.ws/book/21662
7,شروح الحديث,13699,كوثر المعاني الدراري في كشف خبايا صحيح البخاري,https://shamela.ws/book/13699
7,شروح الحديث,36191,السمو الروحي الأعظم والجمال الفني في البلاغة النبوية,https://shamela.ws/book/36191
7,شروح الحديث,34886,مجالس التذكير من حديث البشير النذير,https://shamela.ws/book/34886
7,شروح الحديث,9945,بهجة قلوب الأبرار وقرة عيون الأخيار ط الرشد,https://shamela.ws/book/9945
7,شروح الحديث,31304,بهجة قلوب الأبرار وقرة عيون الأخيار ط الوزارة,https://shamela.ws/book/31304
7,شروح الحديث,9253,بستان الأحبار مختصر نيل الأوطار,https://shamela.ws/book/9253
7,شروح الحديث,21543,تطريز رياض الصالحين,https://shamela.ws/book/21543
7,شروح الحديث,8197,خلاصة الكلام شرح عمدة الأحكام,https://shamela.ws/book/8197
7,شروح الحديث,124910,الفتح الرباني لترتيب مسند الإمام أحمد بن حنبل الشيباني,https://shamela.ws/book/124910
7,شروح الحديث,528,الفوائد الحديثية - ضمن «آثار المعلمي»,https://shamela.ws/book/528
7,شروح الحديث,428,بحث في حديث قيس بن عمرو في قضاء سنة الفجر بعد الفريضة - ضمن «آثار المعلمي»,https://shamela.ws/book/428
7,شروح الحديث,436,بحث في حديث معاذ بن جبل رضي الله عنه في صلاته بقومه - ضمن «آثار المعلمي»,https://shamela.ws/book/436
7,شروح الحديث,517,تخريج أحاديث شواهد التوضيح وملاحظات على طبعة فؤاد عبد الباقي - ضمن «آثار المعلمي»,https://shamela.ws/book/517
7,شروح الحديث,518,تصحيحات وتعليقات على سبل السلام للأمير الصنعاني - ضمن «آثار المعلمي»,https://shamela.ws/book/518
7,شروح الحديث,409,شرح حديث «آية المنافق ثلاث. . .» - ضمن «آثار المعلمي»,https://shamela.ws/book/409
7,شروح الحديث,133359,النظر الفسيح عند مضائق الأنظار في الجامع الصحيح,https://shamela.ws/book/133359
7,شروح الحديث,150963,كشف المغطى من المعاني والألفاظ الواقعة في الموطا,https://shamela.ws/book/150963
7,شروح الحديث,853,الأبواب والتراجم لصحيح البخاري,https://shamela.ws/book/853
7,شروح الحديث,18222,شرح سنن النسائي المسمى شروق أنوار المنن الكبرى الإلهية بكشف أسرار السنن الصغرى النسائية,https://shamela.ws/book/18222
7,شروح الحديث,10470,التعليق على فتح الباري,https://shamela.ws/book/10470
7,شروح الحديث,8862,مرعاة المفاتيح شرح مشكاة المصابيح,https://shamela.ws/book/8862
7,شروح الحديث,151007,الإلمام بشرح عمدة الأحكام,https://shamela.ws/book/151007
7,شروح الحديث,4469,التحفة الربانية في شرح الأربعين حديثا النووية,https://shamela.ws/book/4469
7,شروح الحديث,13282,الإفهام في شرح عمدة الأحكام,https://shamela.ws/book/13282
7,شروح الحديث,20872,الحلل الإبريزية من التعليقات البازية على صحيح البخاري,https://shamela.ws/book/20872
7,شروح الحديث,855,شرح كتاب التوحيد من صحيح البخاري - ابن باز,https://shamela.ws/book/855
7,شروح الحديث,7719,شرح الأربعين النووية لعطية سالم,https://shamela.ws/book/7719
7,شروح الحديث,7714,شرح بلوغ المرام لعطية سالم,https://shamela.ws/book/7714
7,شروح الحديث,21812,شرح الأربعين النووية للعثيمين,https://shamela.ws/book/21812
7,شروح الحديث,21814,شرح حديث جابر في صفة حجة النبي لابن عثيمين,https://shamela.ws/book/21814
7,شروح الحديث,9260,شرح رياض الصالحين لابن عثيمين,https://shamela.ws/book/9260
7,شروح الحديث,29558,فتح ذي الجلال والإكرام بشرح بلوغ المرام ط المكتبة الإسلامية,https://shamela.ws/book/29558
7,شروح الحديث,13604,توضيح الأحكام من بلوغ المرام,https://shamela.ws/book/13604
7,شروح الحديث,9878,تيسير العلام شرح عمدة الأحكام,https://shamela.ws/book/9878
7,شروح الحديث,149015,منة المنعم في شرح صحيح مسلم,https://shamela.ws/book/149015
7,شروح الحديث,7723,شرح عمدة الأحكام لابن جبرين,https://shamela.ws/book/7723
7,شروح الحديث,14106,المنهل الحديث في شرح الحديث,https://shamela.ws/book/14106
7,شروح الحديث,13960,فتح المنعم شرح صحيح مسلم,https://shamela.ws/book/13960
7,شروح الحديث,9794,منار القاري شرح مختصر صحيح البخاري,https://shamela.ws/book/9794
7,شروح الحديث,11277,عظات وعبر من أحاديث سيد البشر صلى الله عليه وسلم,https://shamela.ws/book/11277
7,شروح الحديث,115119,إتحاف القاري بسد بياضات فتح الباري,https://shamela.ws/book/115119
7,شروح الحديث,18268,الكوكب الوهاج شرح صحيح مسلم بن الحجاج,https://shamela.ws/book/18268
7,شروح الحديث,148095,شرح سنن ابن ماجه للهرري = مرشد ذوي الحجا والحاجة إلى سنن ابن ماجه,https://shamela.ws/book/148095
7,شروح الحديث,148870,البحر المحيط الثجاج في شرح صحيح الإمام مسلم بن الحجاج,https://shamela.ws/book/148870
7,شروح الحديث,12888,ذخيرة العقبى في شرح المجتبى,https://shamela.ws/book/12888
7,شروح الحديث,148896,قرة عين المحتاج في شرح مقدمة صحيح مسلم بن الحجاج,https://shamela.ws/book/148896
7,شروح الحديث,17132,مشارق الأنوار الوهاجة ومطالع الأسرار البهاجة في شرح سنن الإمام ابن ماجه,https://shamela.ws/book/17132
7,شروح الحديث,2082,شرح صحيح البخاري للحويني,https://shamela.ws/book/2082
7,شروح الحديث,11,توفيق الرب المنعم بشرح صحيح الإمام مسلم,https://shamela.ws/book/11
7,شروح الحديث,36976,شرح جامع الترمذي - الراجحي,https://shamela.ws/book/36976
7,شروح الحديث,37015,شرح سنن أبي داود - الراجحي,https://shamela.ws/book/37015
7,شروح الحديث,36998,شرح سنن ابن ماجة - الراجحي,https://shamela.ws/book/36998
7,شروح الحديث,37016,شرح سنن النسائي - الراجحي,https://shamela.ws/book/37016
7,شروح الحديث,37009,شرح صحيح ابن حبان - الراجحي,https://shamela.ws/book/37009
7,شروح الحديث,37017,شرح صحيح ابن خزيمة - الراجحي,https://shamela.ws/book/37017
7,شروح الحديث,1492,الجامع لفوائد بلوغ المرام,https://shamela.ws/book/1492
7,شروح الحديث,36944,شرح الأربعين النووية - العباد,https://shamela.ws/book/36944
7,شروح الحديث,37529,شرح المحرر في الحديث - عبد المحسن العباد,https://shamela.ws/book/37529
7,شروح الحديث,11259,شرح حديث جبريل في تعليم الدين,https://shamela.ws/book/11259
7,شروح الحديث,37052,شرح سنن أبي داود للعباد,https://shamela.ws/book/37052
7,شروح الحديث,11325,فتح القوي المتين في شرح الأربعين وتتمة الخمسين للنووي وابن رجب رحمهما الله,https://shamela.ws/book/11325
7,شروح الحديث,147,من شرح بلوغ المرام للطريفي,https://shamela.ws/book/147
7,شروح الحديث,1115,شرح بلوغ المرام - اللهيميد,https://shamela.ws/book/1115
7,شروح الحديث,690,منحة العلام في شرح بلوغ المرام,https://shamela.ws/book/690
7,شروح الحديث,9610,شرح كتاب التوحيد من صحيح البخاري - الغنيمان,https://shamela.ws/book/9610
7,شروح الحديث,10814,إشكال وجوابه في حديث أم حرام بنت ملحان,https://shamela.ws/book/10814
7,شروح الحديث,23423,شرح الأربعين النووية - عبد الكريم الخضير,https://shamela.ws/book/23423
7,شروح الحديث,21700,شرح التجريد الصريح لأحاديث الجامع الصحيح - عبد الكريم الخضير,https://shamela.ws/book/21700
7,شروح الحديث,6366,شرح المحرر في الحديث - عبد الكريم الخضير,https://shamela.ws/book/6366
7,شروح الحديث,12399,شرح الموطأ - عبد الكريم الخضير,https://shamela.ws/book/12399
7,شروح الحديث,22644,شرح بلوغ المرام - عبد الكريم الخضير,https://shamela.ws/book/22644
7,شروح الحديث,21803,شرح جوامع الأخبار - عبد الكريم الخضير,https://shamela.ws/book/21803
7,شروح الحديث,23774,شرح حديث جابر في صفة حج النبي للخضير,https://shamela.ws/book/23774
7,شروح الحديث,23777,شرح سنن الترمذي - عبد الكريم الخضير,https://shamela.ws/book/23777
7,شروح الحديث,21724,شرح صحيح البخاري - عبد الكريم الخضير,https://shamela.ws/book/21724
7,شروح الحديث,22645,شرح عمدة الأحكام - عبد الكريم الخضير,https://shamela.ws/book/22645
7,شروح الحديث,23422,شرح كتاب الحج من صحيح مسلم - عبد الكريم الخضير,https://shamela.ws/book/23422
7,شروح الحديث,23839,شرح كتاب الصيام من تقريب الأسانيد,https://shamela.ws/book/23839
7,شروح الحديث,21741,شرح كتاب الفتن من صحيح البخاري - عبد الكريم الخضير,https://shamela.ws/book/21741
7,شروح الحديث,27247,شرح مقدمة سنن ابن ماجه,https://shamela.ws/book/27247
7,شروح الحديث,1047,النكت على شرح النووي على صحيح مسلم,https://shamela.ws/book/1047
7,شروح الحديث,30093,سيل الأقلام بفوائد من كتاب العلم من صحيح الإمام,https://shamela.ws/book/30093
7,شروح الحديث,23684,مواقف حلف فيها النبي صلى الله عليه وآله وسلم,https://shamela.ws/book/23684
7,شروح الحديث,23143,التصوير النبوي للقيم الخلقية والتشريعية في الحديث الشريف,https://shamela.ws/book/23143
7,شروح الحديث,7604,الحبة السوداء في الحديث النبوي والطب الحديث,https://shamela.ws/book/7604
7,شروح الحديث,11303,قواعد تناول الإعجاز العلمي والطبي في السنة وضوابطه,https://shamela.ws/book/11303
7,شروح الحديث,143640,فقه الإسلام = شرح بلوغ المرام,https://shamela.ws/book/143640
7,شروح الحديث,912,شرح مسند الدارمي,https://shamela.ws/book/912
7,شروح الحديث,1233,اللآليء المكية من كلام خير البرية,https://shamela.ws/book/1233
7,شروح الحديث,36971,شرح الترغيب والترهيب للمنذرى - حطيبة,https://shamela.ws/book/36971
7,شروح الحديث,36997,شرح رياض الصالحين - حطيبة,https://shamela.ws/book/36997
7,شروح الحديث,37026,شرح صحيح مسلم - حسن أبو الأشبال,https://shamela.ws/book/37026
7,شروح الحديث,37624,فوائد من خطبة الوداع,https://shamela.ws/book/37624
7,شروح الحديث,37732,شرح كتاب الرقاق من صحيح البخاري - المغامسي,https://shamela.ws/book/37732
7,شروح الحديث,37771,شرح صحيح البخاري - أسامة سليمان,https://shamela.ws/book/37771
7,شروح الحديث,36582,تحبير الوريقات بشرح الثلاثيات,https://shamela.ws/book/36582
7,شروح الحديث,36055,حديث رزية يوم الخميس في الصحيحين,https://shamela.ws/book/36055
7,شروح الحديث,10120,الحديث الموضوعي - جامعة المدينة,https://shamela.ws/book/10120
7,شروح الحديث,1295,منهج الكرماني فى كتابه الكواكب الدراري في شرح صحيح البخاري,https://shamela.ws/book/1295
7,شروح الحديث,145431,منهج العلامة القسطلاني في كتابه «إرشاد الساري لشرح صحيح البخاري»,https://shamela.ws/book/145431
7,شروح الحديث,23,سبيل المهتدين إلى شرح الأربعين النووية,https://shamela.ws/book/23
7,شروح الحديث,17131,التنكيت على الموطأ,https://shamela.ws/book/17131
7,شروح الحديث,17058,شرح كتاب الحج من بلوغ المرام,https://shamela.ws/book/17058
7,شروح الحديث,14539,شرح كتاب الصوم من صحيح البخاري,https://shamela.ws/book/14539
7,شروح الحديث,17369,فتح السلام شرح عمدة الأحكام من فتح الباري,https://shamela.ws/book/17369
7,شروح الحديث,133370,إفراد أحاديث اسماء الله وصفاته,https://shamela.ws/book/133370
7,شروح الحديث,165,فتح العلام في دراسة أحاديث بلوغ المرام ط 4,https://shamela.ws/book/165
7,شروح الحديث,30178,تحفة السائل في بيان ما في عمدة الأحكام من المسائل,https://shamela.ws/book/30178
8,التخريج والأطراف,1518,أحاديث الموطأ وذكر اتفاق الرواة عن مالك واختلافهم,https://shamela.ws/book/1518
8,التخريج والأطراف,127660,الإيماء إلى أطراف أحاديث كتاب الموطأ,https://shamela.ws/book/127660
8,التخريج والأطراف,5923,بيان الوهم والإيهام في كتاب الأحكام,https://shamela.ws/book/5923
8,التخريج والأطراف,22812,أحاديث القصاص - ت الصباغ,https://shamela.ws/book/22812
8,التخريج والأطراف,11385,تحفة الأشراف بمعرفة الأطراف,https://shamela.ws/book/11385
8,التخريج والأطراف,10657,تنقيح التحقيق - ابن عبد الهادي - ط أضواء السلف,https://shamela.ws/book/10657
8,التخريج والأطراف,9075,الرد على ابن القطان في كتابه بيان الوهم والإيهام,https://shamela.ws/book/9075
8,التخريج والأطراف,22848,تنقيح التحقيق - الذهبي,https://shamela.ws/book/22848
8,التخريج والأطراف,2582,رسالة طرق حديث من كنت مولاه فعلي مولاه,https://shamela.ws/book/2582
8,التخريج والأطراف,1184,الجوهر النقي,https://shamela.ws/book/1184
8,التخريج والأطراف,8602,النقد الصحيح لما اعترض من أحاديث المصابيح,https://shamela.ws/book/8602
8,التخريج والأطراف,8636,تخريج أحاديث الكشاف,https://shamela.ws/book/8636
8,التخريج والأطراف,11428,نصب الراية,https://shamela.ws/book/11428
8,التخريج والأطراف,30141,منار الإسلام بترتيب كتاب الوهم والإيهام,https://shamela.ws/book/30141
8,التخريج والأطراف,260,إرشاد الفقيه إلى معرفة أدلة التنبيه,https://shamela.ws/book/260
8,التخريج والأطراف,9978,تحفة الطالب بمعرفة أحاديث مختصر ابن الحاجب,https://shamela.ws/book/9978
8,التخريج والأطراف,6061,التذكرة في الأحاديث المشتهرة = اللآلئ المنثورة في الأحاديث المشهورة,https://shamela.ws/book/6061
8,التخريج والأطراف,5922,البدر المنير في تخريج الأحاديث والأثار الواقعة في الشرح الكبير,https://shamela.ws/book/5922
8,التخريج والأطراف,5911,تحفة المحتاج إلى أدلة المنهاج,https://shamela.ws/book/5911
8,التخريج والأطراف,9569,تذكرة المحتاج إلى أحاديث المنهاج,https://shamela.ws/book/9569
8,التخريج والأطراف,21104,خلاصة البدر المنير,https://shamela.ws/book/21104
8,التخريج والأطراف,96551,مختصر تلخيص الذهبي لمستدرك الحاكم,https://shamela.ws/book/96551
8,التخريج والأطراف,21550,تخريج أحاديث الإحياء = المغني عن حمل الأسفار,https://shamela.ws/book/21550
8,التخريج والأطراف,21765,إتحاف الخيرة المهرة بزوائد المسانيد العشرة,https://shamela.ws/book/21765
8,التخريج والأطراف,26324,إتحاف المهرة بالفوائد المبتكرة من أطراف العشرة,https://shamela.ws/book/26324
8,التخريج والأطراف,12220,إطراف المسند المعتلي بأطراف المسند الحنبلي,https://shamela.ws/book/12220
8,التخريج والأطراف,123608,التلخيص الحبير - ط أضواء السلف,https://shamela.ws/book/123608
8,التخريج والأطراف,1581,التلخيص الحبير - ط العلمية,https://shamela.ws/book/1581
8,التخريج والأطراف,21601,التلخيص الحبير - ط قرطبة,https://shamela.ws/book/21601
8,التخريج والأطراف,5908,الدراية في تخريج أحاديث الهداية,https://shamela.ws/book/5908
8,التخريج والأطراف,6035,القول المسدد في الذب عن مسند أحمد,https://shamela.ws/book/6035
8,التخريج والأطراف,11057,الكلام على حديث امرأتي لا ترد يد لامس لابن حجر,https://shamela.ws/book/11057
8,التخريج والأطراف,11118,المنتخب من أمالي ابن حجر من تخريج مختصر ابن الحاجب,https://shamela.ws/book/11118
8,التخريج والأطراف,30718,تخريج حديث الأسماء الحسنى,https://shamela.ws/book/30718
8,التخريج والأطراف,347,تغليق التعليق,https://shamela.ws/book/347
8,التخريج والأطراف,30733,جزء في طرق حديث لا تسبوا أصحابي,https://shamela.ws/book/30733
8,التخريج والأطراف,30109,قطعة من نتائج الأفكار في تخريج أحاديث الأذكار,https://shamela.ws/book/30109
8,التخريج والأطراف,18611,موافقة الخبر الخبر في تخريج أحاديث المختصر,https://shamela.ws/book/18611
8,التخريج والأطراف,30108,نتائج الأفكار في تخريج أحاديث الأذكار,https://shamela.ws/book/30108
8,التخريج والأطراف,30086,التعريف والإخبار بتخريج أحاديث الاختيار,https://shamela.ws/book/30086
8,التخريج والأطراف,97928,عجالة الإملاء على الترغيب والترهيب - ط المعارف - ناقصة,https://shamela.ws/book/97928
8,التخريج والأطراف,17878,الأجوبة المرضية فيما سئل السخاوي عنه من الأحاديث النبوية,https://shamela.ws/book/17878
8,التخريج والأطراف,23177,المقاصد الحسنة في بيان كثير من الأحاديث المشتهرة على الألسنة - ت الخشت,https://shamela.ws/book/23177
8,التخريج والأطراف,1263,المقاصد الحسنة في بيان كثير من الأحاديث المشتهرة على الألسنة - ت الغماري,https://shamela.ws/book/1263
8,التخريج والأطراف,1266,المقاصد الحسنة في بيان كثير من الأحاديث المشتهرة على الألسنة - ط الميمنة,https://shamela.ws/book/1266
8,التخريج والأطراف,17531,التخريج الصغير والتحبير الكبير,https://shamela.ws/book/17531
8,التخريج والأطراف,21542,الدرر المنتثرة في الأحاديث المشتهرة,https://shamela.ws/book/21542
8,التخريج والأطراف,21560,تحفة الأبرار بنكت الأذكار للنووي,https://shamela.ws/book/21560
8,التخريج والأطراف,95829,مناهل الصفا في تخريج أحاديث الشفا,https://shamela.ws/book/95829
8,التخريج والأطراف,8635,الفتح السماوي,https://shamela.ws/book/8635
8,التخريج والأطراف,1480,إتقان ما يحسن من الأخبار الدائرة على الألسن,https://shamela.ws/book/1480
8,التخريج والأطراف,9576,كشف الخفاء ت هنداوي,https://shamela.ws/book/9576
8,التخريج والأطراف,856,كشف الخفاء ط القدسي,https://shamela.ws/book/856
8,التخريج والأطراف,38171,تخريج أحاديث إحياء علوم الدين,https://shamela.ws/book/38171
8,التخريج والأطراف,2671,الفوائد المجموعة,https://shamela.ws/book/2671
8,التخريج والأطراف,6076,أسنى المطالب في أحاديث مختلفة المراتب,https://shamela.ws/book/6076
8,التخريج والأطراف,8637,ذيل القول المسدد,https://shamela.ws/book/8637
8,التخريج والأطراف,7016,نظم المتناثر,https://shamela.ws/book/7016
8,التخريج والأطراف,188,تحقيق إزالة الدهش والوله,https://shamela.ws/book/188
8,التخريج والأطراف,17527,المداوي لعلل الجامع الصغير وشرحي المناوي,https://shamela.ws/book/17527
8,التخريج والأطراف,16738,الهداية في تخريج أحاديث البداية,https://shamela.ws/book/16738
8,التخريج والأطراف,413,التعليق على «الأربعين في التصوف» للسلمي - ضمن «آثار المعلمي»,https://shamela.ws/book/413
8,التخريج والأطراف,10618,تنبيه القارئ,https://shamela.ws/book/10618
8,التخريج والأطراف,22592,إرواء الغليل في تخريج أحاديث منار السبيل,https://shamela.ws/book/22592
8,التخريج والأطراف,11737,تخريج أحاديث فضائل الشام ودمشق لأبي الحسن الربعي,https://shamela.ws/book/11737
8,التخريج والأطراف,702,تخريج مساجلة علمية,https://shamela.ws/book/702
8,التخريج والأطراف,365,تخريج مشكلة الفقر,https://shamela.ws/book/365
8,التخريج والأطراف,11097,تصحيح حديث إفطار الصائم قبل سفرة بعد الفجر,https://shamela.ws/book/11097
8,التخريج والأطراف,11175,خطبة الحاجة التي كان رسول الله صلى الله عليه وسلم يعلمها أصحابه,https://shamela.ws/book/11175
8,التخريج والأطراف,9442,سلسلة الأحاديث الصحيحة وشيء من فقهها وفوائدها,https://shamela.ws/book/9442
8,التخريج والأطراف,12762,سلسلة الأحاديث الضعيفة والموضوعة وأثرها السيئ في الأمة,https://shamela.ws/book/12762
8,التخريج والأطراف,25881,صحيح سنن أبي داود ط غراس,https://shamela.ws/book/25881
8,التخريج والأطراف,682,غاية المرام في تخريج أحاديث الحلال والحرام,https://shamela.ws/book/682
8,التخريج والأطراف,7329,نصب المجانيق لنسف قصة الغرانيق,https://shamela.ws/book/7329
8,التخريج والأطراف,133363,نقد «نصوص حديثية في الثقافة العامة»,https://shamela.ws/book/133363
8,التخريج والأطراف,12578,أحاديث ومرويات في الميزان 1 - حديث قلب القرآن يس,https://shamela.ws/book/12578
8,التخريج والأطراف,12713,أحاديث ومرويات في الميزان 2 - حديث الفينة,https://shamela.ws/book/12713
8,التخريج والأطراف,10280,تبييض الصحيفة بأصول الأحاديث الضعيفة,https://shamela.ws/book/10280
8,التخريج والأطراف,133,الأحاديث الواردة في فضائل الصحابة,https://shamela.ws/book/133
8,التخريج والأطراف,646,زوائد الأحاديث الواردة في فضائل الصحابة,https://shamela.ws/book/646
8,التخريج والأطراف,908,إسعاف اللبيث بفتاوى الحديث,https://shamela.ws/book/908
8,التخريج والأطراف,14316,المنيحة بسلسلة الأحاديث الصحيحة,https://shamela.ws/book/14316
8,التخريج والأطراف,10024,النافلة في الأحاديث الضعيفة والباطلة,https://shamela.ws/book/10024
8,التخريج والأطراف,13243,بذل الإحسان بتقريب سنن النسائي أبي عبد الرحمن,https://shamela.ws/book/13243
8,التخريج والأطراف,9833,تنبيه الهاجد إلى ما وقع من النظر فى كتب الأماجد,https://shamela.ws/book/9833
8,التخريج والأطراف,9105,التكميل لما فات تخريجه من إرواء الغليل,https://shamela.ws/book/9105
8,التخريج والأطراف,838,النجم المضيء بذكر روايات وألفاظ حديث المسيء,https://shamela.ws/book/838
8,التخريج والأطراف,8618,التحجيل في تخريج ما لم يخرج من الأحاديث والآثار في إرواء الغليل,https://shamela.ws/book/8618
8,التخريج والأطراف,849,تخريج حديث لا يرث المسلم الكافر,https://shamela.ws/book/849
8,التخريج والأطراف,2615,تخريج أحاديث وآثار كتاب في ظلال القرآن,https://shamela.ws/book/2615
8,التخريج والأطراف,8217,تراجعات الألباني,https://shamela.ws/book/8217
8,التخريج والأطراف,14606,أحاديث تعظيم الربا على الزنا «دراسة نقدية»,https://shamela.ws/book/14606
8,التخريج والأطراف,122405,الروض البسام بترتيب وتخريج فوائد تمام,https://shamela.ws/book/122405
8,التخريج والأطراف,10442,سلسلة الآثار الصحيحة أو الصحيح المسند من أقوال الصحابة والتابعين,https://shamela.ws/book/10442
8,التخريج والأطراف,8223,تخريج الأحاديث المرفوعة المسندة في كتاب التاريخ الكبير,https://shamela.ws/book/8223
8,التخريج والأطراف,4365,نظرات في حديث أصحابي كالنجوم,https://shamela.ws/book/4365
8,التخريج والأطراف,1146,سلسلة الفوائد الحديثية والفقهية,https://shamela.ws/book/1146
8,التخريج والأطراف,12158,إبراهيم بن محمد بن سفيان رواياته وزياداته وتعليقاته على صحيح مسلم,https://shamela.ws/book/12158
8,التخريج والأطراف,10108,تنبيهات على تحريفات وتصحيفات في كتاب مجمع الزوائد ومنبع الفوائد,https://shamela.ws/book/10108
8,التخريج والأطراف,10098,تنبيه الحذاق على بطلان ما شاع بين الأنام من حديث النور المنسوب لمصنف عبد الرزاق,https://shamela.ws/book/10098
8,التخريج والأطراف,4262,زيادات القطيعي على مسند الإمام أحمد دراسة وتخريجا,https://shamela.ws/book/4262
8,التخريج والأطراف,96930,إقامة الدليل على علو رتبة إرواء الغليل,https://shamela.ws/book/96930
8,التخريج والأطراف,96928,رد الجميل في الذب عن إرواء الغليل,https://shamela.ws/book/96928
8,التخريج والأطراف,96948,الانتهاء لمعرفة الأحاديث التي لم يفت بها الفقهاء,https://shamela.ws/book/96948
8,التخريج والأطراف,145426,إن الله يزع بالسلطان ما لا يزع بالقرآن - تخريجا وشرحا,https://shamela.ws/book/145426
8,التخريج والأطراف,97978,تخريج أحاديث وآثار حياة الحيوان للدميري من التاء إلى الجيم,https://shamela.ws/book/97978
8,التخريج والأطراف,123672,عجالة الراغب المتمني في تخريج كتاب «عمل اليوم والليلة» لابن السني,https://shamela.ws/book/123672
8,التخريج والأطراف,13642,الإعلام في إيضاح ما خفي على الإمام,https://shamela.ws/book/13642
8,التخريج والأطراف,14315,الإعلام بنقد كتاب الروض البسام,https://shamela.ws/book/14315
8,التخريج والأطراف,14317,أنيس الساري (تخريج أحاديث فتح الباري),https://shamela.ws/book/14317
8,التخريج والأطراف,14571,الأحاديث الضعيفة والموضوعة التي حكم عليها الحافظ ابن كثير في تفسيره,https://shamela.ws/book/14571
8,التخريج والأطراف,30080,فتح ذي الجلال في تخريج أحاديث الظلال,https://shamela.ws/book/30080
8,التخريج والأطراف,17355,نزهة الألباب في قول الترمذي «وفي الباب»,https://shamela.ws/book/17355
8,التخريج والأطراف,17348,الانتباه لما قال الحاكم ولم يخرجاه وهو في أحدهما أو روياه,https://shamela.ws/book/17348
8,التخريج والأطراف,30032,الأحاديث الواردة في أحسن الناس,https://shamela.ws/book/30032
8,التخريج والأطراف,30033,الأحاديث الواردة في الابتلاء,https://shamela.ws/book/30033
8,التخريج والأطراف,30034,الأحاديث الواردة في التحذير من الشرك وبيان خطره,https://shamela.ws/book/30034
8,التخريج والأطراف,30035,الأحاديث الواردة في العين حقيقتها والوقاية والعلاج,https://shamela.ws/book/30035
8,التخريج والأطراف,30036,الأحاديث الواردة في ذكر أحكام الشيب وبيان فضله,https://shamela.ws/book/30036
8,التخريج والأطراف,132397,"روايات البغوي في تفسيره معالم التنزيل عن شيخه عبد الواحد المليحي ""تخريج ودراسة""",https://shamela.ws/book/132397
8,التخريج والأطراف,32528,التبيان في تخريج وتبويب أحاديث بلوغ المرام,https://shamela.ws/book/32528
8,التخريج والأطراف,798,روضة الممتع في تخريج أحاديث الروض المربع,https://shamela.ws/book/798
8,التخريج والأطراف,16,ديوان السنة - قسم الطهارة,https://shamela.ws/book/16
8,التخريج والأطراف,261,فضل الرحيم الودود تخريج سنن أبي داود,https://shamela.ws/book/261
8,التخريج والأطراف,265,مرويات فضائل علي بن أبي طالب في المستدرك,https://shamela.ws/book/265
8,التخريج والأطراف,312,الترياق بأحاديث قواها الألباني وضعفها الحويني أبو إسحاق,https://shamela.ws/book/312
8,التخريج والأطراف,647,موسوعة بيت المقدس وبلاد الشام الحديثية,https://shamela.ws/book/647
8,التخريج والأطراف,739,الأحاديث الواردة في اللعب والرياضة,https://shamela.ws/book/739
8,التخريج والأطراف,744,مرويات المزاح والدعابة عن النبي - صلى الله عليه وسلم - والصحابة,https://shamela.ws/book/744
9,العلل والسؤلات الحديثية,5954,من كلام أبي زكريا يحيى بن معين في الرجال,https://shamela.ws/book/5954
9,العلل والسؤلات الحديثية,6038,العلل لابن المديني,https://shamela.ws/book/6038
9,العلل والسؤلات الحديثية,5947,سؤالات ابن أبي شيبة لابن المديني,https://shamela.ws/book/5947
9,العلل والسؤلات الحديثية,20868,الجامع لعلوم الإمام أحمد - علل الحديث,https://shamela.ws/book/20868
9,العلل والسؤلات الحديثية,2331,العلل ومعرفة الرجال لأحمد رواية ابنه عبد الله,https://shamela.ws/book/2331
9,العلل والسؤلات الحديثية,6044,العلل ومعرفة الرجال لأحمد رواية المروذي وغيره ت صبحي السامرائي,https://shamela.ws/book/6044
9,العلل والسؤلات الحديثية,10272,العلل ومعرفة الرجال لأحمد رواية المروذي وغيره ت وصي الله عباس,https://shamela.ws/book/10272
9,العلل والسؤلات الحديثية,5945,سؤالات أبي داود للإمام أحمد,https://shamela.ws/book/5945
9,العلل والسؤلات الحديثية,25873,سؤالات الاثرم لأحمد بن حنبل,https://shamela.ws/book/25873
9,العلل والسؤلات الحديثية,96609,علل الحديث - الفلاس,https://shamela.ws/book/96609
9,العلل والسؤلات الحديثية,6048,التمييز لمسلم,https://shamela.ws/book/6048
9,العلل والسؤلات الحديثية,12698,سؤالات ابن الجنيد ليحيى بن معين,https://shamela.ws/book/12698
9,العلل والسؤلات الحديثية,13131,العلل الكبير للترمذي = ترتيب علل الترمذي الكبير,https://shamela.ws/book/13131
9,العلل والسؤلات الحديثية,642,كتاب العلل الواقع بآخر جامع الترمذي - ت بشار,https://shamela.ws/book/642
9,العلل والسؤلات الحديثية,5897,كتاب العلل الواقع بآخر جامع الترمذي - ت شاكر,https://shamela.ws/book/5897
9,العلل والسؤلات الحديثية,1448,كتاب العلل الواقع بآخر جامع الترمذي - ط الرسالة,https://shamela.ws/book/1448
9,العلل والسؤلات الحديثية,26230,مسائل ابن أبي شيبة عن شيوخه,https://shamela.ws/book/26230
9,العلل والسؤلات الحديثية,6049,علل الأحاديث في صحيح مسلم,https://shamela.ws/book/6049
9,العلل والسؤلات الحديثية,13041,الضعفاء الكبير للعقيلي,https://shamela.ws/book/13041
9,العلل والسؤلات الحديثية,1350,العلل لابن أبي حاتم ت الحميد,https://shamela.ws/book/1350
9,العلل والسؤلات الحديثية,6046,المراسيل لابن أبي حاتم,https://shamela.ws/book/6046
9,العلل والسؤلات الحديثية,5950,سؤالات الحاكم للدارقطني,https://shamela.ws/book/5950
9,العلل والسؤلات الحديثية,9082,علل الدارقطني = العلل الواردة في الأحاديث النبوية,https://shamela.ws/book/9082
9,العلل والسؤلات الحديثية,535,سؤالات السجزي للحاكم,https://shamela.ws/book/535
9,العلل والسؤلات الحديثية,1680,سؤالات السلمي للدارقطني,https://shamela.ws/book/1680
9,العلل والسؤلات الحديثية,11237,سؤالات البرقاني للدارقطني ت القشقري,https://shamela.ws/book/11237
9,العلل والسؤلات الحديثية,1060,سؤالات البرقاني للدارقطني ت مجدي السيد,https://shamela.ws/book/1060
9,العلل والسؤلات الحديثية,2491,سؤالات حمزة للدارقطني,https://shamela.ws/book/2491
9,العلل والسؤلات الحديثية,6083,أطراف الغرائب والأفراد,https://shamela.ws/book/6083
9,العلل والسؤلات الحديثية,1578,تذكرة الحفاظ لابن القيسراني =أطراف أحاديث كتاب المجروحين لابن حبان,https://shamela.ws/book/1578
9,العلل والسؤلات الحديثية,6060,ذخيرة الحفاظ,https://shamela.ws/book/6060
9,العلل والسؤلات الحديثية,6080,معرفة التذكرة,https://shamela.ws/book/6080
9,العلل والسؤلات الحديثية,26209,سؤالات السلفي لخميس الحوزي,https://shamela.ws/book/26209
9,العلل والسؤلات الحديثية,9642,الأباطيل والمناكير والصحاح والمشاهير,https://shamela.ws/book/9642
9,العلل والسؤلات الحديثية,7351,العلل المتناهية في الأحاديث الواهية,https://shamela.ws/book/7351
9,العلل والسؤلات الحديثية,3617,القصاص والمذكرين,https://shamela.ws/book/3617
9,العلل والسؤلات الحديثية,882,الموضوعات لابن الجوزي,https://shamela.ws/book/882
9,العلل والسؤلات الحديثية,26075,المنتخب من علل الخلال,https://shamela.ws/book/26075
9,العلل والسؤلات الحديثية,6065,المغني عن الحفظ والكتاب,https://shamela.ws/book/6065
9,العلل والسؤلات الحديثية,16636,بغية النقاد النقلة,https://shamela.ws/book/16636
9,العلل والسؤلات الحديثية,6070,الموضوعات للصغاني,https://shamela.ws/book/6070
9,العلل والسؤلات الحديثية,2749,غرر الفوائد المجموعة,https://shamela.ws/book/2749
9,العلل والسؤلات الحديثية,11569,تعليقة على العلل لابن أبي حاتم ت جاد الله,https://shamela.ws/book/11569
9,العلل والسؤلات الحديثية,6071,أحاديث مختارة من موضوعات الجورقاني وابن الجوزي,https://shamela.ws/book/6071
9,العلل والسؤلات الحديثية,6068,تلخيص كتاب الموضوعات,https://shamela.ws/book/6068
9,العلل والسؤلات الحديثية,8566,المنار المنيف في الصحيح والضعيف - ت أبي غدة,https://shamela.ws/book/8566
9,العلل والسؤلات الحديثية,9388,المنار المنيف في الصحيح والضعيف - ط عطاءات العلم,https://shamela.ws/book/9388
9,العلل والسؤلات الحديثية,185,العلل الواقعة في كتاب الجامع الصحيح للبخاري,https://shamela.ws/book/185
9,العلل والسؤلات الحديثية,18315,الزيادات على الموضوعات,https://shamela.ws/book/18315
9,العلل والسؤلات الحديثية,6062,اللآلئ المصنوعة في الأحاديث الموضوعة,https://shamela.ws/book/6062
9,العلل والسؤلات الحديثية,6073,تحذير الخواص من أكاذيب القصاص,https://shamela.ws/book/6073
9,العلل والسؤلات الحديثية,1432,تنزيه الشريعة المرفوعة عن الأخبار الشنيعة الموضوعة,https://shamela.ws/book/1432
9,العلل والسؤلات الحديثية,1922,الفتاوى الحديثية لابن حجر الهيتمي,https://shamela.ws/book/1922
9,العلل والسؤلات الحديثية,12738,تذكرة الموضوعات للفتني,https://shamela.ws/book/12738
9,العلل والسؤلات الحديثية,6056,الأسرار المرفوعة في الأخبار الموضوعة,https://shamela.ws/book/6056
9,العلل والسؤلات الحديثية,6064,المصنوع في معرفة الحديث الموضوع,https://shamela.ws/book/6064
9,العلل والسؤلات الحديثية,6051,الفوائد الموضوعة في الأحاديث الموضوعة,https://shamela.ws/book/6051
9,العلل والسؤلات الحديثية,6077,الجد الحثيث في بيان ما ليس بحديث,https://shamela.ws/book/6077
9,العلل والسؤلات الحديثية,6079,النخبة البهية في الأحاديث المكذوبة على خير البرية,https://shamela.ws/book/6079
9,العلل والسؤلات الحديثية,6053,الآثار المرفوعة في الأخبار الموضوعة,https://shamela.ws/book/6053
9,العلل والسؤلات الحديثية,6063,اللؤلؤ المرصوع,https://shamela.ws/book/6063
9,العلل والسؤلات الحديثية,395,الأحاديث التي استشهد بها مسلم في بحث الخلاف في اشتراط العلم باللقاء - ضمن «آثار المعلمي»,https://shamela.ws/book/395
9,العلل والسؤلات الحديثية,398,فوائد في كتاب «العلل» لابن أبي حاتم - ضمن «آثار المعلمي»,https://shamela.ws/book/398
9,العلل والسؤلات الحديثية,12756,أحاديث معلة ظاهرها الصحة,https://shamela.ws/book/12756
9,العلل والسؤلات الحديثية,22853,تكميل النفع بما لم يثبت به وقف ولا رفع,https://shamela.ws/book/22853
9,العلل والسؤلات الحديثية,2754,سؤالات الترمذي للبخاري حول أحاديث في جامع الترمذي,https://shamela.ws/book/2754
9,العلل والسؤلات الحديثية,1329,أوهام المحدثين الثقات,https://shamela.ws/book/1329
9,العلل والسؤلات الحديثية,1526,الجامع في العلل والفوائد,https://shamela.ws/book/1526
9,العلل والسؤلات الحديثية,862,إسعاف الأخيار بما اشتهر ولم يصح من الأحاديث والآثار والقصص والأشعار,https://shamela.ws/book/862
9,العلل والسؤلات الحديثية,11401,ابن قيم الجوزية وجهوده في خدمة السنة النبوية وعلومها,https://shamela.ws/book/11401
9,العلل والسؤلات الحديثية,5917,الحجة بضعف حديث من صلى ركعتين بعد الصبح فله أجر عمرة وحجة,https://shamela.ws/book/5917
9,العلل والسؤلات الحديثية,9499,قواعد العلل وقرائن الترجيح,https://shamela.ws/book/9499
9,العلل والسؤلات الحديثية,9557,التعريف بعلم العلل,https://shamela.ws/book/9557
9,العلل والسؤلات الحديثية,117137,العبارة المختصرة في علة حديث إن هذه الحشوش محتضرة,https://shamela.ws/book/117137
9,العلل والسؤلات الحديثية,13281,منهج الإمام الدارقطني في نقد الحديث في كتاب العلل,https://shamela.ws/book/13281
9,العلل والسؤلات الحديثية,14479,الأحاديث التي أعل الإمام البخاري متونها بالتناقض,https://shamela.ws/book/14479
9,العلل والسؤلات الحديثية,30132,التيسير والتبصير لما فات البخاري في العلل الكبير,https://shamela.ws/book/30132
9,العلل والسؤلات الحديثية,30146,أحاديث ضعاف وعليها العمل بغير خلاف,https://shamela.ws/book/30146
10,علوم الحديث,20859,الجامع لعلوم الإمام أحمد - علوم الحديث,https://shamela.ws/book/20859
10,علوم الحديث,6013,رسالة أبي داود إلى أهل مكة,https://shamela.ws/book/6013
10,علوم الحديث,6004,رسائل في علوم الحديث,https://shamela.ws/book/6004
10,علوم الحديث,52,المحدث الفاصل ت أبو زيد,https://shamela.ws/book/52
10,علوم الحديث,13059,المحدث الفاصل ت عجاج,https://shamela.ws/book/13059
10,علوم الحديث,1458,المخزون في علم الحديث,https://shamela.ws/book/1458
10,علوم الحديث,21474,الإلزامات والتتبع للدارقطني,https://shamela.ws/book/21474
10,علوم الحديث,13184,ناسخ الحديث ومنسوخه لابن شاهين,https://shamela.ws/book/13184
10,علوم الحديث,6015,فضل الأخبار وشرح مذاهب أهل الآثار = شروط الأئمة,https://shamela.ws/book/6015
10,علوم الحديث,6027,المدخل إلى الصحيح - ط الرسالة,https://shamela.ws/book/6027
10,علوم الحديث,5997,المدخل إلى كتاب الإكليل,https://shamela.ws/book/5997
10,علوم الحديث,13179,معرفة علوم الحديث للحاكم,https://shamela.ws/book/13179
10,علوم الحديث,39268,المدخل إلى السنن الكبرى - البيهقي - ت عوامة,https://shamela.ws/book/39268
10,علوم الحديث,5815,الأسماء المبهمة في الأنباء المحكمة,https://shamela.ws/book/5815
10,علوم الحديث,13012,الجامع لأخلاق الراوي وآداب السامع للخطيب البغدادي,https://shamela.ws/book/13012
10,علوم الحديث,1454,الرحلة في طلب الحديث - ت أبي أويس,https://shamela.ws/book/1454
10,علوم الحديث,13020,الرحلة في طلب الحديث - ت عتر,https://shamela.ws/book/13020
10,علوم الحديث,7640,السابق واللاحق في تباعد ما بين وفاة راويين عن شيخ واحد,https://shamela.ws/book/7640
10,علوم الحديث,10842,الفصل للوصل المدرج في النقل,https://shamela.ws/book/10842
10,علوم الحديث,13089,تقييد العلم للخطيب البغدادي,https://shamela.ws/book/13089
10,علوم الحديث,21477,تلخيص المتشابه في الرسم,https://shamela.ws/book/21477
10,علوم الحديث,13125,شرف أصحاب الحديث للخطيب البغدادي,https://shamela.ws/book/13125
10,علوم الحديث,6025,موضح أوهام الجمع والتفريق,https://shamela.ws/book/6025
10,علوم الحديث,5646,نصيحة أهل الحديث,https://shamela.ws/book/5646
10,علوم الحديث,5996,إيضاح الإشكال,https://shamela.ws/book/5996
10,علوم الحديث,6002,مسألة العلو والنزول في الحديث,https://shamela.ws/book/6002
10,علوم الحديث,6030,الإلماع إلى معرفة أصول الرواية وتقييد السماع,https://shamela.ws/book/6030
10,علوم الحديث,6018,أدب الإملاء والاستملاء,https://shamela.ws/book/6018
10,علوم الحديث,6032,كشف المغطا في فضل الموطا,https://shamela.ws/book/6032
10,علوم الحديث,142167,شرط القراءة على الشيوخ للسلفي,https://shamela.ws/book/142167
10,علوم الحديث,26878,اللطائف من دقائق المعارف في علوم الحفاظ الأعارف,https://shamela.ws/book/26878
10,علوم الحديث,11174,خصائص مسند الإمام أحمد,https://shamela.ws/book/11174
10,علوم الحديث,22868,الاعتبار في الناسخ والمنسوخ من الآثار,https://shamela.ws/book/22868
10,علوم الحديث,9369,إعلام العالم بعد رسوخه بناسخ الحديث ومنسوخه,https://shamela.ws/book/9369
10,علوم الحديث,6016,صيانة صحيح مسلم,https://shamela.ws/book/6016
10,علوم الحديث,22870,مقدمة ابن الصلاح = معرفة أنواع علوم الحديث - ت عتر,https://shamela.ws/book/22870
10,علوم الحديث,23799,مقدمة ابن الصلاح معرفة أنواع علم الحديث - ت الفحل والهميم,https://shamela.ws/book/23799
10,علوم الحديث,9863,جواب الحافظ المنذري عن أسئلة في الجرح والتعديل,https://shamela.ws/book/9863
10,علوم الحديث,127654,إرشاد طلاب الحقائق إلى معرفة سنن خير الخلائق صلى الله عليه وسلم,https://shamela.ws/book/127654
10,علوم الحديث,5586,التقريب والتيسير للنووي,https://shamela.ws/book/5586
10,علوم الحديث,6028,فضائل سنن الترمذي,https://shamela.ws/book/6028
10,علوم الحديث,32181,نظم علوم الحديث = أقصى الأمل والسول في علم حديث الرسول,https://shamela.ws/book/32181
10,علوم الحديث,36127,الغرامية في مصطلح الحديث,https://shamela.ws/book/36127
10,علوم الحديث,5968,الاقتراح في بيان الاصطلاح,https://shamela.ws/book/5968
10,علوم الحديث,6011,السنن الأبين والمورد الأمعن في المحاكمة بين الإمامين في السند المعنعن,https://shamela.ws/book/6011
10,علوم الحديث,5992,رسوم التحديث في علوم الحديث,https://shamela.ws/book/5992
10,علوم الحديث,5959,المنهل الروي في مختصر علوم الحديث النبوي,https://shamela.ws/book/5959
10,علوم الحديث,17807,الخلاصة في معرفة الحديث,https://shamela.ws/book/17807
10,علوم الحديث,1055,شرح غرامي صحيح - ابن عبد الهادي - ت الحفيان,https://shamela.ws/book/1055
10,علوم الحديث,789,الكافي في علوم الحديث,https://shamela.ws/book/789
10,علوم الحديث,8195,الموقظة - ت أبي غدة,https://shamela.ws/book/8195
10,علوم الحديث,147662,الموقظة - ط ركائز,https://shamela.ws/book/147662
10,علوم الحديث,26802,مشيخة القزويني,https://shamela.ws/book/26802
10,علوم الحديث,11088,تحقيق منيف الرتبة لمن ثبت له شريف الصحبة,https://shamela.ws/book/11088
10,علوم الحديث,26113,قاعدة في الجرح والتعديل,https://shamela.ws/book/26113
10,علوم الحديث,26114,قاعدة في المؤرخين,https://shamela.ws/book/26114
10,علوم الحديث,21571,الباعث الحثيث إلى اختصار علوم الحديث,https://shamela.ws/book/21571
10,علوم الحديث,5978,النكت على مقدمة ابن الصلاح للزركشي,https://shamela.ws/book/5978
10,علوم الحديث,9552,شرح علل الترمذي,https://shamela.ws/book/9552
10,علوم الحديث,7349,الشذا الفياح من علوم ابن الصلاح,https://shamela.ws/book/7349
10,علوم الحديث,23640,التذكرة في علوم الحديث لابن الملقن,https://shamela.ws/book/23640
10,علوم الحديث,5976,المقنع في علوم الحديث,https://shamela.ws/book/5976
10,علوم الحديث,29878,مقدمة ابن الصلاح ومحاسن الاصطلاح,https://shamela.ws/book/29878
10,علوم الحديث,5902,ألفية العراقي التبصرة والتذكرة - ت الفحل,https://shamela.ws/book/5902
10,علوم الحديث,354,ألفية العراقي التبصرة والتذكرة - ت القاسم,https://shamela.ws/book/354
10,علوم الحديث,7581,التقييد والإيضاح شرح مقدمة ابن الصلاح,https://shamela.ws/book/7581
10,علوم الحديث,1779,شرح التبصرة والتذكرة ألفية العراقي,https://shamela.ws/book/1779
10,علوم الحديث,30531,الديباج المذهب في مصطلح الحديث,https://shamela.ws/book/30531
10,علوم الحديث,5984,المختصر في أصول الحديث = رسالة في أصول الحديث,https://shamela.ws/book/5984
10,علوم الحديث,577,إشراقات الأصول في علم حديث الرسول - مجلة التراث النبوي,https://shamela.ws/book/577
10,علوم الحديث,96878,مفتاح السعيدية في شرح الألفية الحديثية,https://shamela.ws/book/96878
10,علوم الحديث,8316,النكت على كتاب ابن الصلاح لابن حجر,https://shamela.ws/book/8316
10,علوم الحديث,5993,الوقوف على الموقوف,https://shamela.ws/book/5993
10,علوم الحديث,616,نخبة الفكر - ت القاسم,https://shamela.ws/book/616
10,علوم الحديث,5940,نخبة الفكر - ط دار الحديث,https://shamela.ws/book/5940
10,علوم الحديث,6009,نزهة السامعين في رواية الصحابة عن التابعين,https://shamela.ws/book/6009
10,علوم الحديث,37456,نزهة النظر في توضيح نخبة الفكر - ت الرحيلي ط 3,https://shamela.ws/book/37456
10,علوم الحديث,316,نزهة النظر في توضيح نخبة الفكر - ت القاسم,https://shamela.ws/book/316
10,علوم الحديث,1565,نزهة النظر في توضيح نخبة الفكر - ت عتر,https://shamela.ws/book/1565
10,علوم الحديث,5975,المختصر في علم الأثر,https://shamela.ws/book/5975
10,علوم الحديث,23798,النكت الوفية بما في شرح الألفية,https://shamela.ws/book/23798
10,علوم الحديث,96618,شرح ألفية العراقي - ابن العيني,https://shamela.ws/book/96618
10,علوم الحديث,8663,التوضيح الأبهر لتذكرة ابن الملقن في علم الأثر,https://shamela.ws/book/8663
10,علوم الحديث,5956,الغاية فى شرح الهداية فى علم الرواية,https://shamela.ws/book/5956
10,علوم الحديث,26111,المتكلمون في الرجال,https://shamela.ws/book/26111
10,علوم الحديث,5963,فتح المغيث بشرح ألفية الحديث,https://shamela.ws/book/5963
10,علوم الحديث,10483,ألفية السيوطي نظم الدرر في علم الأثر - ت الفحل,https://shamela.ws/book/10483
10,علوم الحديث,1089,ألفية السيوطي نظم الدرر في علم الأثر - ت القاسم,https://shamela.ws/book/1089
10,علوم الحديث,1768,ألفية السيوطي نظم الدرر في علم الأثر - ت شاكر,https://shamela.ws/book/1768
10,علوم الحديث,7729,البحر الذي زخر في شرح ألفية الأثر - قسم 1 - ت الأندونوسي,https://shamela.ws/book/7729
10,علوم الحديث,6001,التطريف في التصحيف,https://shamela.ws/book/6001
10,علوم الحديث,17739,الفانيد في حلاوة الأسانيد,https://shamela.ws/book/17739
10,علوم الحديث,5955,المدرج إلى المدرج,https://shamela.ws/book/5955
10,علوم الحديث,9329,تدريب الراوي في شرح تقريب النواوي,https://shamela.ws/book/9329
10,علوم الحديث,6021,تذكرة المؤتسي فيمن حدث ونسي,https://shamela.ws/book/6021
10,علوم الحديث,4864,مفتاح الجنة في الاحتجاج بالسنة,https://shamela.ws/book/4864
10,علوم الحديث,35261,فتح الباقي بشرح ألفية العراقي,https://shamela.ws/book/35261
10,علوم الحديث,1531,قفو الأثر في صفوة علوم الأثر,https://shamela.ws/book/1531
10,علوم الحديث,5989,شرح نخبة الفكر للقاري,https://shamela.ws/book/5989
10,علوم الحديث,5979,اليواقيت والدرر شرح شرح نخبة الفكر,https://shamela.ws/book/5979
10,علوم الحديث,5988,مقدمة في أصول الحديث,https://shamela.ws/book/5988
10,علوم الحديث,8567,المنظومة البيقونية,https://shamela.ws/book/8567
10,علوم الحديث,320,حاشية الخرشي منتهى الرغبة في حل ألفاظ النخبة,https://shamela.ws/book/320
10,علوم الحديث,207,رسالة في جمع أشكال الحديث الضعيف,https://shamela.ws/book/207
10,علوم الحديث,2241,إسبال المطر على قصب السكر نظم نخبة الفكر في مصطلح أهل الأثر,https://shamela.ws/book/2241
10,علوم الحديث,11990,توضيح الأفكار لمعاني تنقيح الأنظار,https://shamela.ws/book/11990
10,علوم الحديث,5983,ثمرات النظر في علم الأثر,https://shamela.ws/book/5983
10,علوم الحديث,17797,العروس المجلية في أسانيد الحديث المسلسل بالأولية,https://shamela.ws/book/17797
10,علوم الحديث,5980,بلغة الأريب في مصطلح آثار الحبيب,https://shamela.ws/book/5980
10,علوم الحديث,17847,إجازة الشيخ العلامة عبد اللطيف بن عبد الرحمن آل الشيخ,https://shamela.ws/book/17847
10,علوم الحديث,5973,الرفع والتكميل,https://shamela.ws/book/5973
10,علوم الحديث,30014,نيل الأماني في توضيح مقدمة القسطلاني - ط الميمنية,https://shamela.ws/book/30014
10,علوم الحديث,30013,نيل الأماني في توضيح مقدمة القسطلاني - ط عطاءات العلم,https://shamela.ws/book/30013
10,علوم الحديث,36616,الجرح والتعديل - القاسمي,https://shamela.ws/book/36616
10,علوم الحديث,9993,قواعد التحديث من فنون مصطلح الحديث,https://shamela.ws/book/9993
10,علوم الحديث,5981,توجيه النظر إلى أصول الأثر,https://shamela.ws/book/5981
10,علوم الحديث,696,عقد الدرر في شرح مختصر نخبة الفكر,https://shamela.ws/book/696
10,علوم الحديث,150481,الباعث الحثيث شرح اختصار علوم الحديث ط ابن الجوزي,https://shamela.ws/book/150481
10,علوم الحديث,30107,إيضاح المريب من تعليق اعلام الأريب بحدوث بدعة المحاريب,https://shamela.ws/book/30107
10,علوم الحديث,30102,مسند الجن,https://shamela.ws/book/30102
10,علوم الحديث,37417,الاستشراق والمستشرقون ما لهم وما عليهم,https://shamela.ws/book/37417
10,علوم الحديث,37638,السنة ومكانتها للسباعي ط المكتب الإسلامي,https://shamela.ws/book/37638
10,علوم الحديث,37639,السنة ومكانتها للسباعي ط الوراق,https://shamela.ws/book/37639
10,علوم الحديث,402,أحكام الحديث الضعيف - ضمن «آثار المعلمي»,https://shamela.ws/book/402
10,علوم الحديث,393,إشكالات في الجرح والتعديل - ضمن «آثار المعلمي»,https://shamela.ws/book/393
10,علوم الحديث,9463,الأنوار الكاشفة لما في كتاب «أضواء على السنة» - ط السلفية,https://shamela.ws/book/9463
10,علوم الحديث,391,الاستبصار في نقد الأخبار - ضمن «آثار المعلمي»,https://shamela.ws/book/391
10,علوم الحديث,12767,التنكيل بما في تأنيب الكوثري من الأباطيل - ط المكتب الإسلامي,https://shamela.ws/book/12767
10,علوم الحديث,394,الحاجة إلى معرفة علم الجرح والتعديل - ضمن «آثار المعلمي»,https://shamela.ws/book/394
10,علوم الحديث,457,رسالة في الكلام على أحكام خبر الواحد وشرائطه - ضمن «آثار المعلمي»,https://shamela.ws/book/457
10,علوم الحديث,445,رسالة في فرضية اتباع السنة، والكلام على تقسيم الأخبار وحجية أخبار الآحاد - ضمن «آثار المعلمي»,https://shamela.ws/book/445
10,علوم الحديث,414,صفة الارتباط بين العلماء في القديم - ضمن «آثار المعلمي»,https://shamela.ws/book/414
10,علوم الحديث,392,في أحكام الجرح والتعديل - ضمن «آثار المعلمي»,https://shamela.ws/book/392
10,علوم الحديث,396,في الصيغ المحتملة للتدليس ــ أظاهرة هي في السماع أم لا؟ - ضمن «آثار المعلمي»,https://shamela.ws/book/396
10,علوم الحديث,403,محاضرة في علم الرجال وأهميته - ضمن «آثار المعلمي»,https://shamela.ws/book/403
10,علوم الحديث,28040,السنة ومكانتها من التشريع لعبد الحليم محمود,https://shamela.ws/book/28040
10,علوم الحديث,5970,التقريرات السنية شرح المنظومة البيقونية في مصطلح الحديث,https://shamela.ws/book/5970
10,علوم الحديث,36148,المبشرون والمستشرقون في موقفهم من الإسلام,https://shamela.ws/book/36148
10,علوم الحديث,9987,الوسيط في علوم ومصطلح الحديث,https://shamela.ws/book/9987
10,علوم الحديث,37593,دفاع عن السنة ورد شبه المستشرقين ط مجمع البحوث,https://shamela.ws/book/37593
10,علوم الحديث,37972,دفاع عن السنة ورد شبه المستشرقين ط مكتبة السنة,https://shamela.ws/book/37972
10,علوم الحديث,8656,الحديث والمحدثون,https://shamela.ws/book/8656
10,علوم الحديث,37826,الرد على من ينكر حجية السنة,https://shamela.ws/book/37826
10,علوم الحديث,96229,علوم الحديث ومصطلحه,https://shamela.ws/book/96229
10,علوم الحديث,8541,المحاضرة الدفاعيةعن السنة المحمدية,https://shamela.ws/book/8541
10,علوم الحديث,30836,شبهات حول السنة,https://shamela.ws/book/30836
10,علوم الحديث,22949,التدليس والمدلسون,https://shamela.ws/book/22949
10,علوم الحديث,10132,حجية السنة النبوية ومكانتها في التشريع الإسلامي,https://shamela.ws/book/10132
10,علوم الحديث,7607,الحديث حجة بنفسه في العقائد والأحكام,https://shamela.ws/book/7607
10,علوم الحديث,421,دفاع عن الحديث النبوي,https://shamela.ws/book/421
10,علوم الحديث,705,منزلة السنة في الإسلام,https://shamela.ws/book/705
10,علوم الحديث,11254,شرح المنظومة البيقونية في مصطلح الحديث,https://shamela.ws/book/11254
10,علوم الحديث,21581,مصطلح الحديث,https://shamela.ws/book/21581
10,علوم الحديث,9974,مدرسة الحديث في مصر,https://shamela.ws/book/9974
10,علوم الحديث,96783,المقترح في أجوبة بعض أسئلة المصطلح,https://shamela.ws/book/96783
10,علوم الحديث,96786,غارة الفصل على المعتدين على كتب العلل,https://shamela.ws/book/96786
10,علوم الحديث,26697,السنة النبوية في مواجهة شبهات الاستشراق - أنور الجندي,https://shamela.ws/book/26697
10,علوم الحديث,11091,تدوين السنة النبوية نشأته وتطوره من القرن الأول إلى نهاية القرن التاسع الهجري,https://shamela.ws/book/11091
10,علوم الحديث,11297,علم الرجال نشأته وتطوره من القرن الأول إلى نهاية القرن التاسع,https://shamela.ws/book/11297
10,علوم الحديث,11367,ما له حكم الرفع من أقوال الصحابة وأفعالهم,https://shamela.ws/book/11367
10,علوم الحديث,95845,السنة المفترى عليها,https://shamela.ws/book/95845
10,علوم الحديث,36192,السنة كلها تشريع - موسى شاهين لاشين,https://shamela.ws/book/36192
10,علوم الحديث,23307,المستشرقون والتراث,https://shamela.ws/book/23307
10,علوم الحديث,37347,طرق الاستدلال بالسنة والاستنباط منها,https://shamela.ws/book/37347
10,علوم الحديث,1222,المستشرقون والسنة,https://shamela.ws/book/1222
10,علوم الحديث,23071,دراسات في السنة النبوية,https://shamela.ws/book/23071
10,علوم الحديث,797,الزبد في مصطلح الحديث,https://shamela.ws/book/797
10,علوم الحديث,7456,تذكرة الطالبين في بيان الموضوع وأصناف الوضاعين,https://shamela.ws/book/7456
10,علوم الحديث,10312,شرح الأثيوبي على ألفية السيوطي في الحديث = إسعاف ذوي الوطر بشرح نظم الدرر في علم الأثر,https://shamela.ws/book/10312
10,علوم الحديث,1473,استدراك الزيادات على كتاب الرحلة,https://shamela.ws/book/1473
10,علوم الحديث,36151,الإمام البخاري وفقه التراجم في جامعه الصحيح,https://shamela.ws/book/36151
10,علوم الحديث,96230,الاتجاهات العامة للاجتهاد ومكانة الحديث الآحادي الصحيح فيها,https://shamela.ws/book/96230
10,علوم الحديث,36617,السنة المطهرة والتحديات,https://shamela.ws/book/36617
10,علوم الحديث,96235,خبر الواحد الصحيح وأثره في العمل والعقيدة,https://shamela.ws/book/96235
10,علوم الحديث,37636,كيفية التعامل مع الفهرس العام لأسماء كتب السنة,https://shamela.ws/book/37636
10,علوم الحديث,6658,منهج النقد في علوم الحديث,https://shamela.ws/book/6658
10,علوم الحديث,96178,السنة قبل التدوين,https://shamela.ws/book/96178
10,علوم الحديث,8681,تيسير مصطلح الحديث,https://shamela.ws/book/8681
10,علوم الحديث,10133,حجية السنة ودحض الشبهات التي تثار حولها,https://shamela.ws/book/10133
10,علوم الحديث,7611,السنة النبوية وحي - خليل خاطر,https://shamela.ws/book/7611
10,علوم الحديث,11348,كتابة السنة النبوية في عهد النبي صلى الله عليه وسلم والصحابة وأثرها في حفظ السنة النبوية,https://shamela.ws/book/11348
10,علوم الحديث,16231,إجماع المحدثين,https://shamela.ws/book/16231
10,علوم الحديث,3933,التخريج ودراسة الأسانيد,https://shamela.ws/book/3933
10,علوم الحديث,9247,المنهج المقترح لفهم المصطلح,https://shamela.ws/book/9247
10,علوم الحديث,1210,خلاصة التأصيل لعلم الجرح والتعديل - ط المعراج,https://shamela.ws/book/1210
10,علوم الحديث,12829,خلاصة التأصيل لعلم الجرح والتعديل - ط عالم الفوائد,https://shamela.ws/book/12829
10,علوم الحديث,9068,نصائح منهجية لطالب علم السنة النبوية,https://shamela.ws/book/9068
10,علوم الحديث,1591,تصحيفات المحدثين - باشنفر,https://shamela.ws/book/1591
10,علوم الحديث,8772,الإمام البخاري وكتابه الجامع الصحيح,https://shamela.ws/book/8772
10,علوم الحديث,8775,الإمام مسلم وصحيحه,https://shamela.ws/book/8775
10,علوم الحديث,11360,كيف نستفيد من الكتب الحديثية الستة,https://shamela.ws/book/11360
10,علوم الحديث,8562,المقترب في بيان المضطرب,https://shamela.ws/book/8562
10,علوم الحديث,1398,ندوة علوم الحديث علوم وآفاق,https://shamela.ws/book/1398
10,علوم الحديث,1747,أثر اختلاف الأسانيد والمتون في اختلاف الفقهاء,https://shamela.ws/book/1747
10,علوم الحديث,7586,أثر علل الحديث في اختلاف الفقهاء,https://shamela.ws/book/7586
10,علوم الحديث,1841,محاضرات في علوم الحديث,https://shamela.ws/book/1841
10,علوم الحديث,12284,مباحث في الحديث المسلسل,https://shamela.ws/book/12284
10,علوم الحديث,893,الحديث الموضوعي المنهج والتأصيل والتمثيل,https://shamela.ws/book/893
10,علوم الحديث,8674,بحوث في تاريخ السنة المشرفة,https://shamela.ws/book/8674
10,علوم الحديث,37349,موقف الاستشراق من السنة والسيرة النبوية,https://shamela.ws/book/37349
10,علوم الحديث,7254,منهج الإمام أحمد في إعلال الأحاديث,https://shamela.ws/book/7254
10,علوم الحديث,4134,نخبة الفكر - دراسة عنها وعن منهجها,https://shamela.ws/book/4134
10,علوم الحديث,9938,الإرشادات في تقوية الأحاديث بالشواهد والمتابعات,https://shamela.ws/book/9938
10,علوم الحديث,11140,جهود المحدثين في بيان علل الحديث,https://shamela.ws/book/11140
10,علوم الحديث,16232,منهج الإمام البخاري,https://shamela.ws/book/16232
10,علوم الحديث,142,الاتصال والانقطاع,https://shamela.ws/book/142
10,علوم الحديث,155,الجرح والتعديل - اللاحم,https://shamela.ws/book/155
10,علوم الحديث,2066,شرح اختصار علوم الحديث - اللاحم,https://shamela.ws/book/2066
10,علوم الحديث,143,مقارنة المرويات,https://shamela.ws/book/143
10,علوم الحديث,643,الحديث الضعيف وحكم الاحتجاج به,https://shamela.ws/book/643
10,علوم الحديث,23769,شرح ألفية العراقي - عبد الكريم الخضير,https://shamela.ws/book/23769
10,علوم الحديث,23361,شرح اختصار علوم الحديث - عبد الكريم الخضير,https://shamela.ws/book/23361
10,علوم الحديث,23405,شرح اللؤلؤ المكنون في أحوال الأسانيد والمتون,https://shamela.ws/book/23405
10,علوم الحديث,23743,شرح المنظومة البيقونية - عبد الكريم الخضير,https://shamela.ws/book/23743
10,علوم الحديث,23424,شرح رسالة أبي داود لأهل مكة,https://shamela.ws/book/23424
10,علوم الحديث,23737,شرح مقدمة صحيح مسلم,https://shamela.ws/book/23737
10,علوم الحديث,25955,شرح نخبة الفكر للخضير,https://shamela.ws/book/25955
10,علوم الحديث,25976,كيف يستفيد طالب العلم من كتب السنة,https://shamela.ws/book/25976
10,علوم الحديث,23757,مقارنة بين شروح كتب السنة الستة,https://shamela.ws/book/23757
10,علوم الحديث,3975,شذرات من إتحاف الأريب بأحكام مراتب تقريب التهذيب,https://shamela.ws/book/3975
10,علوم الحديث,37602,الشرح المختصر لنخبة الفكر,https://shamela.ws/book/37602
10,علوم الحديث,36195,شرح الموقظة للذهبي,https://shamela.ws/book/36195
10,علوم الحديث,152,المشهور من أسانيد الحديث,https://shamela.ws/book/152
10,علوم الحديث,126,الكواكب الدرية على المنظومة البيقونية,https://shamela.ws/book/126
10,علوم الحديث,1239,المدخل في تاريخ السنة,https://shamela.ws/book/1239
10,علوم الحديث,21540,الفصول في مصطلح حديث الرسول,https://shamela.ws/book/21540
10,علوم الحديث,7491,اختلاف أقوال النقاد في الرواة المختلف فيهم مع دراسة هذه الظاهره عند ابن معين,https://shamela.ws/book/7491
10,علوم الحديث,10392,الرواة الذين كنوا بأبي زرعة,https://shamela.ws/book/10392
10,علوم الحديث,23072,دراسة حول قول أبي زرعة في سنن ابن ماجه,https://shamela.ws/book/23072
10,علوم الحديث,1303,الأريج في علم أصول التخريج,https://shamela.ws/book/1303
10,علوم الحديث,809,منهج الخطيب البغدادي في نقد الحديث,https://shamela.ws/book/809
10,علوم الحديث,4432,تصحيح الحديث عند ابن الصلاح,https://shamela.ws/book/4432
10,علوم الحديث,7548,الإمام أبو الحسن الدارقطني وآثاره العلمية,https://shamela.ws/book/7548
10,علوم الحديث,11168,حوار حول منهج المحدثين في نقد الروايات سندا ومتنا,https://shamela.ws/book/11168
10,علوم الحديث,8520,العيوب المنهجية في كتابات المستشرق شاخت المتعلقة بالسنة النبوية,https://shamela.ws/book/8520
10,علوم الحديث,9836,موقف الإمامين البخاري ومسلم من اشتراط اللقيا والسماع في السند المعنعن بين المتعاصرين,https://shamela.ws/book/9836
10,علوم الحديث,9843,روايات ونسخ الجامع الصحيح,https://shamela.ws/book/9843
10,علوم الحديث,11153,حجية خبر الآحاد في العقائد والأحكام - عامر حسن صبري,https://shamela.ws/book/11153
10,علوم الحديث,11154,حجية خبر الآحاد في العقائد والأحكام - فرحانة بنت علي شويتة,https://shamela.ws/book/11154
10,علوم الحديث,11155,حجية خبر الآحاد في العقائد والأحكام - محمد جميل مبارك,https://shamela.ws/book/11155
10,علوم الحديث,11294,علم التخريج ودوره في حفظ السنة النبوية - محمد بن ظافر الشهري,https://shamela.ws/book/11294
10,علوم الحديث,11295,علم التخريج ودوره في حفظ السنة النبوية - محمد محمود بكار,https://shamela.ws/book/11295
10,علوم الحديث,11296,علم التخريج ودوره في خدمة السنة النبوية - عبد الغفور البوشلي,https://shamela.ws/book/11296
10,علوم الحديث,11300,علم علل الحديث ودوره في حفظ السنة النبوية,https://shamela.ws/book/11300
10,علوم الحديث,11305,عناية العلماء بالإسناد وعلم الجرح والتعديل - صالح الرفاعي,https://shamela.ws/book/11305
10,علوم الحديث,11306,عناية العلماء بالإسناد وعلم الجرح والتعديل - عبد العزيز فارح,https://shamela.ws/book/11306
10,علوم الحديث,11344,كتابة الحديث النبوي في عهد النبي صلى الله عليه وسلم بين النهي والإذن,https://shamela.ws/book/11344
10,علوم الحديث,11345,كتابة الحديث بين النهي والإذن,https://shamela.ws/book/11345
10,علوم الحديث,11346,كتابة الحديث في عهد النبي صلى الله عليه وسلم بين النهي والإذن,https://shamela.ws/book/11346
10,علوم الحديث,30167,الحافظ العراقي وأثره في السنة,https://shamela.ws/book/30167
10,علوم الحديث,11347,كتابة الحديث في عهد النبي صلى الله عليه وسلم وصحابته وأثرها في حفظ السنة النبوية,https://shamela.ws/book/11347
10,علوم الحديث,22872,توثيق السنة في القرن الثاني الهجري أسسه واتجاهاته,https://shamela.ws/book/22872
10,علوم الحديث,11349,كتابة السنة في عهد النبي صلى الله عليه وسلم والصحابة وأثرها في حفظ السنة النبوية,https://shamela.ws/book/11349
10,علوم الحديث,11391,مركز بحوث ودراسات المدينة المنورة ودوره في خدمة السيرة النبوية,https://shamela.ws/book/11391
10,علوم الحديث,1117,السبر عند المحدثين,https://shamela.ws/book/1117
10,علوم الحديث,1416,تحرير علوم الحديث,https://shamela.ws/book/1416
10,علوم الحديث,697,فتح رب البرية في تيسير قراءة الألفية,https://shamela.ws/book/697
10,علوم الحديث,1457,رحلة الفضلاء كما وردت بها الأنباء,https://shamela.ws/book/1457
10,علوم الحديث,7452,الضوء اللامع المبين عن مناهج المحدثين,https://shamela.ws/book/7452
10,علوم الحديث,9983,منهاج المحدثين في القرن الأول الهجري وحتى عصرنا الحاضر,https://shamela.ws/book/9983
10,علوم الحديث,7627,الرد على مزاعم المستشرقين جولد تسهير ويوسف شاخت ومن أيدهما من المستغربين,https://shamela.ws/book/7627
10,علوم الحديث,7537,السنة النبوية ومكانتها - نور قاروت,https://shamela.ws/book/7537
10,علوم الحديث,7538,السنة النبوية ومكانتها - با جمعان,https://shamela.ws/book/7538
10,علوم الحديث,7587,السنة النبوية ومكانتها - رقية نياز,https://shamela.ws/book/7587
10,علوم الحديث,7598,السنة النبوية وحي - أبو لبابة بن الطاهر حسين,https://shamela.ws/book/7598
10,علوم الحديث,7599,السنة النبوية وحي - آيت سعيد,https://shamela.ws/book/7599
10,علوم الحديث,7600,السنة النبوية وحي - شيخة بنت مفرج,https://shamela.ws/book/7600
10,علوم الحديث,8572,الموسوعة الحديثية الشاملة بين الواقع والمأمول,https://shamela.ws/book/8572
10,علوم الحديث,11080,تجربتي مع الإعجاز العلمي في السنة النبوية,https://shamela.ws/book/11080
10,علوم الحديث,11090,تدوين السنة النبوية في القرنين الثاني والثالث للهجرة,https://shamela.ws/book/11090
10,علوم الحديث,11102,تقويم الأعمال التي تناولت الإعجاز العلمي والطبي في السنة النبوية,https://shamela.ws/book/11102
10,علوم الحديث,8574,الموسوعة الحديثية بين الواقع والمأمول,https://shamela.ws/book/8574
10,علوم الحديث,10050,تحقيق القول بالعمل بالحديث الضعيف,https://shamela.ws/book/10050
10,علوم الحديث,8909,المدبج ورواية الأقران,https://shamela.ws/book/8909
10,علوم الحديث,8801,التاريخ عند ابن أبي شيبة,https://shamela.ws/book/8801
10,علوم الحديث,10057,تدوين السنة ومنزلتها,https://shamela.ws/book/10057
10,علوم الحديث,4895,علم الجرح والتعديل,https://shamela.ws/book/4895
10,علوم الحديث,26583,السنة في مواجهة الأباطيل,https://shamela.ws/book/26583
10,علوم الحديث,8875,القول الفصل في العمل بالحديث المرسل,https://shamela.ws/book/8875
10,علوم الحديث,8710,الآثار السيئة للوضع في الحديث,https://shamela.ws/book/8710
10,علوم الحديث,4067,طرق التخريج بحسب الراوي الأعلى,https://shamela.ws/book/4067
10,علوم الحديث,4776,موارد الإمام البيهقي في كتابه السنن الكبرى,https://shamela.ws/book/4776
10,علوم الحديث,132517,النبذة العثيمينية في مصطلح الحديث,https://shamela.ws/book/132517
10,علوم الحديث,1231,المدخل إلي جامع الترمذي,https://shamela.ws/book/1231
10,علوم الحديث,37606,دورة تدريبية في مصطلح الحديث,https://shamela.ws/book/37606
10,علوم الحديث,37066,شرح كتاب الباعث الحثيث,https://shamela.ws/book/37066
10,علوم الحديث,36576,شرح البيقونية - أسامة سليمان,https://shamela.ws/book/36576
10,علوم الحديث,37667,شرح البيقونية - محمد حسن عبد الغفار,https://shamela.ws/book/37667
10,علوم الحديث,37690,شرح كتاب التدليس في الحديث للدميني - محمد حسن عبد الغفار,https://shamela.ws/book/37690
10,علوم الحديث,37698,شرح كتاب نقد متون السنة للدميني - محمد حسن عبد الغفار,https://shamela.ws/book/37698
10,علوم الحديث,1338,نظرة المستشرقين للسنة النبوية المطهرة (شبهات وردود),https://shamela.ws/book/1338
10,علوم الحديث,117134,الأباب في ضبط اسم الكتاب,https://shamela.ws/book/117134
10,علوم الحديث,96329,الألفاظ المصرحة بلفظ النكارة وصلتها بـ «منكر الحديث»,https://shamela.ws/book/96329
10,علوم الحديث,117135,التصنيف في مصطلح الحديث بين مدرستي الحديث والفقه,https://shamela.ws/book/117135
10,علوم الحديث,14241,الدراية في بيان ضوابط نقد الرواية عند الصحابة,https://shamela.ws/book/14241
10,علوم الحديث,36147,الشاذ والمنكر وزيادة الثقة - موازنة بين المتقدمين والمتأخرين,https://shamela.ws/book/36147
10,علوم الحديث,96333,الميسر في علم تخريج الحديث النبوي,https://shamela.ws/book/96333
10,علوم الحديث,36051,الوجيز النفيس في معرفة التدليس,https://shamela.ws/book/36051
10,علوم الحديث,95586,من قال فيه البخاري «فيه نظر»,https://shamela.ws/book/95586
10,علوم الحديث,36149,بيان أخطاء المعجم المفهرس لألفاظ الحديث النبوي,https://shamela.ws/book/36149
10,علوم الحديث,95991,الدفاع عن السنة - جامعة المدينة (بكالوريوس),https://shamela.ws/book/95991
10,علوم الحديث,95992,الدفاع عن السنة - جامعة المدينة (ماجستير),https://shamela.ws/book/95992
10,علوم الحديث,37635,علم فهرسة الحديث,https://shamela.ws/book/37635
10,علوم الحديث,37592,موقف الجمهوريين من السنة النبوية,https://shamela.ws/book/37592
10,علوم الحديث,95663,دروس في شرح البيقونية - سعد الحميد,https://shamela.ws/book/95663
10,علوم الحديث,96176,التدوين المبكر للسنة بين الدكتور صبحي الصالح والمستشرقين,https://shamela.ws/book/96176
10,علوم الحديث,145429,مصطلحات أئمة الحديث الخاصة ويليه القرائن الموصلة إلى فهم مقاصدهم في الجرح والتعديل,https://shamela.ws/book/145429
10,علوم الحديث,13554,رواية صحيح مسلم من طريق ابن ماهان مقارنة برواية ابن سفيان,https://shamela.ws/book/13554
10,علوم الحديث,36115,أثر تاريخ النص الحديثي في توجيه المعاني,https://shamela.ws/book/36115
10,علوم الحديث,18111,شرح المنظومة البيقونية ليوسف جودة,https://shamela.ws/book/18111
10,علوم الحديث,17069,المحنة وأثرها في منهج الإمام أحمد النقدي,https://shamela.ws/book/17069
10,علوم الحديث,17062,روايات الجامع الصحيح ونسخه «دراسة نظرية تطبيقية»,https://shamela.ws/book/17062
10,علوم الحديث,132393,بلاغات ابن شهاب الزهري وإدراجاته في الكتب الستة,https://shamela.ws/book/132393
10,علوم الحديث,142182,المصطلحات الحديثية بين الاتفاق والافتراق,https://shamela.ws/book/142182
10,علوم الحديث,108,منتقى الألفاظ بتقريب علوم الحديث للحفاظ,https://shamela.ws/book/108
10,علوم الحديث,104,المدخل إلى صحيح البخاري,https://shamela.ws/book/104
10,علوم الحديث,276,الحافظ ابن الجارود وكتابه المنتقى,https://shamela.ws/book/276
10,علوم الحديث,241,فوائد المستخرجات من خلال مسند أبي عوانة,https://shamela.ws/book/241
10,علوم الحديث,270,إدامة النظر في تحرير نخبة الفكر,https://shamela.ws/book/270
10,علوم الحديث,686,الحافظ العراقي وكتابه تكملة شرح الترمذي - مجلة الهند,https://shamela.ws/book/686
11,أصول الفقه,8180,الرسالة للشافعي,https://shamela.ws/book/8180
11,أصول الفقه,3197,جماع العلم,https://shamela.ws/book/3197
11,أصول الفقه,16663,الجامع لعلوم الإمام أحمد - أصول الفقه,https://shamela.ws/book/16663
11,أصول الفقه,6302,أصول الشاشي,https://shamela.ws/book/6302
11,أصول الفقه,676,الفصول في الأصول,https://shamela.ws/book/676
11,أصول الفقه,715,المقدمة في الأصول - ابن القصار - ت السليماني,https://shamela.ws/book/715
11,أصول الفقه,578,المقدمة في الأصول - ابن القصار - ط العلمية,https://shamela.ws/book/578
11,أصول الفقه,17883,التقريب والإرشاد (الصغير),https://shamela.ws/book/17883
11,أصول الفقه,16544,تهذيب الأجوبة ط عالم الكتب,https://shamela.ws/book/16544
11,أصول الفقه,147668,رسالة العكبري في أصول الفقه ت السبيعي,https://shamela.ws/book/147668
11,أصول الفقه,6311,رسالة في أصول الفقه,https://shamela.ws/book/6311
11,أصول الفقه,13782,تقويم الأدلة في أصول الفقه,https://shamela.ws/book/13782
11,أصول الفقه,6319,المعتمد في أصول الفقه,https://shamela.ws/book/6319
11,أصول الفقه,10432,الإحكام في أصول الأحكام - ابن حزم,https://shamela.ws/book/10432
11,أصول الفقه,33,الإعراب عن الحيرة والالتباس الموجودين في مذاهب أهل الرأي والقياس,https://shamela.ws/book/33
11,أصول الفقه,6321,النبذة الكافية في أحكام أصول الدين,https://shamela.ws/book/6321
11,أصول الفقه,13080,الروايتين والوجهين - المسائل الأصولية منه,https://shamela.ws/book/13080
11,أصول الفقه,22793,العدة في أصول الفقه,https://shamela.ws/book/22793
11,أصول الفقه,6353,الاحتجاج بالشافعي,https://shamela.ws/book/6353
11,أصول الفقه,13048,الفقيه والمتفقه - الخطيب البغدادي,https://shamela.ws/book/13048
11,أصول الفقه,20983,الإشارة في أصول الفقه - ت فركوس,https://shamela.ws/book/20983
11,أصول الفقه,706,الإشارة في أصول الفقه - ط التونسية,https://shamela.ws/book/706
11,أصول الفقه,17871,الإشارة في أصول الفقه - ط العلمية,https://shamela.ws/book/17871
11,أصول الفقه,17872,الحدود في الأصول,https://shamela.ws/book/17872
11,أصول الفقه,25787,التبصرة في أصول الفقه,https://shamela.ws/book/25787
11,أصول الفقه,8536,اللمع في أصول الفقه للشيرازي,https://shamela.ws/book/8536
11,أصول الفقه,6320,المعونة في الجدل,https://shamela.ws/book/6320
11,أصول الفقه,6352,الاجتهاد,https://shamela.ws/book/6352
11,أصول الفقه,7439,البرهان في أصول الفقه,https://shamela.ws/book/7439
11,أصول الفقه,6323,التلخيص في أصول الفقه,https://shamela.ws/book/6323
11,أصول الفقه,6297,الورقات,https://shamela.ws/book/6297
11,أصول الفقه,6301,أصول السرخسي = تمهيد الفصول في الأصول - ت الأفغاني,https://shamela.ws/book/6301
11,أصول الفقه,12049,قواطع الأدلة في الأصول,https://shamela.ws/book/12049
11,أصول الفقه,30163,التعليقة في أصول الفقه للكيا - قطعة منه,https://shamela.ws/book/30163
11,أصول الفقه,5459,المستصفى,https://shamela.ws/book/5459
11,أصول الفقه,3960,المنخول من تعليقات الأصول,https://shamela.ws/book/3960
11,أصول الفقه,17827,شفاء الغليل في بيان الشبه والمخيل ومسالك التعليل,https://shamela.ws/book/17827
11,أصول الفقه,14103,التمهيد في أصول الفقه,https://shamela.ws/book/14103
11,أصول الفقه,122232,الواضح في أصول الفقه,https://shamela.ws/book/122232
11,أصول الفقه,6350,الإنصاف في التنبيه على الأسباب التي أوجبت الاختلاف بين المسلمين,https://shamela.ws/book/6350
11,أصول الفقه,16974,إيضاح المحصول من برهان الأصول,https://shamela.ws/book/16974
11,أصول الفقه,19237,ميزان الأصول في نتائج العقول,https://shamela.ws/book/19237
11,أصول الفقه,6281,المحصول لابن العربي,https://shamela.ws/book/6281
11,أصول الفقه,133362,بذل النظر في الأصول,https://shamela.ws/book/133362
11,أصول الفقه,6337,تقويم النظر في مسائل خلافية ذائعة,https://shamela.ws/book/6337
11,أصول الفقه,1703,الضروري في أصول الفقه = مختصر المستصفى,https://shamela.ws/book/1703
11,أصول الفقه,26894,تعظيم الفتيا - ابن الجوزي,https://shamela.ws/book/26894
11,أصول الفقه,2022,المحصول للرازي,https://shamela.ws/book/2022
11,أصول الفقه,30200,النكت على كتاب البرهان,https://shamela.ws/book/30200
11,أصول الفقه,18562,الفروق للسامري جـ 1 ط الصميعي,https://shamela.ws/book/18562
11,أصول الفقه,13791,التحقيق والبيان في شرح البرهان في أصول الفقه,https://shamela.ws/book/13791
11,أصول الفقه,12010,روضة الناظر وجنة المناظر - ت شعبان,https://shamela.ws/book/12010
11,أصول الفقه,10801,الإحكام في أصول الأحكام - الآمدي,https://shamela.ws/book/10801
11,أصول الفقه,10720,أدب المفتي والمستفتي,https://shamela.ws/book/10720
11,أصول الفقه,145168,شرح المعالم في أصول الفقه,https://shamela.ws/book/145168
11,أصول الفقه,11814,المسودة في أصول الفقه,https://shamela.ws/book/11814
11,أصول الفقه,6349,إيثار الإنصاف في آثار الخلاف,https://shamela.ws/book/6349
11,أصول الفقه,30172,غرر المحصول فى علم الأصول,https://shamela.ws/book/30172
11,أصول الفقه,6278,الإمام في بيان أدلة الأحكام,https://shamela.ws/book/6278
11,أصول الفقه,6291,الفوائد في اختصار المقاصد,https://shamela.ws/book/6291
11,أصول الفقه,14447,خطبة الكتاب المؤمل للرد إلى الأمر الأول,https://shamela.ws/book/14447
11,أصول الفقه,6299,مختصر المؤمل في الرد إلى الأمر الأول,https://shamela.ws/book/6299
11,أصول الفقه,6345,آداب الفتوى والمفتي والمستفتي,https://shamela.ws/book/6345
11,أصول الفقه,6285,الأصول والضوابط,https://shamela.ws/book/6285
11,أصول الفقه,19235,التحصيل من المحصول,https://shamela.ws/book/19235
11,أصول الفقه,30164,الكفيل بالوصول إلى ثمرات الأصول,https://shamela.ws/book/30164
11,أصول الفقه,14218,الإحكام في تمييز الفتاوى عن الأحكام وتصرفات القاضي والإمام,https://shamela.ws/book/14218
11,أصول الفقه,20860,العقد المنظوم في الخصوص والعموم,https://shamela.ws/book/20860
11,أصول الفقه,30170,تنقيح الفصول في علم الأصول,https://shamela.ws/book/30170
11,أصول الفقه,9879,جزء من شرح تنقيح الفصول في علم الأصول - رسالة ماجستير,https://shamela.ws/book/9879
11,أصول الفقه,21813,شرح تنقيح الفصول,https://shamela.ws/book/21813
11,أصول الفقه,14280,نفائس الأصول في شرح المحصول,https://shamela.ws/book/14280
11,أصول الفقه,18570,بديع النظام الجامع بين كتاب البزدوي والإحكام = نهاية الوصول إلى علم الأصول,https://shamela.ws/book/18570
11,أصول الفقه,679,تحقيق صفة الفتوى,https://shamela.ws/book/679
11,أصول الفقه,6356,صفة الفتوى,https://shamela.ws/book/6356
11,أصول الفقه,20583,ترتيب الفروق واختصارها,https://shamela.ws/book/20583
11,أصول الفقه,16526,الكافي شرح أصول البزدوي,https://shamela.ws/book/16526
11,أصول الفقه,18281,الفائق في أصول الفقه,https://shamela.ws/book/18281
11,أصول الفقه,16562,نهاية الوصول في دراية الأصول,https://shamela.ws/book/16562
11,أصول الفقه,148531,درء القول القبيح بالتحسين والتقبيح,https://shamela.ws/book/148531
11,أصول الفقه,10781,شرح مختصر الروضة,https://shamela.ws/book/10781
11,أصول الفقه,4118,رفع الملام عن الأئمة الأعلام,https://shamela.ws/book/4118
11,أصول الفقه,9062,كشف الأسرار عن أصول فخر الإسلام البزدوي,https://shamela.ws/book/9062
11,أصول الفقه,19,قواعد الأصول ومعاقد الفصول,https://shamela.ws/book/19
11,أصول الفقه,17874,تقريب الوصول إلي علم الأصول,https://shamela.ws/book/17874
11,أصول الفقه,6534,إيضاح الدلائل في الفرق بين المسائل,https://shamela.ws/book/6534
11,أصول الفقه,8156,بيان المختصر شرح مختصر ابن الحاجب,https://shamela.ws/book/8156
11,أصول الفقه,29911,أعلام الموقعين عن رب العالمين - ط عطاءات العلم,https://shamela.ws/book/29911
11,أصول الفقه,17798,إعلام الموقعين عن رب العالمين - ت مشهور,https://shamela.ws/book/17798
11,أصول الفقه,11496,إعلام الموقعين عن رب العالمين - ط العلمية,https://shamela.ws/book/11496
11,أصول الفقه,133411,شرح العضد على مختصر المنتهى الأصولي ومعه حاشية السعد والجرجاني,https://shamela.ws/book/133411
11,أصول الفقه,6347,إجمال الإصابة في أقوال الصحابة,https://shamela.ws/book/6347
11,أصول الفقه,6355,تحقيق المراد في أن النهي يقتضي الفساد,https://shamela.ws/book/6355
11,أصول الفقه,122256,أصول الفقه - ابن مفلح,https://shamela.ws/book/122256
11,أصول الفقه,11727,الإبهاج في شرح المنهاج - ط العلمية,https://shamela.ws/book/11727
11,أصول الفقه,147104,الإبهاج في شرح المنهاج - ط دبي,https://shamela.ws/book/147104
11,أصول الفقه,6338,رفع الحاجب عن مختصر ابن الحاجب,https://shamela.ws/book/6338
11,أصول الفقه,147914,مثارات الغلط في الأدلة,https://shamela.ws/book/147914
11,أصول الفقه,147913,مفتاح الوصول إلى بناء الفروع على الأصول,https://shamela.ws/book/147913
11,أصول الفقه,6289,التمهيد في تخريج الفروع على الأصول,https://shamela.ws/book/6289
11,أصول الفقه,147671,مطالع الدقائق في تحرير الجوامع والفوارق,https://shamela.ws/book/147671
11,أصول الفقه,7332,نهاية السول شرح منهاج الوصول,https://shamela.ws/book/7332
11,أصول الفقه,32193,تحفة المسؤول في شرح مختصر منتهى السول,https://shamela.ws/book/32193
11,أصول الفقه,17881,الردود والنقود شرح مختصر ابن الحاجب,https://shamela.ws/book/17881
11,أصول الفقه,11435,الموافقات,https://shamela.ws/book/11435
11,أصول الفقه,9508,التلويح على التوضيح لمتن التنقيح,https://shamela.ws/book/9508
11,أصول الفقه,21593,البحر المحيط في أصول الفقه - ط الكتبي,https://shamela.ws/book/21593
11,أصول الفقه,122142,تشنيف المسامع بجمع الجوامع,https://shamela.ws/book/122142
11,أصول الفقه,150599,سلاسل الذهب,https://shamela.ws/book/150599
11,أصول الفقه,151134,الرد على من اتبع غير المذاهب الأربعة,https://shamela.ws/book/151134
11,أصول الفقه,6308,المختصر في أصول الفقه - ت مظهربقا,https://shamela.ws/book/6308
11,أصول الفقه,30162,المختصر في أصول الفقه - ط أسفار,https://shamela.ws/book/30162
11,أصول الفقه,14252,الغيث الهامع شرح جمع الجوامع,https://shamela.ws/book/14252
11,أصول الفقه,32476,الفوائد السنية في شرح الألفية,https://shamela.ws/book/32476
11,أصول الفقه,98083,فصول البدائع في أصول الشرائع,https://shamela.ws/book/98083
11,أصول الفقه,21547,شرح الورقات في أصول الفقه - المحلي,https://shamela.ws/book/21547
11,أصول الفقه,5990,الأنجم الزاهرات على حل ألفاظ الورقات,https://shamela.ws/book/5990
11,أصول الفقه,18274,تيسير الوصول إلى منهاج الأصول,https://shamela.ws/book/18274
11,أصول الفقه,21605,التقرير والتحبير على كتاب التحرير,https://shamela.ws/book/21605
11,أصول الفقه,124365,خلاصة الأفكار شرح مختصر المنار,https://shamela.ws/book/124365
11,أصول الفقه,127717,شرح مختصر أصول الفقه للجراعي,https://shamela.ws/book/127717
11,أصول الفقه,6336,التحبير شرح التحرير,https://shamela.ws/book/6336
11,أصول الفقه,16983,تحرير المنقول وتهذيب علم الأصول,https://shamela.ws/book/16983
11,أصول الفقه,132415,الدرر اللوامع في شرح جمع الجوامع,https://shamela.ws/book/132415
11,أصول الفقه,14313,رفع النقاب عن تنقيح الشهاب,https://shamela.ws/book/14313
11,أصول الفقه,124754,غاية السول إلى علم الأصول,https://shamela.ws/book/124754
11,أصول الفقه,716,قواعد أصول الفقه التي يعلم منها حاله = مجمع الأصول,https://shamela.ws/book/716
11,أصول الفقه,6344,تقرير الاستناد في تفسير الاجتهاد,https://shamela.ws/book/6344
11,أصول الفقه,9112,غاية الوصول في شرح لب الأصول,https://shamela.ws/book/9112
11,أصول الفقه,35182,الكافل بنيل السول في علم الأصول,https://shamela.ws/book/35182
11,أصول الفقه,12019,شرح الكوكب المنير = شرح مختصر التحرير,https://shamela.ws/book/12019
11,أصول الفقه,6327,تيسير التحرير شرح كتاب التحرير في أصول الفقه,https://shamela.ws/book/6327
11,أصول الفقه,10016,العقد التليد في اختصار الدر النضيد = المعيد في أدب المفيد والمستفيد,https://shamela.ws/book/10016
11,أصول الفقه,6354,القول السديد في بعض مسائل الاجتهاد والتقليد,https://shamela.ws/book/6354
11,أصول الفقه,177,مفتاح الوصول إلى علم الأصول في شرح خلاصة الأصول,https://shamela.ws/book/177
11,أصول الفقه,422,الإنصاف في بيان أسباب الاختلاف للدهلوي,https://shamela.ws/book/422
11,أصول الفقه,6357,عقد الجيد في أحكام الاجتهاد والتقليد,https://shamela.ws/book/6357
11,أصول الفقه,6315,أصول الفقه إجابة السائل شرح بغية الآمل,https://shamela.ws/book/6315
11,أصول الفقه,6348,إرشاد النقاد إلى تيسير الاجتهاد,https://shamela.ws/book/6348
11,أصول الفقه,250,الذخر الحرير بشرح مختصر التحرير,https://shamela.ws/book/250
11,أصول الفقه,11369,مبحث الاجتهاد والخلاف (مطبوع ضمن مؤلفات الشيخ محمد بن عبد الوهاب، الجزء الثالث),https://shamela.ws/book/11369
11,أصول الفقه,6856,إيقاظ همم أولي الأبصار للاقتداء بسيد المهاجرين والأنصار,https://shamela.ws/book/6856
11,أصول الفقه,17,حكم التقليد,https://shamela.ws/book/17
11,أصول الفقه,17091,ثمر الثمام شرح «غاية الإحكام في آداب الفهم والإفهام»,https://shamela.ws/book/17091
11,أصول الفقه,20892,نشر البنود على مراقي السعود,https://shamela.ws/book/20892
11,أصول الفقه,11437,إرشاد الفحول إلى تحقيق الحق من علم الأصول,https://shamela.ws/book/11437
11,أصول الفقه,6359,القول المفيد في أدلة الاجتهاد والتقليد,https://shamela.ws/book/6359
11,أصول الفقه,21608,حاشية العطار على شرح الجلال المحلي على جمع الجوامع,https://shamela.ws/book/21608
11,أصول الفقه,6309,المدخل إلى مذهب الإمام أحمد لابن بدران,https://shamela.ws/book/6309
11,أصول الفقه,1469,الأصل الجامع لإيضاح الدرر المنظومة في سلك جمع الجوامع,https://shamela.ws/book/1469
11,أصول الفقه,96605,نظرة تاريخية في حدوث المذاهب الفقهية الأربعة,https://shamela.ws/book/96605
11,أصول الفقه,9109,مبادئ الأصول,https://shamela.ws/book/9109
11,أصول الفقه,10767,علم أصول الفقه ط مكتبة الدعوة,https://shamela.ws/book/10767
11,أصول الفقه,12380,علم أصول الفقه وخلاصة تاريخ التشريع ط المدني,https://shamela.ws/book/12380
11,أصول الفقه,9527,رسالة لطيفة جامعة في أصول الفقه المهمة,https://shamela.ws/book/9527
11,أصول الفقه,12867,مقام الرشاد بين التقليد والاجتهاد,https://shamela.ws/book/12867
11,أصول الفقه,10013,الفكر السامي في تاريخ الفقه الإسلامي,https://shamela.ws/book/10013
11,أصول الفقه,485,إرشاد العامه إلى معرفة الكذب وأحكامه - ضمن «آثار المعلمي»,https://shamela.ws/book/485
11,أصول الفقه,531,الفوائد الأصولية - ضمن «آثار المعلمي»,https://shamela.ws/book/531
11,أصول الفقه,486,رسالة في أصول الفقه - ضمن «آثار المعلمي»,https://shamela.ws/book/486
11,أصول الفقه,506,رسالة في التعصب المذهبي - ضمن «آثار المعلمي»,https://shamela.ws/book/506
11,أصول الفقه,150938,حاشية التوضيح والتصحيح لمشكلات كتاب التنقيح,https://shamela.ws/book/150938
11,أصول الفقه,17094,مقاصد الشريعة الإسلامية,https://shamela.ws/book/17094
11,أصول الفقه,20769,المصالح المرسلة - ضمن «محاضرات الشنقيطي»,https://shamela.ws/book/20769
11,أصول الفقه,8937,المصالح المرسلة - ط الجامعة الإسلامية,https://shamela.ws/book/8937
11,أصول الفقه,282,مذكرة أصول الفقه على روضة الناظر- ط عطاءات العلم,https://shamela.ws/book/282
11,أصول الفقه,9885,مذكرة أصول الفقه على روضة الناظر- ط مكتبة العلوم والحكم,https://shamela.ws/book/9885
11,أصول الفقه,5165,منهج التشريع الإسلامي وحكمته - ط الجامعة الإسلامية,https://shamela.ws/book/5165
11,أصول الفقه,283,نثر الورود شرح مراقي السعود,https://shamela.ws/book/283
11,أصول الفقه,30889,وجوب العمل بسنة الرسول صلى الله عليه وسلم وكفر من أنكرها,https://shamela.ws/book/30889
11,أصول الفقه,9995,تاريخ التشريع الإسلامي,https://shamela.ws/book/9995
11,أصول الفقه,5000,محاسن الشريعة ومساويء القوانين الوضعية,https://shamela.ws/book/5000
11,أصول الفقه,9942,الأصول من علم الأصول,https://shamela.ws/book/9942
11,أصول الفقه,7613,الخلاف بين العلماء,https://shamela.ws/book/7613
11,أصول الفقه,17441,ضرورة الاهتمام بالسنن النبوية,https://shamela.ws/book/17441
11,أصول الفقه,23611,المدخل المفصل إلى فقه الإمام أحمد وتخريجات الأصحاب,https://shamela.ws/book/23611
11,أصول الفقه,31471,أفعال الرسول صلى الله عليه وسلم ودلالتها على الأحكام الشرعية,https://shamela.ws/book/31471
11,أصول الفقه,9925,السنة والتشريع - موسى شاهين لاشين,https://shamela.ws/book/9925
11,أصول الفقه,8938,المصلحة المرسلة محاولة لبسطها ونظرة فيها,https://shamela.ws/book/8938
11,أصول الفقه,29884,الجامع لمسائل أصول الفقه وتطبيقاتها على المذهب الراجح,https://shamela.ws/book/29884
11,أصول الفقه,21529,المهذب في علم أصول الفقه المقارن,https://shamela.ws/book/21529
11,أصول الفقه,1546,تفسير النصوص في الفقه الإسلامي,https://shamela.ws/book/1546
11,أصول الفقه,122392,الاتجاهات الفقهية عند أصحاب الحديث في القرن الثالث الهجري,https://shamela.ws/book/122392
11,أصول الفقه,4811,سبع مسائل في علم الخلاف,https://shamela.ws/book/4811
11,أصول الفقه,8771,الإمام أبو العباس ابن سريج المتوفي سنة 306 هـ وآراؤه الأصولية,https://shamela.ws/book/8771
11,أصول الفقه,7692,البدعة وأثرها في محنة المسلمين,https://shamela.ws/book/7692
11,أصول الفقه,20875,الجامع لعلوم الإمام أحمد - المقدمات,https://shamela.ws/book/20875
11,أصول الفقه,837,شرح «نيل المنى» في نظم «الموافقات للشاطبي»,https://shamela.ws/book/837
11,أصول الفقه,1749,حجية القياس والرد علي المخالفين,https://shamela.ws/book/1749
11,أصول الفقه,2771,المدخل إلى دراسة المذاهب الفقهية,https://shamela.ws/book/2771
11,أصول الفقه,21566,المصطلح الأصولي ومشكلة المفاهيم,https://shamela.ws/book/21566
11,أصول الفقه,1572,شرح رسالة لطيفة جامعة في أصول الفقه المهمة,https://shamela.ws/book/1572
11,أصول الفقه,1916,الفقه والشريعة,https://shamela.ws/book/1916
11,أصول الفقه,2073,مذكرة أصول الفقه - الجامعة الإسلامية,https://shamela.ws/book/2073
11,أصول الفقه,1921,مقاصد الشريعة الإسلامية,https://shamela.ws/book/1921
11,أصول الفقه,12085,من أصول الفقه على منهج أهل الحديث,https://shamela.ws/book/12085
11,أصول الفقه,7689,شرح الورقات في أصول الفقه - الددو,https://shamela.ws/book/7689
11,أصول الفقه,17081,سنة الترك ودلالتها على الأحكام الشرعية,https://shamela.ws/book/17081
11,أصول الفقه,7372,معالم أصول الفقه عند أهل السنة والجماعة,https://shamela.ws/book/7372
11,أصول الفقه,12878,شرح الورقات - عبد الكريم الخضير,https://shamela.ws/book/12878
11,أصول الفقه,96850,البدعة الشرعية,https://shamela.ws/book/96850
11,أصول الفقه,37591,التمهيد - شرح مختصر الأصول من علم الأصول,https://shamela.ws/book/37591
11,أصول الفقه,2554,الشرح الكبير لمختصر الأصول,https://shamela.ws/book/2554
11,أصول الفقه,2048,المعتصر من شرح مختصر الأصول من علم الأصول,https://shamela.ws/book/2048
11,أصول الفقه,3270,شرح المعتمد في أصول الفقه,https://shamela.ws/book/3270
11,أصول الفقه,21538,تلخيص الأصول,https://shamela.ws/book/21538
11,أصول الفقه,17118,الوجيز في أصول الفقه الإسلامي,https://shamela.ws/book/17118
11,أصول الفقه,30082,المختصر في أصول الفقه,https://shamela.ws/book/30082
11,أصول الفقه,30090,جامع المسائل والقواعد في علم الأصول والمقاصد,https://shamela.ws/book/30090
11,أصول الفقه,1107,القول بما لم يسبق به قول,https://shamela.ws/book/1107
11,أصول الفقه,7310,علم المقاصد الشرعية,https://shamela.ws/book/7310
11,أصول الفقه,9573,الوصف المناسب لشرع الحكم,https://shamela.ws/book/9573
11,أصول الفقه,11172,خبر الواحد وحجيته,https://shamela.ws/book/11172
11,أصول الفقه,353,أثر تعليل النص على دلالته,https://shamela.ws/book/353
11,أصول الفقه,1106,العوامل المؤثرة في نوط الحكم بالمظنة أو بالحكمة,https://shamela.ws/book/1106
11,أصول الفقه,8556,المطلق والمقيد,https://shamela.ws/book/8556
11,أصول الفقه,8973,النقص من النص حقيقته وحكمه وأثر ذلك في الاحتجاج بالسنة الآحادية,https://shamela.ws/book/8973
11,أصول الفقه,8343,نظرية المقاصد عند الإمام الشاطبي,https://shamela.ws/book/8343
11,أصول الفقه,22396,تيسير علم أصول الفقه,https://shamela.ws/book/22396
11,أصول الفقه,8523,القطعية من الأدلة الأربعة,https://shamela.ws/book/8523
11,أصول الفقه,10353,الحيل,https://shamela.ws/book/10353
11,أصول الفقه,3552,مباحث الأمر التي انتقدها شيخ الإسلام ابن تيمية في مجموع الفتاوى,https://shamela.ws/book/3552
11,أصول الفقه,3898,رعاية المصلحة والحكمة في تشريع نبي الرحمة (صلى الله عليه وسلم),https://shamela.ws/book/3898
11,أصول الفقه,10208,دراسات في أصول الفقه,https://shamela.ws/book/10208
11,أصول الفقه,8711,الإجماع في الشريعة الإسلامية,https://shamela.ws/book/8711
11,أصول الفقه,10295,التشريع الإسلامي صالح للتطبيق في كل زمان ومكان,https://shamela.ws/book/10295
11,أصول الفقه,36379,أصول الفقه الذي لا يسع الفقيه جهله,https://shamela.ws/book/36379
11,أصول الفقه,132516,المقدمة العثيمينية في أصول الفقه,https://shamela.ws/book/132516
11,أصول الفقه,36103,شرح قواعد الأصول ومعاقد الفصول,https://shamela.ws/book/36103
11,أصول الفقه,36577,أصول الفقه - أسامة سليمان,https://shamela.ws/book/36577
11,أصول الفقه,37778,شرح رسالة رفع الملام عن الأئمة الأعلام,https://shamela.ws/book/37778
11,أصول الفقه,37693,تيسير أصول الفقه للمبتدئين,https://shamela.ws/book/37693
11,أصول الفقه,35356,منهج الإمام تاج الدين السبكي في أصول الفقه,https://shamela.ws/book/35356
11,أصول الفقه,1356,المعتقد وأثره على مسائل أصول الفقه,https://shamela.ws/book/1356
11,أصول الفقه,1354,دراسات أصولية تطبيقية على آيات الأحكام,https://shamela.ws/book/1354
11,أصول الفقه,1355,فتح الجليل في التعليق على كتاب الإكليل,https://shamela.ws/book/1355
11,أصول الفقه,1359,فتح العلام في بيان مآخذ الأحكام,https://shamela.ws/book/1359
11,أصول الفقه,37973,دراسات أصولية في القرآن الكريم,https://shamela.ws/book/37973
11,أصول الفقه,95661,جواهر الدرر في نظم مبادئ أصول ابن باديس الأبر,https://shamela.ws/book/95661
11,أصول الفقه,96269,دلالة الاقتران ووجه الاحتجاج بها عند الأصوليين,https://shamela.ws/book/96269
11,أصول الفقه,96298,المجامع الفقهية وأثرها في الاجتهاد المعاصر,https://shamela.ws/book/96298
11,أصول الفقه,14221,التروك النبوية - تأصيلا وتطبيقا,https://shamela.ws/book/14221
11,أصول الفقه,16884,طرق الكشف عن مقاصد الشارع,https://shamela.ws/book/16884
11,أصول الفقه,17821,الثبات والشمول في الشريعة الإسلامية,https://shamela.ws/book/17821
11,أصول الفقه,37630,الاجتهاد في مناط الحكم الشرعي دراسة تأصيلية تطبيقية,https://shamela.ws/book/37630
11,أصول الفقه,156,التحقيقات على شرح الجلال للورقات,https://shamela.ws/book/156
11,أصول الفقه,133372,الاستدراك الأصولي دراسة تأصيلية تطبيقية,https://shamela.ws/book/133372
11,أصول الفقه,66,التمذهب – دراسة نظرية نقدية,https://shamela.ws/book/66
11,أصول الفقه,267,الإقناع في حجية الإجماع,https://shamela.ws/book/267
11,أصول الفقه,271,الانتصار في حجية قول الصحابة الأخيار,https://shamela.ws/book/271
11,أصول الفقه,274,المحصول في شرح صفوة الأصول,https://shamela.ws/book/274
11,أصول الفقه,939,فتح الباقي على منظومة المراقي,https://shamela.ws/book/939
11,أصول الفقه,198,إصلاح الفقيه فصول في الإصلاح الفقهي,https://shamela.ws/book/198
12,علوم الفقه والقواعد الفقهية,14176,الجمع والفرق = الفروق,https://shamela.ws/book/14176
12,علوم الفقه والقواعد الفقهية,20763,الفروق الفقهية للدمشقي - ط الحكمة,https://shamela.ws/book/20763
12,علوم الفقه والقواعد الفقهية,8182,الفروق للكرابيسي,https://shamela.ws/book/8182
12,علوم الفقه والقواعد الفقهية,6298,تخريج الفروع على الأصول,https://shamela.ws/book/6298
12,علوم الفقه والقواعد الفقهية,8608,قواعد الأحكام في مصالح الأنام,https://shamela.ws/book/8608
12,علوم الفقه والقواعد الفقهية,2215,الفروق للقرافي = أنوار البروق في أنواء الفروق,https://shamela.ws/book/2215
12,علوم الفقه والقواعد الفقهية,21729,القواعد النورانية,https://shamela.ws/book/21729
12,علوم الفقه والقواعد الفقهية,8634,الأشباه والنظائر - السبكي,https://shamela.ws/book/8634
12,علوم الفقه والقواعد الفقهية,6280,الكوكب الدري فيما يتخرج على الأصول النحوية من الفروع الفقهية,https://shamela.ws/book/6280
12,علوم الفقه والقواعد الفقهية,21592,المنثور في القواعد الفقهية,https://shamela.ws/book/21592
12,علوم الفقه والقواعد الفقهية,10910,القاعدة الذهبية لا ضرر ولا ضرار,https://shamela.ws/book/10910
12,علوم الفقه والقواعد الفقهية,17894,قواعد ابن رجب - ت مشهور,https://shamela.ws/book/17894
12,علوم الفقه والقواعد الفقهية,21730,قواعد ابن رجب - ط الخانجي,https://shamela.ws/book/21730
12,علوم الفقه والقواعد الفقهية,30,قواعد ابن رجب - ط ركائز,https://shamela.ws/book/30
12,علوم الفقه والقواعد الفقهية,8526,القواعد والفوائد الأصولية وما يتبعها من الأحكام الفرعية,https://shamela.ws/book/8526
12,علوم الفقه والقواعد الفقهية,18192,الأشباه والنظائر لابن الملقن ت الأزهري,https://shamela.ws/book/18192
12,علوم الفقه والقواعد الفقهية,17811,الفوائد الجسام على قواعد ابن عبد السلام,https://shamela.ws/book/17811
12,علوم الفقه والقواعد الفقهية,127669,القواعد للحصني,https://shamela.ws/book/127669
12,علوم الفقه والقواعد الفقهية,5356,زينة العرائس من الطرف والنفائس في تخريج الفروع الفقهية على القواعد النحوية,https://shamela.ws/book/5356
12,علوم الفقه والقواعد الفقهية,21719,الأشباه والنظائر - السيوطي,https://shamela.ws/book/21719
12,علوم الفقه والقواعد الفقهية,133360,إيضاح المسالك إلى قواعد الإمام مالك - ت الغرياني,https://shamela.ws/book/133360
12,علوم الفقه والقواعد الفقهية,132374,إيضاح المسالك إلى قواعد الإمام مالك - ت بو طاهر,https://shamela.ws/book/132374
12,علوم الفقه والقواعد الفقهية,20588,عدة البروق في جمع ما في المذهب من الجموع والفروق,https://shamela.ws/book/20588
12,علوم الفقه والقواعد الفقهية,1666,الأشباه والنظائر - ابن نجيم,https://shamela.ws/book/1666
12,علوم الفقه والقواعد الفقهية,21588,غمز عيون البصائر في شرح الأشباه والنظائر,https://shamela.ws/book/21588
12,علوم الفقه والقواعد الفقهية,7499,أربع قواعد تدور الأحكام عليها ويليها نبذة في اتباع النصوص مع احترام العلماء (مطبوع ضمن مؤلفات الشيخ محمد بن عبد الوهاب، الجزء الثالث),https://shamela.ws/book/7499
12,علوم الفقه والقواعد الفقهية,1621,رفع الاشتباه عن عبارة الأشباه - ط إسطنبول,https://shamela.ws/book/1621
12,علوم الفقه والقواعد الفقهية,1606,شرح المنظومة المسماة بعقود رسم المفتي - ط إسطنبول,https://shamela.ws/book/1606
12,علوم الفقه والقواعد الفقهية,1631,نشر العرف في بناء بعض الأحكام على العرف - ط إسطنبول,https://shamela.ws/book/1631
12,علوم الفقه والقواعد الفقهية,8502,مجلة الأحكام العدلية,https://shamela.ws/book/8502
12,علوم الفقه والقواعد الفقهية,21692,درر الحكام في شرح مجلة الأحكام,https://shamela.ws/book/21692
12,علوم الفقه والقواعد الفقهية,6330,شرح القواعد الفقهية,https://shamela.ws/book/6330
12,علوم الفقه والقواعد الفقهية,6284,قواعد الفقه,https://shamela.ws/book/6284
12,علوم الفقه والقواعد الفقهية,917,المدخل إلى دراسة المدارس والمذاهب الفقهية,https://shamela.ws/book/917
12,علوم الفقه والقواعد الفقهية,133350,شرح تحفة أهل الطلب في تجريد أصول قواعد ابن رجب,https://shamela.ws/book/133350
12,علوم الفقه والقواعد الفقهية,14321,التخريج عند الفقهاء والأصوليين,https://shamela.ws/book/14321
12,علوم الفقه والقواعد الفقهية,16876,الفروق الفقهية للباحسين - ط 1,https://shamela.ws/book/16876
12,علوم الفقه والقواعد الفقهية,8379,الوجيز في إيضاح قواعد الفقة الكلية,https://shamela.ws/book/8379
12,علوم الفقه والقواعد الفقهية,14596,موسوعة القواعد الفقهية,https://shamela.ws/book/14596
12,علوم الفقه والقواعد الفقهية,1573,العقد الثمين في شرح منظومة الشيخ ابن عثيمين,https://shamela.ws/book/1573
12,علوم الفقه والقواعد الفقهية,842,تلقيح الأفهام العلية بشرح القواعد الفقهية,https://shamela.ws/book/842
12,علوم الفقه والقواعد الفقهية,18263,القواعد الأصولية والفقهية المتعلقة بالمسلم غير المجتهد,https://shamela.ws/book/18263
12,علوم الفقه والقواعد الفقهية,9846,مجموعة الفوائد البهية على منظومة القواعد الفقهية,https://shamela.ws/book/9846
12,علوم الفقه والقواعد الفقهية,7270,القواعد والضوابط الفقهية المتضمنة للتيسير,https://shamela.ws/book/7270
12,علوم الفقه والقواعد الفقهية,17079,دراسة وتحقيق قاعدة «الأصل في العبادات المنع»,https://shamela.ws/book/17079
12,علوم الفقه والقواعد الفقهية,17102,قواعد معرفة البدع,https://shamela.ws/book/17102
12,علوم الفقه والقواعد الفقهية,21786,القواعد الفقهية وتطبيقاتها في المذاهب الأربعة,https://shamela.ws/book/21786
12,علوم الفقه والقواعد الفقهية,30131,الرسالة الندية في القواعد الفقهية,https://shamela.ws/book/30131
12,علوم الفقه والقواعد الفقهية,1232,التحفة المكية في توضيح أهم القواعد الفقهية,https://shamela.ws/book/1232
12,علوم الفقه والقواعد الفقهية,37791,شرح منظومة القواعد الفقهية للسعدي - حمد الحمد,https://shamela.ws/book/37791
12,علوم الفقه والقواعد الفقهية,37648,أثر الاختلاف في القواعد الأصولية في اختلاف الفقهاء,https://shamela.ws/book/37648
12,علوم الفقه والقواعد الفقهية,37692,القواعد الفقهية بين الأصالة والتوجيه,https://shamela.ws/book/37692
12,علوم الفقه والقواعد الفقهية,16820,شرح القواعد السعدية,https://shamela.ws/book/16820
12,علوم الفقه والقواعد الفقهية,30084,القواعد الأم للفقه,https://shamela.ws/book/30084
12,علوم الفقه والقواعد الفقهية,10,تجريد القواعد والفوائد الأصولية,https://shamela.ws/book/10
12,علوم الفقه والقواعد الفقهية,559,القواعد والضوابط الفقهية في الضمان المالي,https://shamela.ws/book/559
12,علوم الفقه والقواعد الفقهية,204,المجالس الفقهية,https://shamela.ws/book/204
12,علوم الفقه والقواعد الفقهية,30152,بناء الفروع على الفروع - من كشاف القناع,https://shamela.ws/book/30152
13,المنطق,1028,التقريب لحد المنطق والمدخل إليه بالألفاظ العامية والأمثلة الفقهية,https://shamela.ws/book/1028
13,المنطق,26538,محك النظر,https://shamela.ws/book/26538
13,المنطق,26575,معيار العلم في فن المنطق,https://shamela.ws/book/26575
13,المنطق,719,الجمل في المنطق,https://shamela.ws/book/719
13,المنطق,708,المختصر في المنطق,https://shamela.ws/book/708
13,المنطق,266,آداب البحث والمناظرة,https://shamela.ws/book/266
13,المنطق,1113,مختصر «المغالطات المنطقية»,https://shamela.ws/book/1113
13,المنطق,1112,المغالطات المنطقية,https://shamela.ws/book/1112
13,المنطق,36056,الشرح المختصر للسلم المنورق,https://shamela.ws/book/36056
13,المنطق,36107,شرح القويسني على السلم المنورق للأخضري,https://shamela.ws/book/36107
13,المنطق,36124,شرح المطلع على متن إيساغوجي,https://shamela.ws/book/36124
14,الفقه الحنفي,96606,اختلاف أبي حنيفة وابن أبي ليلى,https://shamela.ws/book/96606
14,الفقه الحنفي,26333,الخراج لأبي يوسف,https://shamela.ws/book/26333
14,الفقه الحنفي,7225,الرد على سير الأوزاعي,https://shamela.ws/book/7225
14,الفقه الحنفي,6164,الأصل لمحمد بن الحسن - ت الأفغاني,https://shamela.ws/book/6164
14,الفقه الحنفي,14285,الأصل لمحمد بن الحسن - ت بوينوكالن,https://shamela.ws/book/14285
14,الفقه الحنفي,342,الأصل لمحمد بن الحسن - ت شحاته,https://shamela.ws/book/342
14,الفقه الحنفي,1157,الجامع الكبير لمحمد بن الحسن,https://shamela.ws/book/1157
14,الفقه الحنفي,6161,الحجة على أهل المدينة,https://shamela.ws/book/6161
14,الفقه الحنفي,7231,السير الصغير - من الأصل لمحمد بن الحسن - ت خدوري,https://shamela.ws/book/7231
14,الفقه الحنفي,18264,المخارج في الحيل - من الأصل لمحمد بن الحسن - ط الثقافة الدينية,https://shamela.ws/book/18264
14,الفقه الحنفي,6163,الكسب - بشرح السرخسي - ت زكار,https://shamela.ws/book/6163
14,الفقه الحنفي,16546,شرح مختصر الطحاوي للجصاص,https://shamela.ws/book/16546
14,الفقه الحنفي,14335,عيون المسائل للسمرقندي الحنفي,https://shamela.ws/book/14335
14,الفقه الحنفي,17768,التجريد للقدوري,https://shamela.ws/book/17768
14,الفقه الحنفي,30052,شرح مختصر الكرخي,https://shamela.ws/book/30052
14,الفقه الحنفي,124336,مختصر القدوري,https://shamela.ws/book/124336
14,الفقه الحنفي,6178,النتف في الفتاوى للسغدي,https://shamela.ws/book/6178
14,الفقه الحنفي,5423,المبسوط للسرخسي,https://shamela.ws/book/5423
14,الفقه الحنفي,22362,النكت شرح زيادات الزيادات للسرخسي - وشرح العتابي,https://shamela.ws/book/22362
14,الفقه الحنفي,132620,رؤوس المسائل للزمخشري,https://shamela.ws/book/132620
14,الفقه الحنفي,7691,تحفة الفقهاء,https://shamela.ws/book/7691
14,الفقه الحنفي,133415,طريقة الخلاف في الفقه بين الأئمة الأسلاف,https://shamela.ws/book/133415
14,الفقه الحنفي,8183,بدائع الصنائع في ترتيب الشرائع,https://shamela.ws/book/8183
14,الفقه الحنفي,941,شرح الزيادات - قاضي خان,https://shamela.ws/book/941
14,الفقه الحنفي,11820,الهداية في شرح بداية المبتدي,https://shamela.ws/book/11820
14,الفقه الحنفي,6170,بداية المبتدي,https://shamela.ws/book/6170
14,الفقه الحنفي,10875,المحيط البرهاني,https://shamela.ws/book/10875
14,الفقه الحنفي,1135,شرح مشكلات القدوري,https://shamela.ws/book/1135
14,الفقه الحنفي,6173,تحفة الملوك,https://shamela.ws/book/6173
14,الفقه الحنفي,1066,الاختيار لتعليل المختار,https://shamela.ws/book/1066
14,الفقه الحنفي,6226,اللباب في الجمع بين السنة والكتاب,https://shamela.ws/book/6226
14,الفقه الحنفي,14262,كنز الدقائق,https://shamela.ws/book/14262
14,الفقه الحنفي,811,النهاية في شرح الهداية - السغناقي,https://shamela.ws/book/811
14,الفقه الحنفي,23023,تبيين الحقائق شرح كنز الدقائق وحاشية الشلبي,https://shamela.ws/book/23023
14,الفقه الحنفي,637,خزانة المفتين - قسم العبادات,https://shamela.ws/book/637
14,الفقه الحنفي,1125,شرح الوقاية - ت أبو الحاج,https://shamela.ws/book/1125
14,الفقه الحنفي,30179,معراج الدراية في شرح الهداية,https://shamela.ws/book/30179
14,الفقه الحنفي,628,در المهتدي وذخر المقتدي نظم بداية المبتدي المعروف بالهاملية - ضمن مجموع «الرفعة»,https://shamela.ws/book/628
14,الفقه الحنفي,30009,الجواهر من فقه الحنفية,https://shamela.ws/book/30009
14,الفقه الحنفي,7534,الغرة المنيفة في تحقيق بعض مسائل الإمام أبي حنيفة,https://shamela.ws/book/7534
14,الفقه الحنفي,9403,العناية شرح الهداية - بهامش فتح القدير ط الحلبي,https://shamela.ws/book/9403
14,الفقه الحنفي,18259,التنبيه على مشكلات الهداية,https://shamela.ws/book/18259
14,الفقه الحنفي,21596,الجوهرة النيرة على مختصر القدوري,https://shamela.ws/book/21596
14,الفقه الحنفي,11816,المعتصر من المختصر من مشكل الآثار,https://shamela.ws/book/11816
14,الفقه الحنفي,427,البناية شرح الهداية,https://shamela.ws/book/427
14,الفقه الحنفي,13784,منحة السلوك في شرح تحفة الملوك,https://shamela.ws/book/13784
14,الفقه الحنفي,21744,فتح القدير للكمال بن الهمام - ط الحلبي,https://shamela.ws/book/21744
14,الفقه الحنفي,985,التصحيح والترجيح على مختصر القدوري,https://shamela.ws/book/985
14,الفقه الحنفي,6179,لسان الحكام,https://shamela.ws/book/6179
14,الفقه الحنفي,11446,درر الحكام شرح غرر الأحكام,https://shamela.ws/book/11446
14,الفقه الحنفي,6185,ملتقى الأبحر,https://shamela.ws/book/6185
14,الفقه الحنفي,12227,البحر الرائق شرح كنز الدقائق ومنحة الخالق وتكملة الطوري,https://shamela.ws/book/12227
14,الفقه الحنفي,151169,ذخر المتأهلين والنساء للإمام البركوي,https://shamela.ws/book/151169
14,الفقه الحنفي,1496,تكملة فتح القدير نتائج الأفكار في كشف الرموز والأسرار,https://shamela.ws/book/1496
14,الفقه الحنفي,13620,النهر الفائق شرح كنز الدقائق,https://shamela.ws/book/13620
14,الفقه الحنفي,1141,فتح باب العناية بشرح النقاية,https://shamela.ws/book/1141
14,الفقه الحنفي,21639,مجمع الضمانات,https://shamela.ws/book/21639
14,الفقه الحنفي,412,مراقي الفلاح شرح نور الإيضاح,https://shamela.ws/book/412
14,الفقه الحنفي,12117,نور الإيضاح ونجاة الأرواح في الفقه الحنفي,https://shamela.ws/book/12117
14,الفقه الحنفي,21644,مجمع الأنهر في شرح ملتقى الأبحر,https://shamela.ws/book/21644
14,الفقه الحنفي,14250,الدر المختار شرح تنوير الأبصار وجامع البحار,https://shamela.ws/book/14250
14,الفقه الحنفي,21640,الفتاوى العالمكيرية = الفتاوى الهندية,https://shamela.ws/book/21640
14,الفقه الحنفي,11993,حاشية الطحطاوي على مراقي الفلاح شرح نور الإيضاح,https://shamela.ws/book/11993
14,الفقه الحنفي,36573,أجوبة محققة عن أسئلة مفرقة - ط إسطنبول,https://shamela.ws/book/36573
14,الفقه الحنفي,1617,إتحاف الذكي النبيه بجواب ما يقول الفقيه - ط إسطنبول,https://shamela.ws/book/1617
14,الفقه الحنفي,1618,الإبانة عن أخذ الأجرة على الحضانة - ط إسطنبول,https://shamela.ws/book/1618
14,الفقه الحنفي,21687,العقود الدرية في تنقيح الفتاوى الحامدية,https://shamela.ws/book/21687
14,الفقه الحنفي,1607,الفوائد المخصصة بأحكام كي الحمصة - ط إسطنبول,https://shamela.ws/book/1607
14,الفقه الحنفي,1628,تحبير التحرير في إبطال القضا بالفسخ بالغبن الفاحش بلا تغرير - ط إسطنبول,https://shamela.ws/book/1628
14,الفقه الحنفي,1632,تحرير العبارة فيمن هو أحق بالإجارة - ط إسطنبول,https://shamela.ws/book/1632
14,الفقه الحنفي,1627,تنبيه الرقود على مسائل النقود - ط إسطنبول,https://shamela.ws/book/1627
14,الفقه الحنفي,1616,تنبيه الغافل والوسنان على أحكام هلال رمضان - ط إسطنبول,https://shamela.ws/book/1616
14,الفقه الحنفي,1612,تنبيه ذوى الأفهام على أحكام التبليغ خلف الإمام - ط إسطنبول,https://shamela.ws/book/1612
14,الفقه الحنفي,1629,تنبيه ذوى الأفهام على بطلان الحكم بنقض الدعوى بعد الإبراء العام - ط إسطنبول,https://shamela.ws/book/1629
14,الفقه الحنفي,21613,حاشية ابن عابدين = رد المحتار - ط الحلبي,https://shamela.ws/book/21613
14,الفقه الحنفي,1620,رفع الانتقاض ودفع الاعتراض على قولهم الأيمان مبنية على الألفاظ لا على الأغراض - ط إسطنبول,https://shamela.ws/book/1620
14,الفقه الحنفي,1609,رفع التردد في عقد الأصابع عند التشهد مع ذيلها,https://shamela.ws/book/1609
14,الفقه الحنفي,1608,منهل الواردين من بحار الفيض على ذخر المتأهلين في مسائل الحيض - ط إسطنبول,https://shamela.ws/book/1608
14,الفقه الحنفي,21496,اللباب في شرح الكتاب,https://shamela.ws/book/21496
14,الفقه الحنفي,6160,الجامع الصغير - ومعه النافع الكبير,https://shamela.ws/book/6160
14,الفقه الحنفي,918,تكملة حاشية ابن عابدين = قرة عيون الأخيار تكملة رد المحتار - ط الفكر,https://shamela.ws/book/918
14,الفقه الحنفي,14450,مرشد الحيران إلى معرفة أحوال الإنسان,https://shamela.ws/book/14450
14,الفقه الحنفي,650,فقه العبادات على المذهب الحنفي,https://shamela.ws/book/650
14,الفقه الحنفي,1229,المسائل الفقهية التي عليها الفتوى عند متأخري الحنفية - جمعا ودراسة-,https://shamela.ws/book/1229
14,الفقه الحنفي,1291,نظم نور الإيضاح,https://shamela.ws/book/1291
14,الفقه الحنفي,46,المسبوك على منحة السلوك في شرح تحفة الملوك,https://shamela.ws/book/46
14,الفقه الحنفي,30168,النوادر - معلى بن منصور,https://shamela.ws/book/30168
15,الفقه المالكي,587,المدونة,https://shamela.ws/book/587
15,الفقه المالكي,96602,مجالس ابن القاسم التي سأل عنها مالكا,https://shamela.ws/book/96602
15,الفقه المالكي,1267,كتاب الحج من مدونة أشهب,https://shamela.ws/book/1267
15,الفقه المالكي,1206,المختصر الصغير لابن عبد الحكم «خلافيات في الفقه»,https://shamela.ws/book/1206
15,الفقه المالكي,1168,الأحكام لعبد الملك بن حبيب,https://shamela.ws/book/1168
15,الفقه المالكي,18261,الرد على الشافعي لابن اللباد,https://shamela.ws/book/18261
15,الفقه المالكي,8487,التهذيب في اختصار المدونة,https://shamela.ws/book/8487
15,الفقه المالكي,1326,شرح المختصر الكبير للأبهري,https://shamela.ws/book/1326
15,الفقه المالكي,96925,التوسط بين مالك وابن القاسم في المسائل التي اختلفا فيها من مسائل المدونة,https://shamela.ws/book/96925
15,الفقه المالكي,14590,التفريع في فقه الإمام مالك بن أنس,https://shamela.ws/book/14590
15,الفقه المالكي,18606,الذب عن مذهب الإمام مالك,https://shamela.ws/book/18606
15,الفقه المالكي,11373,الرسالة لابن أبي زيد القيرواني,https://shamela.ws/book/11373
15,الفقه المالكي,1430,الرسالة لابن أبي زيد القيرواني - نسخة التتائي,https://shamela.ws/book/1430
15,الفقه المالكي,96257,النوادر والزيادات على ما في المدونة من غيرها من الأمهات,https://shamela.ws/book/96257
15,الفقه المالكي,1566,عيون الأدلة في مسائل الخلاف بين فقهاء الأمصار - ط أسفار,https://shamela.ws/book/1566
15,الفقه المالكي,14608,عيون الأدلة في مسائل الخلاف بين فقهاء الأمصار - كتاب الطهارة - ط جامعة الإمام,https://shamela.ws/book/14608
15,الفقه المالكي,14245,الإشراف على نكت مسائل الخلاف,https://shamela.ws/book/14245
15,الفقه المالكي,7262,التلقين في الفقة المالكي,https://shamela.ws/book/7262
15,الفقه المالكي,9627,المعونة على مذهب عالم المدينة,https://shamela.ws/book/9627
15,الفقه المالكي,18609,شرح الرسالة,https://shamela.ws/book/18609
15,الفقه المالكي,14467,عيون المسائل للقاضي عبد الوهاب المالكي,https://shamela.ws/book/14467
15,الفقه المالكي,18607,الجامع لمسائل المدونة,https://shamela.ws/book/18607
15,الفقه المالكي,18116,اختلاف أقوال مالك وأصحابه,https://shamela.ws/book/18116
15,الفقه المالكي,7367,الكافي في فقه أهل المدينة,https://shamela.ws/book/7367
15,الفقه المالكي,14591,التبصرة للخمي,https://shamela.ws/book/14591
15,الفقه المالكي,14593,ديوان الأحكام الكبرى أو الإعلام بنوازل الأحكام وقطر من سير الحكام,https://shamela.ws/book/14593
15,الفقه المالكي,21751,البيان والتحصيل,https://shamela.ws/book/21751
15,الفقه المالكي,21735,المقدمات الممهدات,https://shamela.ws/book/21735
15,الفقه المالكي,14310,مسائل أبي الوليد ابن رشد,https://shamela.ws/book/14310
15,الفقه المالكي,121378,التنبيه على مبادئ التوجيه - قسم العبادات,https://shamela.ws/book/121378
15,الفقه المالكي,121376,شرح التلقين,https://shamela.ws/book/121376
15,الفقه المالكي,14253,التنبيهات المستنبطة على الكتب المدونة والمختلطة,https://shamela.ws/book/14253
15,الفقه المالكي,21739,بداية المجتهد ونهاية المقتصد,https://shamela.ws/book/21739
15,الفقه المالكي,14594,عقد الجواهر الثمينة في مذهب عالم المدينة,https://shamela.ws/book/14594
15,الفقه المالكي,123685,مناهج التحصيل ونتائج لطائف التأويل في شرح المدونة وحل مشكلاتها,https://shamela.ws/book/123685
15,الفقه المالكي,6196,جامع الأمهات,https://shamela.ws/book/6196
15,الفقه المالكي,18146,روضة المستبين في شرح كتاب التلقين,https://shamela.ws/book/18146
15,الفقه المالكي,1717,الذخيرة للقرافي,https://shamela.ws/book/1717
15,الفقه المالكي,30159,شرح التفريع,https://shamela.ws/book/30159
15,الفقه المالكي,21516,إرشاد السالك إلى أشرف المسالك في فقه الإمام مالك,https://shamela.ws/book/21516
15,الفقه المالكي,11406,المدخل لابن الحاج,https://shamela.ws/book/11406
15,الفقه المالكي,6193,القوانين الفقهية,https://shamela.ws/book/6193
15,الفقه المالكي,14442,التوضيح في شرح مختصر ابن الحاجب,https://shamela.ws/book/14442
15,الفقه المالكي,11355,مختصر خليل,https://shamela.ws/book/11355
15,الفقه المالكي,132974,إرشاد السالك إلى أفعال المناسك,https://shamela.ws/book/132974
15,الفقه المالكي,16968,المختصر الفقهي لابن عرفة,https://shamela.ws/book/16968
15,الفقه المالكي,13234,الشامل في فقه الإمام مالك,https://shamela.ws/book/13234
15,الفقه المالكي,147313,تحبير المختصر وهو الشرح الوسط لبهرام على مختصر خليل,https://shamela.ws/book/147313
15,الفقه المالكي,14555,شرح ابن ناجي التنوخي على متن الرسالة,https://shamela.ws/book/14555
15,الفقه المالكي,95578,فتاوى قاضي الجماعة ابن سراج الأندلسي,https://shamela.ws/book/95578
15,الفقه المالكي,21611,التاج والإكليل لمختصر خليل,https://shamela.ws/book/21611
15,الفقه المالكي,14556,شرح زروق على متن الرسالة,https://shamela.ws/book/14556
15,الفقه المالكي,14605,مختصر خليل - ومعه شفاء الغليل في حل مقفل خليل,https://shamela.ws/book/14605
15,الفقه المالكي,30174,موهوب الجليل في شرح مختصر خليل,https://shamela.ws/book/30174
15,الفقه المالكي,150676,جواهر الدرر في حل ألفاظ المختصر,https://shamela.ws/book/150676
15,الفقه المالكي,37326,متن العشماوية,https://shamela.ws/book/37326
15,الفقه المالكي,14552,تحرير الكلام في مسائل الإلتزام,https://shamela.ws/book/14552
15,الفقه المالكي,569,مواهب الجليل في شرح مختصر خليل,https://shamela.ws/book/569
15,الفقه المالكي,37064,خلاصة الجواهر الزكية في فقه المالكية,https://shamela.ws/book/37064
15,الفقه المالكي,9548,متن الأخضري في العبادات على مذهب الإمام مالك,https://shamela.ws/book/9548
15,الفقه المالكي,18279,شرح المنهج المنتخب إلى قواعد المذهب,https://shamela.ws/book/18279
15,الفقه المالكي,14249,الدر الثمين والمورد المعين,https://shamela.ws/book/14249
15,الفقه المالكي,14297,شرح الزرقاني على مختصر خليل وحاشية البناني,https://shamela.ws/book/14297
15,الفقه المالكي,91,شرح الخرشي على مختصر خليل - ومعه حاشية العدوي,https://shamela.ws/book/91
15,الفقه المالكي,21589,الفواكه الدواني على رسالة ابن أبي زيد القيرواني,https://shamela.ws/book/21589
15,الفقه المالكي,631,أسهل المسالك في مذهب الإمام مالك - ضمن مجموع «الرفعة»,https://shamela.ws/book/631
15,الفقه المالكي,21597,حاشية العدوي على كفاية الطالب الرباني,https://shamela.ws/book/21597
15,الفقه المالكي,21604,الشرح الكبير للشيخ الدردير وحاشية الدسوقي,https://shamela.ws/book/21604
15,الفقه المالكي,32195,ضوء الشموع شرح المجموع,https://shamela.ws/book/32195
15,الفقه المالكي,21607,حاشية الصاوي على الشرح الصغير = بلغة السالك لأقرب المسالك,https://shamela.ws/book/21607
15,الفقه المالكي,150969,حاشية الصاوي على الشرح الصغير ط الحلبي,https://shamela.ws/book/150969
15,الفقه المالكي,35276,أجوبة التسولي عن مسائل الأمير عبد القادر في الجهاد,https://shamela.ws/book/35276
15,الفقه المالكي,21688,فتح العلي المالك في الفتوى على مذهب الإمام مالك,https://shamela.ws/book/21688
15,الفقه المالكي,21614,منح الجليل شرح مختصر خليل,https://shamela.ws/book/21614
15,الفقه المالكي,149697,لوامع الدرر في هتك استار المختصر,https://shamela.ws/book/149697
15,الفقه المالكي,7441,الثمر الداني شرح رسالة ابن أبي زيد القيرواني,https://shamela.ws/book/7441
15,الفقه المالكي,133369,توضيح الأحكام شرح تحفة الحكام,https://shamela.ws/book/133369
15,الفقه المالكي,17682,أسهل المدارك «شرح إرشاد السالك في مذهب إمام الأئمة مالك»,https://shamela.ws/book/17682
15,الفقه المالكي,96177,الجواهر الكنزية لنظم ما جمع في العزية,https://shamela.ws/book/96177
15,الفقه المالكي,95864,الكوكب الزهري نظم مختصر الأخضري,https://shamela.ws/book/95864
15,الفقه المالكي,1149,بغية المقتصد شرح بداية المجتهد,https://shamela.ws/book/1149
15,الفقه المالكي,20650,معلمة الفقه المالكي,https://shamela.ws/book/20650
15,الفقه المالكي,784,مواهب الجليل من أدلة خليل,https://shamela.ws/book/784
15,الفقه المالكي,12978,فقه العبادات على المذهب المالكي,https://shamela.ws/book/12978
15,الفقه المالكي,6190,الخلاصة الفقهية على مذهب السادة المالكية,https://shamela.ws/book/6190
15,الفقه المالكي,30008,العجالة في شرح الرسالة,https://shamela.ws/book/30008
15,الفقه المالكي,150934,اصطلاح المذهب عند المالكية,https://shamela.ws/book/150934
15,الفقه المالكي,607,عون المتين على نظم رسالة القرويين,https://shamela.ws/book/607
15,الفقه المالكي,30135,مسالك الجلالة في اختصار المناهل الزلالة,https://shamela.ws/book/30135
16,الفقه الشافعي,1655,الأم للشافعي - ط الفكر,https://shamela.ws/book/1655
16,الفقه الشافعي,955,كتاب الأمر والنهي على معنى الشافعي,https://shamela.ws/book/955
16,الفقه الشافعي,914,مختصر المزني - ت الداغستاني,https://shamela.ws/book/914
16,الفقه الشافعي,1661,مختصر المزني - ط الفكر بآخر كتاب الأم,https://shamela.ws/book/1661
16,الفقه الشافعي,8534,اللباب في الفقه الشافعي,https://shamela.ws/book/8534
16,الفقه الشافعي,6120,الإقناع للماوردي,https://shamela.ws/book/6120
16,الفقه الشافعي,6157,الحاوي الكبير,https://shamela.ws/book/6157
16,الفقه الشافعي,131336,الخلافيات - البيهقي - ت النحال,https://shamela.ws/book/131336
16,الفقه الشافعي,17812,التعليقة للقاضي حسين,https://shamela.ws/book/17812
16,الفقه الشافعي,7589,التنبيه في الفقه الشافعي,https://shamela.ws/book/7589
16,الفقه الشافعي,11813,المهذب في فقه الإمام الشافعي - الشيرازي,https://shamela.ws/book/11813
16,الفقه الشافعي,9851,نهاية المطلب في دراية المذهب,https://shamela.ws/book/9851
16,الفقه الشافعي,17882,الاصطلام - ط المنار,https://shamela.ws/book/17882
16,الفقه الشافعي,16934,بحر المذهب للروياني,https://shamela.ws/book/16934
16,الفقه الشافعي,6128,الوسيط في المذهب,https://shamela.ws/book/6128
16,الفقه الشافعي,6131,حلية العلماء في معرفة مذاهب الفقهاء - أجزاء منه,https://shamela.ws/book/6131
16,الفقه الشافعي,146126,حلية العلماء في معرفة مذاهب الفقهاء - ط الرسالة الحديثة,https://shamela.ws/book/146126
16,الفقه الشافعي,17885,التهذيب في الفقه الشافعي,https://shamela.ws/book/17885
16,الفقه الشافعي,3637,التهذيب في الفقه الشافعي - كتاب السير منه,https://shamela.ws/book/3637
16,الفقه الشافعي,21721,البيان في مذهب الإمام الشافعي,https://shamela.ws/book/21721
16,الفقه الشافعي,11370,متن أبي شجاع المسمى الغاية والتقريب,https://shamela.ws/book/11370
16,الفقه الشافعي,13577,العزيز شرح الوجيز = الشرح الكبير للرافعي - ط العلمية,https://shamela.ws/book/13577
16,الفقه الشافعي,1142,فتح العزيز بشرح الوجيز = الشرح الكبير للرافعي,https://shamela.ws/book/1142
16,الفقه الشافعي,21525,شرح مشكل الوسيط,https://shamela.ws/book/21525
16,الفقه الشافعي,6137,فتاوى ابن الصلاح,https://shamela.ws/book/6137
16,الفقه الشافعي,30175,نهاية الإقدام في مآخذ الأحكام,https://shamela.ws/book/30175
16,الفقه الشافعي,127703,الغاية في اختصار النهاية,https://shamela.ws/book/127703
16,الفقه الشافعي,2186,المجموع شرح المهذب - ط المنيرية,https://shamela.ws/book/2186
16,الفقه الشافعي,6134,دقائق المنهاج,https://shamela.ws/book/6134
16,الفقه الشافعي,499,روضة الطالبين وعمدة المفتين,https://shamela.ws/book/499
16,الفقه الشافعي,497,فتاوى النووي,https://shamela.ws/book/497
16,الفقه الشافعي,12096,منهاج الطالبين وعمدة المفتين في الفقه,https://shamela.ws/book/12096
16,الفقه الشافعي,6227,مختصر الخلافيات للبيهقي,https://shamela.ws/book/6227
16,الفقه الشافعي,14325,كفاية النبيه في شرح التنبيه,https://shamela.ws/book/14325
16,الفقه الشافعي,632,منظومة البهجة الوردية - ضمن مجموع «الرفعة»,https://shamela.ws/book/632
16,الفقه الشافعي,1022,تكملة السبكي على المجموع شرح المهذب - ط التضامن,https://shamela.ws/book/1022
16,الفقه الشافعي,30083,تكملة السبكي على المجموع شرح المهذب - قطعة جديدة,https://shamela.ws/book/30083
16,الفقه الشافعي,11498,فتاوى السبكي,https://shamela.ws/book/11498
16,الفقه الشافعي,18610,قضاء الأرب في أسئلة حلب,https://shamela.ws/book/18610
16,الفقه الشافعي,37344,عمدة السالك وعدة الناسك,https://shamela.ws/book/37344
16,الفقه الشافعي,30157,ترشيح التوشيح وتوضيح الترجيح,https://shamela.ws/book/30157
16,الفقه الشافعي,14580,المهمات في شرح الروضة والرافعي,https://shamela.ws/book/14580
16,الفقه الشافعي,14324,الهداية إلى أوهام الكفاية,https://shamela.ws/book/14324
16,الفقه الشافعي,6133,خبايا الزوايا,https://shamela.ws/book/6133
16,الفقه الشافعي,297,الأجوبة العيثاوية عن المسائل الطرابلسية,https://shamela.ws/book/297
16,الفقه الشافعي,21553,التذكرة في الفقه الشافعي,https://shamela.ws/book/21553
16,الفقه الشافعي,20561,عجالة المحتاج إلى توجيه المنهاج,https://shamela.ws/book/20561
16,الفقه الشافعي,19230,التدريب في الفقه الشافعي,https://shamela.ws/book/19230
16,الفقه الشافعي,13783,النجم الوهاج في شرح المنهاج,https://shamela.ws/book/13783
16,الفقه الشافعي,127671,تحرير الفتاوي على التنبيه والمنهاج والحاوي,https://shamela.ws/book/127671
16,الفقه الشافعي,6140,كفاية الأخيار في حل غاية الاختصار,https://shamela.ws/book/6140
16,الفقه الشافعي,22364,الزبد في الفقه الشافعي,https://shamela.ws/book/22364
16,الفقه الشافعي,132962,بداية المحتاج في شرح المنهاج,https://shamela.ws/book/132962
16,الفقه الشافعي,6172,جواهر العقود ومعين القضاة والموقعين والشهود,https://shamela.ws/book/6172
16,الفقه الشافعي,6125,المقدمة الحضرمية,https://shamela.ws/book/6125
16,الفقه الشافعي,35120,فتح القريب المجيب في شرح ألفاظ التقريب = القول المختار في شرح غاية الاختصار,https://shamela.ws/book/35120
16,الفقه الشافعي,30130,أسنى المطالب في شرح روض الطالب - ط العلمية,https://shamela.ws/book/30130
16,الفقه الشافعي,11468,أسنى المطالب في شرح روض الطالب - ط الميمنية,https://shamela.ws/book/11468
16,الفقه الشافعي,21848,الغرر البهية في شرح البهجة الوردية,https://shamela.ws/book/21848
16,الفقه الشافعي,12036,فتح الوهاب بشرح منهج الطلاب,https://shamela.ws/book/12036
16,الفقه الشافعي,12100,منهج الطلاب في فقه الإمام الشافعي رضي الله عنه,https://shamela.ws/book/12100
16,الفقه الشافعي,21623,فتاوى الرملي,https://shamela.ws/book/21623
16,الفقه الشافعي,32197,فتح الرحمن بشرح زبد ابن رسلان,https://shamela.ws/book/32197
16,الفقه الشافعي,21628,الفتاوى الكبرى الفقهية,https://shamela.ws/book/21628
16,الفقه الشافعي,9973,المنهاج القويم شرح المقدمة الحضرمية,https://shamela.ws/book/9973
16,الفقه الشافعي,9059,تحفة المحتاج في شرح المنهاج وحواشي الشرواني والعبادي,https://shamela.ws/book/9059
16,الفقه الشافعي,6121,الإقناع في حل ألفاظ أبي شجاع,https://shamela.ws/book/6121
16,الفقه الشافعي,11444,مغني المحتاج إلى معرفة معاني ألفاظ المنهاج,https://shamela.ws/book/11444
16,الفقه الشافعي,11327,فتح المعين بشرح قرة العين بمهمات الدين,https://shamela.ws/book/11327
16,الفقه الشافعي,1124,نهاية التدريب نظم غاية التقريب - ت جراد,https://shamela.ws/book/1124
16,الفقه الشافعي,6136,غاية البيان شرح زبد ابن رسلان,https://shamela.ws/book/6136
16,الفقه الشافعي,3565,نهاية المحتاج إلى شرح المنهاج,https://shamela.ws/book/3565
16,الفقه الشافعي,21843,حاشيتا قليوبي وعميرة,https://shamela.ws/book/21843
16,الفقه الشافعي,8648,فتاوي الخليلي على المذهب الشافعي,https://shamela.ws/book/8648
16,الفقه الشافعي,21598,حاشية الجمل على شرح المنهج = فتوحات الوهاب بتوضيح شرح منهج الطلاب,https://shamela.ws/book/21598
16,الفقه الشافعي,21599,حاشية البجيرمي على الخطيب = تحفة الحبيب على شرح الخطيب,https://shamela.ws/book/21599
16,الفقه الشافعي,21603,حاشية البجيرمي على شرح المنهج = التجريد لنفع العبيد,https://shamela.ws/book/21603
16,الفقه الشافعي,26535,شرح المقدمة الحضرمية المسمى بشرى الكريم بشرح مسائل التعليم,https://shamela.ws/book/26535
16,الفقه الشافعي,963,إعانة الطالبين على حل ألفاظ فتح المعين,https://shamela.ws/book/963
16,الفقه الشافعي,6146,نهاية الزين,https://shamela.ws/book/6146
16,الفقه الشافعي,6123,السراج الوهاج على متن المنهاج,https://shamela.ws/book/6123
16,الفقه الشافعي,1026,تكملة المطيعي على المجموع شرح المهذب - ط السلفية,https://shamela.ws/book/1026
16,الفقه الشافعي,6369,الفقه المنهجي على مذهب الإمام الشافعي,https://shamela.ws/book/6369
16,الفقه الشافعي,12895,فقه العبادات على المذهب الشافعي,https://shamela.ws/book/12895
16,الفقه الشافعي,36125,شرح الرحبية للحازمي,https://shamela.ws/book/36125
16,الفقه الشافعي,37686,شرح متن أبي شجاع - محمد حسن عبد الغفار,https://shamela.ws/book/37686
16,الفقه الشافعي,95564,التذهيب في أدلة متن الغاية والتقريب,https://shamela.ws/book/95564
16,الفقه الشافعي,151187,شرح كتاب الحج من نهاية التدريب في نظم غاية التقريب للعمريطي,https://shamela.ws/book/151187
16,الفقه الشافعي,279,إتحاف الأريب بشرح الغاية والتقريب,https://shamela.ws/book/279
16,الفقه الشافعي,20,مختصر تحفة المحتاج بشرح المنهاج,https://shamela.ws/book/20
17,الفقه الحنبلي,12995,الأشربة لأحمد بن حنبل,https://shamela.ws/book/12995
17,الفقه الحنبلي,20878,الجامع لعلوم الإمام أحمد - الفقه,https://shamela.ws/book/20878
17,الفقه الحنبلي,21487,مسائل الإمام أحمد رواية أبي داود السجستاني,https://shamela.ws/book/21487
17,الفقه الحنبلي,6106,مسائل الإمام أحمد رواية ابنه أبي الفضل صالح,https://shamela.ws/book/6106
17,الفقه الحنبلي,6105,مسائل الإمام أحمد رواية ابنه عبد الله,https://shamela.ws/book/6105
17,الفقه الحنبلي,95563,أحكام النساء - من «الجامع» للخلال,https://shamela.ws/book/95563
17,الفقه الحنبلي,3125,مسائل الإمام أحمد وإسحاق بن راهويه,https://shamela.ws/book/3125
17,الفقه الحنبلي,13977,مسائل حرب الكرماني كتاب الطهارة - ت عامر بهجت,https://shamela.ws/book/13977
17,الفقه الحنبلي,17844,مسائل حرب الكرماني كتاب الطهارة والصلاة - ت السريع,https://shamela.ws/book/17844
17,الفقه الحنبلي,13262,مسائل حرب الكرماني من أول كتاب الصلاة - ت الغامدي,https://shamela.ws/book/13262
17,الفقه الحنبلي,12527,مسائل حرب الكرماني من كتاب النكاح إلى نهاية الكتاب - ت فايز حابس,https://shamela.ws/book/12527
17,الفقه الحنبلي,9428,أحكام أهل الملل والردة - من الجامع للخلال - ت كسروي,https://shamela.ws/book/9428
17,الفقه الحنبلي,26883,الوقوف والترجل - من «الجامع» للخلال,https://shamela.ws/book/26883
17,الفقه الحنبلي,12853,جزء في مسائل عن أبي عبد الله أحمد بن حنبل,https://shamela.ws/book/12853
17,الفقه الحنبلي,2977,مختصر الخرقى,https://shamela.ws/book/2977
17,الفقه الحنبلي,13571,الإرشاد إلى سبيل الرشاد,https://shamela.ws/book/13571
17,الفقه الحنبلي,30057,التعليقة الكبيرة - أبو يعلى - من الأشربة للأيمان,https://shamela.ws/book/30057
17,الفقه الحنبلي,13922,التعليقة الكبيرة - أبو يعلى - من الاعتكاف للبيوع,https://shamela.ws/book/13922
17,الفقه الحنبلي,127663,التعليقة الكبيرة - أبو يعلى - من الصلاة للجنائز,https://shamela.ws/book/127663
17,الفقه الحنبلي,13246,الروايتين والوجهين - المسائل الفقهية منه,https://shamela.ws/book/13246
17,الفقه الحنبلي,26094,الهداية على مذهب الإمام أحمد,https://shamela.ws/book/26094
17,الفقه الحنبلي,17363,التذكرة في الفقه على مذهب الإمام أحمد,https://shamela.ws/book/17363
17,الفقه الحنبلي,6117,المسائل التي حلف عليها أحمد بن حنبل,https://shamela.ws/book/6117
17,الفقه الحنبلي,30143,المفردات,https://shamela.ws/book/30143
17,الفقه الحنبلي,21731,الكافي في فقه الإمام أحمد,https://shamela.ws/book/21731
17,الفقه الحنبلي,6910,المغني لابن قدامة - ت التركي,https://shamela.ws/book/6910
17,الفقه الحنبلي,8463,المغني لابن قدامة - ط مكتبة القاهرة,https://shamela.ws/book/8463
17,الفقه الحنبلي,19233,المقنع في فقه الإمام أحمد - ت الأرناؤوط,https://shamela.ws/book/19233
17,الفقه الحنبلي,14207,عمدة الحازم في الزوائد على مختصر أبي القاسم,https://shamela.ws/book/14207
17,الفقه الحنبلي,11315,عمدة الفقه,https://shamela.ws/book/11315
17,الفقه الحنبلي,10908,العدة شرح العمدة,https://shamela.ws/book/10908
17,الفقه الحنبلي,1287,شرح المقنع للبهاء المقدسي,https://shamela.ws/book/1287
17,الفقه الحنبلي,7460,المحرر في الفقه على مذهب أحمد - ومعه النكت والفوائد السنية,https://shamela.ws/book/7460
17,الفقه الحنبلي,19188,الشرح الكبير على المقنع - ت التركي,https://shamela.ws/book/19188
17,الفقه الحنبلي,1153,الشرح الكبير على المقنع - ط المنار,https://shamela.ws/book/1153
17,الفقه الحنبلي,219,الرعاية الصغرى في الفقه,https://shamela.ws/book/219
17,الفقه الحنبلي,132972,صفة المفتي والمستفتي - ت أبي جنة,https://shamela.ws/book/132972
17,الفقه الحنبلي,20699,الممتع في شرح المقنع - ت ابن دهيش ط 3,https://shamela.ws/book/20699
17,الفقه الحنبلي,96844,المسائل الماردينية,https://shamela.ws/book/96844
17,الفقه الحنبلي,11238,سجود التلاوة معانيه وأحكامه,https://shamela.ws/book/11238
17,الفقه الحنبلي,11240,سنة الجمعة,https://shamela.ws/book/11240
17,الفقه الحنبلي,17073,شرح عمدة الفقه - ابن تيمية - صفة الصلاة,https://shamela.ws/book/17073
17,الفقه الحنبلي,151,شرح عمدة الفقه - ابن تيمية - ط عطاءات العلم,https://shamela.ws/book/151
17,الفقه الحنبلي,10810,شرح عمدة الفقه - ابن تيمية - كتاب الحج,https://shamela.ws/book/10810
17,الفقه الحنبلي,17417,شرح عمدة الفقه - ابن تيمية - كتاب الصيام,https://shamela.ws/book/17417
17,الفقه الحنبلي,14500,شرح عمدة الفقه - ابن تيمية - كتاب الطهارة,https://shamela.ws/book/14500
17,الفقه الحنبلي,11251,شرح عمدة الفقه - ابن تيمية - من كتاب الصلاة,https://shamela.ws/book/11251
17,الفقه الحنبلي,22648,قاعدة تتضمن ذكر ملابس النبي وسلاحه ودوابه - القرمانية - جواب فتيا في لبس النبي,https://shamela.ws/book/22648
17,الفقه الحنبلي,11288,قاعدة في الانغماس في العدو وهل يباح,https://shamela.ws/book/11288
17,الفقه الحنبلي,11578,مسألة فى المرابطة بالثغور أفضل أم المجاورة بمكة شرفها الله تعالى,https://shamela.ws/book/11578
17,الفقه الحنبلي,8630,نقد مراتب الإجماع,https://shamela.ws/book/8630
17,الفقه الحنبلي,6104,مختصر الفتاوى المصرية - ط الفقي,https://shamela.ws/book/6104
17,الفقه الحنبلي,32,مختصر الفتاوى المصرية - ط ركائز,https://shamela.ws/book/32
17,الفقه الحنبلي,147064,الوجيز في الفقه على مذهب الإمام أحمد بن حنبل,https://shamela.ws/book/147064
17,الفقه الحنبلي,16952,المنور في راجح المحرر,https://shamela.ws/book/16952
17,الفقه الحنبلي,12052,الفروع وتصحيح الفروع,https://shamela.ws/book/12052
17,الفقه الحنبلي,6094,النكت والفوائد السنية على مشكل المحرر,https://shamela.ws/book/6094
17,الفقه الحنبلي,21743,شرح الزركشي على مختصر الخرقي,https://shamela.ws/book/21743
17,الفقه الحنبلي,6238,الاستخراج لأحكام الخراج,https://shamela.ws/book/6238
17,الفقه الحنبلي,17419,تحفة الراكع والساجد بأحكام المساجد,https://shamela.ws/book/17419
17,الفقه الحنبلي,1262,المبدع شرح المقنع - ط ركائز,https://shamela.ws/book/1262
17,الفقه الحنبلي,21619,المبدع في شرح المقنع - ط العلمية,https://shamela.ws/book/21619
17,الفقه الحنبلي,19228,الإنصاف في معرفة الراجح من الخلاف - ت التركي,https://shamela.ws/book/19228
17,الفقه الحنبلي,21609,الإنصاف في معرفة الراجح من الخلاف - ت الفقي,https://shamela.ws/book/21609
17,الفقه الحنبلي,709,التنقيح المشبع في تحرير أحكام المقنع - مع حواشي التنقيح,https://shamela.ws/book/709
17,الفقه الحنبلي,795,المنهج الصحيح في الجمع بين ما في المقنع والتنقيح,https://shamela.ws/book/795
17,الفقه الحنبلي,7360,الإقناع في فقه الإمام أحمد بن حنبل,https://shamela.ws/book/7360
17,الفقه الحنبلي,11230,زاد المستقنع في اختصار المقنع - ت العسكر,https://shamela.ws/book/11230
17,الفقه الحنبلي,18,مجموع فيه أربع رسائل - الحجاوي,https://shamela.ws/book/18
17,الفقه الحنبلي,776,شرح منتهى الإرادات لابن النجار = معونة أولي النهى,https://shamela.ws/book/776
17,الفقه الحنبلي,13664,منتهى الإرادات في جمع المقنع مع التنقيح وزيادات - ت التركي,https://shamela.ws/book/13664
17,الفقه الحنبلي,11196,دليل الطالب لنيل المطالب,https://shamela.ws/book/11196
17,الفقه الحنبلي,20589,غاية المنتهى في جمع الإقناع والمنتهى ط غراس,https://shamela.ws/book/20589
17,الفقه الحنبلي,147658,الروض المربع بشرح زاد المستقنع - ط ركائز,https://shamela.ws/book/147658
17,الفقه الحنبلي,1679,الروض المربع شرح زاد المستقنع - ط المؤيد والرسالة,https://shamela.ws/book/1679
17,الفقه الحنبلي,6538,المنح الشافيات بشرح مفردات الإمام أحمد,https://shamela.ws/book/6538
17,الفقه الحنبلي,21693,شرح منتهى الإرادات للبهوتي = دقائق أولي النهى ط عالم الكتب,https://shamela.ws/book/21693
17,الفقه الحنبلي,14386,عمدة الطالب لنيل المآرب,https://shamela.ws/book/14386
17,الفقه الحنبلي,21642,كشاف القناع عن متن الإقناع - ت مصيلحي,https://shamela.ws/book/21642
17,الفقه الحنبلي,622,كشاف القناع عن متن الإقناع - ط وزارة العدل,https://shamela.ws/book/622
17,الفقه الحنبلي,6084,أخصر المختصرات - ت العجمي - ط 1,https://shamela.ws/book/6084
17,الفقه الحنبلي,147656,أخصر المختصرات - ط ركائز,https://shamela.ws/book/147656
17,الفقه الحنبلي,147311,مختصر الإفادات في ربع العبادات والآداب وزيادات,https://shamela.ws/book/147311
17,الفقه الحنبلي,16772,حاشية الخلوتي على منتهى الإرادات,https://shamela.ws/book/16772
17,الفقه الحنبلي,803,شرح دليل الطالب - عبد الله المقدسي,https://shamela.ws/book/803
17,الفقه الحنبلي,30058,مسلك الراغب لشرح دليل الطالب - ت الهزاني وإدريس,https://shamela.ws/book/30058
17,الفقه الحنبلي,30147,مسلك الراغب لشرح دليل الطالب - ت تركي النصر,https://shamela.ws/book/30147
17,الفقه الحنبلي,18353,حاشية ابن قائد على منتهى الإرادات,https://shamela.ws/book/18353
17,الفقه الحنبلي,1270,هداية الراغب شرح عمدة الطالب - مع حاشية ابن عوض - ت التركي,https://shamela.ws/book/1270
17,الفقه الحنبلي,1241,هداية الراغب لشرح عمدة الطالب - ط ركائز,https://shamela.ws/book/1241
17,الفقه الحنبلي,150961,الفواكه العديدة في المسائل المفيدة,https://shamela.ws/book/150961
17,الفقه الحنبلي,96876,نيل المآرب بشرح دليل الطالب,https://shamela.ws/book/96876
17,الفقه الحنبلي,30066,فتح وهاب المآرب على دليل الطالب - ت الجماز,https://shamela.ws/book/30066
17,الفقه الحنبلي,14153,الروض الندي شرح كافي المبتدي,https://shamela.ws/book/14153
17,الفقه الحنبلي,29796,بداية العابد وكفاية الزاهد - ت العجمي,https://shamela.ws/book/29796
17,الفقه الحنبلي,147661,بداية العابد وكفاية الزاهد - ت ركائز,https://shamela.ws/book/147661
17,الفقه الحنبلي,6115,كشف المخدرات لشرح أخصر المختصرات,https://shamela.ws/book/6115
17,الفقه الحنبلي,7495,آداب المشي إلى الصلاة - ضمن مؤلفات الشيخ محمد بن عبد الوهاب,https://shamela.ws/book/7495
17,الفقه الحنبلي,31246,آداب المشي إلى الصلاة ط الوزارة,https://shamela.ws/book/31246
17,الفقه الحنبلي,1685,مختصر الإنصاف والشرح الكبير (مطبوع ضمن مجموعة مؤلفات الشيخ محمد بن عبد الوهاب، الجزء الثاني),https://shamela.ws/book/1685
17,الفقه الحنبلي,13785,الفوائد المنتخبات في شرح أخصر المختصرات,https://shamela.ws/book/13785
17,الفقه الحنبلي,21677,مطالب أولي النهى في شرح غاية المنتهى,https://shamela.ws/book/21677
17,الفقه الحنبلي,97809,حاشية اللبدي على نيل المآرب,https://shamela.ws/book/97809
17,الفقه الحنبلي,1202,العقد المفرد في الفقه على مذهب الإمام أحمد,https://shamela.ws/book/1202
17,الفقه الحنبلي,9,مختصر خوقير في فقه الإمام أحمد,https://shamela.ws/book/9
17,الفقه الحنبلي,5463,منار السبيل في شرح الدليل,https://shamela.ws/book/5463
17,الفقه الحنبلي,29577,كلمات السداد على متن الزاد,https://shamela.ws/book/29577
17,الفقه الحنبلي,808,الزوائد على زاد المستقنع - آل حسين,https://shamela.ws/book/808
17,الفقه الحنبلي,807,شرح زاد المستقنع - آل حسين - المطبوع مع الزوائد عليه,https://shamela.ws/book/807
17,الفقه الحنبلي,11263,شرح كتاب آداب المشي إلى الصلاة أو العبادات (الصلاة، الزكاة، الصيام),https://shamela.ws/book/11263
17,الفقه الحنبلي,12216,حاشية الروض المربع لابن قاسم,https://shamela.ws/book/12216
17,الفقه الحنبلي,142264,الشرح الصوتي لزاد المستقنع - ابن عثيمين,https://shamela.ws/book/142264
17,الفقه الحنبلي,10649,الشرح الممتع على زاد المستقنع,https://shamela.ws/book/10649
17,الفقه الحنبلي,96875,تعليقات ابن عثيمين على الكافي لابن قدامة,https://shamela.ws/book/96875
17,الفقه الحنبلي,11192,الأسئلة والأجوبة الفقهية,https://shamela.ws/book/11192
17,الفقه الحنبلي,7725,شرح أخصر المختصرات لابن جبرين,https://shamela.ws/book/7725
17,الفقه الحنبلي,633,متن الموثق من عمدة الموفق - ضمن مجموع «الرفعة»,https://shamela.ws/book/633
17,الفقه الحنبلي,1319,تيسير مسائل الفقه شرح الروض المربع,https://shamela.ws/book/1319
17,الفقه الحنبلي,127708,المطلع على دقائق زاد المستقنع «المعاملات المالية»,https://shamela.ws/book/127708
17,الفقه الحنبلي,127711,المطلع على دقائق زاد المستقنع «فقه الأسرة»,https://shamela.ws/book/127711
17,الفقه الحنبلي,127709,المطلع على دقائق زاد المستقنع «فقه الجنايات والحدود»,https://shamela.ws/book/127709
17,الفقه الحنبلي,127710,المطلع على دقائق زاد المستقنع «فقه القضاء والشهادات»,https://shamela.ws/book/127710
17,الفقه الحنبلي,30096,التسهيل في فقه الإمام أحمد - وزارة الأوقاف الكويتية,https://shamela.ws/book/30096
17,الفقه الحنبلي,11811,الملخص الفقهي,https://shamela.ws/book/11811
17,الفقه الحنبلي,16822,المذهب الحنبلي دراسة في تاريخه وسماته,https://shamela.ws/book/16822
17,الفقه الحنبلي,11262,شرح شروط الصلاة وأركانها وواجباتها لشيخ الإسلام محمد بن عبد الوهاب,https://shamela.ws/book/11262
17,الفقه الحنبلي,913,دروس فقهية - اللهيميد,https://shamela.ws/book/913
17,الفقه الحنبلي,832,شرح منهج السالكين وتوضيح الفقه في الدين - اللهيميد,https://shamela.ws/book/832
17,الفقه الحنبلي,7696,شرح زاد المستقنع - الشنقيطي - التفريغ,https://shamela.ws/book/7696
17,الفقه الحنبلي,37545,شرح زاد المستقنع - الشنقيطي - الطهارة ط الإفتاء,https://shamela.ws/book/37545
17,الفقه الحنبلي,931,المسائل الفقهية التي بناها الحنابلة في مذهبهم على الاحتجاج بمذهب الصحابي - من أول كتاب النكاح إلى نهاية كتاب الإقرار),https://shamela.ws/book/931
17,الفقه الحنبلي,23834,شرح زاد المستقنع - عبد الكريم الخضير,https://shamela.ws/book/23834
17,الفقه الحنبلي,23745,شرح كتاب الصيام من عمدة الفقه - عبد الكريم الخضير,https://shamela.ws/book/23745
17,الفقه الحنبلي,26252,شرح مختصر الخرقي - عبد الكريم الخضير,https://shamela.ws/book/26252
17,الفقه الحنبلي,36194,التحرير شرح الدليل - كتاب الطهارة,https://shamela.ws/book/36194
17,الفقه الحنبلي,37590,تحقيق المطالب بشرح دليل الطالب - المنياوي - قطعة من الطهارة,https://shamela.ws/book/37590
17,الفقه الحنبلي,12899,فقه العبادات على المذهب الحنبلي,https://shamela.ws/book/12899
17,الفقه الحنبلي,145206,وبل الغمامة في شرح عمدة الفقه لابن قدامة,https://shamela.ws/book/145206
17,الفقه الحنبلي,131520,أخير المدخرات شرح أخصر المختصرات,https://shamela.ws/book/131520
17,الفقه الحنبلي,17500,الحاشية العثيمينية على زاد المستقنع,https://shamela.ws/book/17500
17,الفقه الحنبلي,36123,الشرح الميسر لزاد المستقنع - الحازمي - كتاب الطهارة,https://shamela.ws/book/36123
17,الفقه الحنبلي,37427,التعليق على العدة شرح العمدة - أسامة سليمان,https://shamela.ws/book/37427
17,الفقه الحنبلي,852,شرح زاد المستقنع - حمد الحمد,https://shamela.ws/book/852
17,الفقه الحنبلي,36580,فقه الصيام والحج من دليل الطالب,https://shamela.ws/book/36580
17,الفقه الحنبلي,96613,شرح زاد المستقنع - أحمد الخليل,https://shamela.ws/book/96613
17,الفقه الحنبلي,13626,مذكرة القول الراجح مع الدليل - الصلاة,https://shamela.ws/book/13626
17,الفقه الحنبلي,13625,مذكرة القول الراجح مع الدليل - الطهارة,https://shamela.ws/book/13625
17,الفقه الحنبلي,147657,الدلائل والإشارات على أخصر المختصرات,https://shamela.ws/book/147657
17,الفقه الحنبلي,147663,منية الساجد بشرح بداية العابد وكفاية الزاهد,https://shamela.ws/book/147663
17,الفقه الحنبلي,139,الحواشي السابغات على أخصر المختصرات,https://shamela.ws/book/139
17,الفقه الحنبلي,30004,فيض الجليل على متن الدليل,https://shamela.ws/book/30004
17,الفقه الحنبلي,141,مدارج تفقه الحنبلي,https://shamela.ws/book/141
17,الفقه الحنبلي,208,اختيارات القاضي أبي يعلى الحنبلي الفقهية من أول كتاب الطهارة إلى آخر باب التيمم,https://shamela.ws/book/208
18,الفقه العام,9811,المناسك لابن أبي عروبة,https://shamela.ws/book/9811
18,الفقه العام,6230,المكاسب والورع والشبهة,https://shamela.ws/book/6230
18,الفقه العام,25793,الأشربة وذكر اختلاف الناس فيها لابن قتيبة,https://shamela.ws/book/25793
18,الفقه العام,13018,الديات لابن أبي عاصم,https://shamela.ws/book/13018
18,الفقه العام,2919,اختلاف الفقهاء = اختلاف العلماء للمروزي,https://shamela.ws/book/2919
18,الفقه العام,7492,اختلاف الفقهاء لابن جرير,https://shamela.ws/book/7492
18,الفقه العام,5597,تهذيب الآثار - الجزء المفقود,https://shamela.ws/book/5597
18,الفقه العام,13090,تهذيب الآثار - مسند ابن عباس,https://shamela.ws/book/13090
18,الفقه العام,13091,تهذيب الآثار - مسند علي,https://shamela.ws/book/13091
18,الفقه العام,13092,تهذيب الآثار - مسند عمر,https://shamela.ws/book/13092
18,الفقه العام,21113,الأوسط في السنن والإجماع والاختلاف - ت حنيف,https://shamela.ws/book/21113
18,الفقه العام,1568,الأوسط من السنن والإجماع والاختلاف - ط الفلاح,https://shamela.ws/book/1568
18,الفقه العام,151100,الإجماع لابن المنذر - ت أبي عبد الأعلى,https://shamela.ws/book/151100
18,الفقه العام,12445,الإجماع لابن المنذر - ت فؤاد - ط المسلم,https://shamela.ws/book/12445
18,الفقه العام,119492,الإشراف على مذاهب العلماء لابن المنذر,https://shamela.ws/book/119492
18,الفقه العام,12843,الإقناع لابن المنذر,https://shamela.ws/book/12843
18,الفقه العام,6222,اختلاف العلماء للطحاوي - اختصار الجصاص,https://shamela.ws/book/6222
18,الفقه العام,11767,الخراج وصناعة الكتابة,https://shamela.ws/book/11767
18,الفقه العام,18287,نوادر الفقهاء,https://shamela.ws/book/18287
18,الفقه العام,6233,مسألة الطائفين,https://shamela.ws/book/6233
18,الفقه العام,767,المحلى بالآثار,https://shamela.ws/book/767
18,الفقه العام,12446,مراتب الإجماع,https://shamela.ws/book/12446
18,الفقه العام,13000,الإنصاف لابن عبد البر,https://shamela.ws/book/13000
18,الفقه العام,6277,السماع لابن القيسراني,https://shamela.ws/book/6277
18,الفقه العام,6228,اختلاف الأئمة العلماء لابن هبيرة,https://shamela.ws/book/6228
18,الفقه العام,1449,الإنجاد في أبواب الجهاد,https://shamela.ws/book/1449
18,الفقه العام,13624,الإقناع في مسائل الإجماع ت الصعيدي,https://shamela.ws/book/13624
18,الفقه العام,96232,الإيضاح في مناسك الحج والعمرة,https://shamela.ws/book/96232
18,الفقه العام,147665,مناسك الحج لابن تيمية ط ركائز,https://shamela.ws/book/147665
18,الفقه العام,6255,المسائل الفقهية لابن قداح,https://shamela.ws/book/6255
18,الفقه العام,6256,ملحق فتاوى لابن قداح لم تتضمنها مسائله,https://shamela.ws/book/6256
18,الفقه العام,147673,اختيارات شيخ الإسلام ابن تيمية لابن عبد الهادي,https://shamela.ws/book/147673
18,الفقه العام,147674,اختيارات شيخ الإسلام ابن تيمية للبرهان ابن القيم,https://shamela.ws/book/147674
18,الفقه العام,95560,المعاني البديعة في معرفة اختلاف أهل الشريعة,https://shamela.ws/book/95560
18,الفقه العام,12703,الإجابة لإيراد ما استدركته عائشة على الصحابة - ت الأفغاني,https://shamela.ws/book/12703
18,الفقه العام,8490,الإجابة لإيراد ما استدركته عائشة على الصحابة - ت رفعت فوزي,https://shamela.ws/book/8490
18,الفقه العام,1364,الإجابة لإيراد ما استدركته عائشة على الصحابة - ط الرسالة,https://shamela.ws/book/1364
18,الفقه العام,1391,القول البديع في الصلاة على الحبيب الشفيع,https://shamela.ws/book/1391
18,الفقه العام,209,أسرار الكون = الهيئة السنية في الهيئة السنية,https://shamela.ws/book/209
18,الفقه العام,11577,مزيد النعمة لجمع أقوال الأئمة,https://shamela.ws/book/11577
18,الفقه العام,773,حجة الله البالغة,https://shamela.ws/book/773
18,الفقه العام,8383,الطهارة (مطبوع ضمن مؤلفات الشيخ محمد بن عبد الوهاب، الجزء الثالث),https://shamela.ws/book/8383
18,الفقه العام,1467,الكبائر لمحمد بن عبد الوهاب ت الجوابرة,https://shamela.ws/book/1467
18,الفقه العام,12092,منسك الحج,https://shamela.ws/book/12092
18,الفقه العام,13659,الطراز المرقوم للجمزوري,https://shamela.ws/book/13659
18,الفقه العام,7264,الدراري المضية شرح الدرر البهية,https://shamela.ws/book/7264
18,الفقه العام,7342,السيل الجرار المتدفق على حدائق الأزهار,https://shamela.ws/book/7342
18,الفقه العام,17796,إرشاد العباد في فضل الجهاد,https://shamela.ws/book/17796
18,الفقه العام,9293,الدرر البهية والروضة الندية والتعليقات الرضية,https://shamela.ws/book/9293
18,الفقه العام,7444,الروضة الندية شرح الدرر البهية ط المعرفة,https://shamela.ws/book/7444
18,الفقه العام,3485,حسن الأسوة بما ثبت من الله ورسوله في النسوة,https://shamela.ws/book/3485
18,الفقه العام,17101,رحلة الصديق إلى البلد العتيق,https://shamela.ws/book/17101
18,الفقه العام,10541,إصلاح المساجد من البدع والعوائد,https://shamela.ws/book/10541
18,الفقه العام,17748,ثمرة التسارع إلى الحب في الله تعالى وترك التقاطع,https://shamela.ws/book/17748
18,الفقه العام,14014,سر الاستغفار عقب الصلوات,https://shamela.ws/book/14014
18,الفقه العام,3940,نظم اختيارات شيخ الإسلام ابن تيمية,https://shamela.ws/book/3940
18,الفقه العام,3727,نظم ما انفرد به ابن تيمية,https://shamela.ws/book/3727
18,الفقه العام,20907,الدين الخالص أو إرشاد الخلق إلى دين الحق,https://shamela.ws/book/20907
18,الفقه العام,20979,أصول الفقه - آيات وأحاديث الأحكام من أمالي الأستاذ الإمام,https://shamela.ws/book/20979
18,الفقه العام,9849,الفقه على المذاهب الأربعة,https://shamela.ws/book/9849
18,الفقه العام,37059,المرأة العربية في جاهليتها وإسلامها,https://shamela.ws/book/37059
18,الفقه العام,17793,تحذير الجمهور من مفاسد شهادة الزور,https://shamela.ws/book/17793
18,الفقه العام,10276,النقد والبيان في دفع أوهام خزيران,https://shamela.ws/book/10276
18,الفقه العام,8631,أحكام الأحوال الشخصية في الشريعة الإسلامية,https://shamela.ws/book/8631
18,الفقه العام,1602,إرشاد أولى البصائر والألباب لنيل الفقة بأقرب الطرق وأيسر الأسباب,https://shamela.ws/book/1602
18,الفقه العام,12099,منهج السالكين وتوضيح الفقة في الدين,https://shamela.ws/book/12099
18,الفقه العام,29570,الغرر النقية على الدرر البهية,https://shamela.ws/book/29570
18,الفقه العام,828,المرأة بين الفقه والقانون,https://shamela.ws/book/828
18,الفقه العام,30628,الاختيارات الفقهية للشيخ محمد بن إبراهيم في مسائل العبادات,https://shamela.ws/book/30628
18,الفقه العام,96231,الإحكام شرح أصول الأحكام لابن قاسم,https://shamela.ws/book/96231
18,الفقه العام,133368,تحقيقات وأنظار في القرآن والسنة,https://shamela.ws/book/133368
18,الفقه العام,6254,المسائل التسع,https://shamela.ws/book/6254
18,الفقه العام,9838,مفيد الأنام ونور الظلام في تحرير الأحكام لحج بيت الله الحرام,https://shamela.ws/book/9838
18,الفقه العام,10410,الشمس في نصف الليل,https://shamela.ws/book/10410
18,الفقه العام,18339,الأساس في السنة وفقهها - العبادات في الإسلام,https://shamela.ws/book/18339
18,الفقه العام,18085,التنبيهات على رسالة الألباني في الصلاة,https://shamela.ws/book/18085
18,الفقه العام,14516,غربة الإسلام,https://shamela.ws/book/14516
18,الفقه العام,20824,كتاب الرؤيا,https://shamela.ws/book/20824
18,الفقه العام,10336,الحج عرفة,https://shamela.ws/book/10336
18,الفقه العام,31235,التحقيق والإيضاح لكثير من مسائل الحج والعمرة والزيارة على ضوء الكتاب,https://shamela.ws/book/31235
18,الفقه العام,293,الدروس المهمة لعامة الأمة,https://shamela.ws/book/293
18,الفقه العام,31241,الفوائد الجلية في المباحث الفرضية,https://shamela.ws/book/31241
18,الفقه العام,31252,تحفة الإخوان بأجوبة مهمة تتعلق بأركان الإسلام,https://shamela.ws/book/31252
18,الفقه العام,31256,ثلاث رسائل في الصلاة,https://shamela.ws/book/31256
18,الفقه العام,31261,رسالتان في الصلاة,https://shamela.ws/book/31261
18,الفقه العام,37416,شرح رسالة محمد بن عبد الوهاب في شروط الصلاة وأركانها وواجباتها,https://shamela.ws/book/37416
18,الفقه العام,31227,كيفية صلاة النبي صلى الله عليه وسلم,https://shamela.ws/book/31227
18,الفقه العام,854,أحكام الجنائز,https://shamela.ws/book/854
18,الفقه العام,9875,أصل صفة صلاة النبي صلى الله عليه وسلم,https://shamela.ws/book/9875
18,الفقه العام,306,الثمر المستطاب في فقه السنة والكتاب,https://shamela.ws/book/306
18,الفقه العام,314,الرد المفحم,https://shamela.ws/book/314
18,الفقه العام,11108,تلخيص أحكام الجنائز,https://shamela.ws/book/11108
18,الفقه العام,10095,تلخيص صفة صلاة النبي صلى الله عليه وآله وسلم,https://shamela.ws/book/10095
18,الفقه العام,11122,تمام المنة في التعليق على فقه السنة,https://shamela.ws/book/11122
18,الفقه العام,145204,جامع تراث العلامة الألباني في الفقه,https://shamela.ws/book/145204
18,الفقه العام,9994,جلباب المرأة المسلمة في الكتاب والسنة,https://shamela.ws/book/9994
18,الفقه العام,399,حجة النبي,https://shamela.ws/book/399
18,الفقه العام,657,صفة صلاة النبي صلى الله عليه وسلم - الألباني,https://shamela.ws/book/657
18,الفقه العام,12090,مناسك الحج والعمرة,https://shamela.ws/book/12090
18,الفقه العام,9486,فقه السنة,https://shamela.ws/book/9486
18,الفقه العام,12199,استقبال المسلمين لرمضان,https://shamela.ws/book/12199
18,الفقه العام,21792,أخطاء يرتكبها بعض الحجاج,https://shamela.ws/book/21792
18,الفقه العام,12880,التعليق على رسالة حقيقة الصيام وكتاب الصيام من الفروع ومسائل مختارة منه,https://shamela.ws/book/12880
18,الفقه العام,7686,اللقاء الشهري,https://shamela.ws/book/7686
18,الفقه العام,21801,المناهي اللفظية,https://shamela.ws/book/21801
18,الفقه العام,21802,المنتقى من فرائد الفوائد,https://shamela.ws/book/21802
18,الفقه العام,8958,المنهج لمريد العمرة والحج,https://shamela.ws/book/8958
18,الفقه العام,7679,جلسات رمضانية للعثيمين,https://shamela.ws/book/7679
18,الفقه العام,21816,صفة صلاة النبي صلى الله عليه وسلم - العثيمين,https://shamela.ws/book/21816
18,الفقه العام,21823,فقه العبادات للعثيمين,https://shamela.ws/book/21823
18,الفقه العام,21822,مختصر أحكام الأضحية والذكاة,https://shamela.ws/book/21822
18,الفقه العام,31271,من الأحكام الفقهية في الطهارة والصلاة والجنائز,https://shamela.ws/book/31271
18,الفقه العام,21585,مناسك الحج والعمرة والمشروع في الزيارة,https://shamela.ws/book/21585
18,الفقه العام,21586,نبذ في الصيام,https://shamela.ws/book/21586
18,الفقه العام,96787,مجموعة رسائل علمية,https://shamela.ws/book/96787
18,الفقه العام,11430,الموسوعة الفقهية الكويتية,https://shamela.ws/book/11430
18,الفقه العام,384,الفقه الإسلامي وأدلته للزحيلي,https://shamela.ws/book/384
18,الفقه العام,6400,الأدلة الرضية لمتن الدرر البهية في المسائل الفقهية,https://shamela.ws/book/6400
18,الفقه العام,782,اللباب في فقه السنة والكتاب,https://shamela.ws/book/782
18,الفقه العام,31260,رسالة في الفقه الميسر,https://shamela.ws/book/31260
18,الفقه العام,96453,أحكام الجنائز,https://shamela.ws/book/96453
18,الفقه العام,96471,العمرة والحج والزيارة في ضوء الكتاب والسنة,https://shamela.ws/book/96471
18,الفقه العام,96477,النور والظلمات في ضوء الكتاب والسنة,https://shamela.ws/book/96477
18,الفقه العام,96521,مرشد المعتمر والحاج والزائر في ضوء الكتاب والسنة,https://shamela.ws/book/96521
18,الفقه العام,96547,مناسك الحج والعمرة في الإسلام في ضوء الكتاب والسنة,https://shamela.ws/book/96547
18,الفقه العام,30926,تذكرة الصوام بشيء من فضائل الصيام والقيام وما يتعلق بهما من أحكام,https://shamela.ws/book/30926
18,الفقه العام,37576,إحسان خلق الإنسان,https://shamela.ws/book/37576
18,الفقه العام,36172,إمعان النظر في مشروعية البغض والهجر,https://shamela.ws/book/36172
18,الفقه العام,13443,التفكر والاعتبار بآيات الكسوف والزلازل والإعصار,https://shamela.ws/book/13443
18,الفقه العام,37578,ثمار يانعة وتعليقات نافعة,https://shamela.ws/book/37578
18,الفقه العام,20687,معرفة المأمور به والمحذور في زيارة القبور,https://shamela.ws/book/20687
18,الفقه العام,37008,شرح عمدة الفقه - الراجحي,https://shamela.ws/book/37008
18,الفقه العام,769,الآراء الفقهية المعاصرة المحكوم عليها بالشذوذ في العبادات,https://shamela.ws/book/769
18,الفقه العام,787,الأحكام الفقهية التي قيل فيها بالنسخ وأثر ذلك في اختلاف الفقهاء,https://shamela.ws/book/787
18,الفقه العام,1959,دروس رمضان,https://shamela.ws/book/1959
18,الفقه العام,30915,البدع والمخالفات في الحج,https://shamela.ws/book/30915
18,الفقه العام,615,الرفعة في بعض متون فقه المذاهب الأربعة,https://shamela.ws/book/615
18,الفقه العام,22726,الفقه الميسر في ضوء الكتاب والسنة,https://shamela.ws/book/22726
18,الفقه العام,38056,الموسوعة الفقهية,https://shamela.ws/book/38056
18,الفقه العام,31239,تطهير الجنان والقواعد الأربع ومنهج السالكين,https://shamela.ws/book/31239
18,الفقه العام,9083,دليل الحاج والمعتمر وزائر مسجد الرسول صلى الله عليه وسلم,https://shamela.ws/book/9083
18,الفقه العام,968,فقه المعاملات,https://shamela.ws/book/968
18,الفقه العام,8356,مجلة مجمع الفقه الإسلامي,https://shamela.ws/book/8356
18,الفقه العام,308,مدونة أحكام الوقف الفقهية,https://shamela.ws/book/308
18,الفقه العام,32535,موسوعة الإجماع في الفقه الإسلامي - ط الفضيلة,https://shamela.ws/book/32535
18,الفقه العام,437,موسوعة جمال عبد الناصر في الفقه الإسلامي,https://shamela.ws/book/437
18,الفقه العام,31221,تعليم الصلاة,https://shamela.ws/book/31221
18,الفقه العام,17503,الحجاب في الشرع والفطرة,https://shamela.ws/book/17503
18,الفقه العام,30165,الجامع لأحكام الوقف والهبات والوصايا,https://shamela.ws/book/30165
18,الفقه العام,1576,المختصر في الأنكحة والأطعمة والأيمان والنذور,https://shamela.ws/book/1576
18,الفقه العام,1575,المختصر في الجنايات والحدود والقضاء,https://shamela.ws/book/1575
18,الفقه العام,31285,المختصر في فقه العبادات,https://shamela.ws/book/31285
18,الفقه العام,884,مختصر منسك شيخ الإسلام ابن تيمية,https://shamela.ws/book/884
18,الفقه العام,2051,الجامع لأحكام الصلاة - محمود عويضة,https://shamela.ws/book/2051
18,الفقه العام,2050,الجامع لأحكام الصيام,https://shamela.ws/book/2050
18,الفقه العام,31069,خطبة الجمعة ودورها في تربية الأمة,https://shamela.ws/book/31069
18,الفقه العام,7698,فقه الأسرة,https://shamela.ws/book/7698
18,الفقه العام,933,المسائل الفقهية التي حمل النهي فيها على غير التحريم - من كتاب الطهارة إلى باب صلاة التطوع,https://shamela.ws/book/933
18,الفقه العام,26302,شرح الدروس المهمة لعامة الأمة,https://shamela.ws/book/26302
18,الفقه العام,25814,شرح منسك شيخ الإسلام ابن تيمية,https://shamela.ws/book/25814
18,الفقه العام,12839,تبصير أولي الألباب ببدعة تقسيم الدين إلى قشر ولباب,https://shamela.ws/book/12839
18,الفقه العام,9133,عودة الحجاب,https://shamela.ws/book/9133
18,الفقه العام,98141,عودوا الى خير الهدي,https://shamela.ws/book/98141
18,الفقه العام,7606,الحج والعمرة والزيارة,https://shamela.ws/book/7606
18,الفقه العام,1331,اختيارات الحافظ الذهبي الفقهية,https://shamela.ws/book/1331
18,الفقه العام,1497,إدارة الوقت من المنظور الإسلامي والإداري,https://shamela.ws/book/1497
18,الفقه العام,10448,الأحكام الملمة على الدروس المهمة لعامة الأمة,https://shamela.ws/book/10448
18,الفقه العام,11096,تسهيل المناسك,https://shamela.ws/book/11096
18,الفقه العام,11267,صفحات رمضانية,https://shamela.ws/book/11267
18,الفقه العام,7662,الصلاة وصف مفصل للصلاة بمقدماتها مقرونة بالدليل من الكتاب والسنة، وبيان لأحكامها وآدابها وشروطها وسننها من التكبير حتى التسليم,https://shamela.ws/book/7662
18,الفقه العام,5913,الفقه الميسر,https://shamela.ws/book/5913
18,الفقه العام,10223,دعائم التمكين,https://shamela.ws/book/10223
18,الفقه العام,12134,أحكام الاضطباع والرمل في الطواف,https://shamela.ws/book/12134
18,الفقه العام,8802,التأمين عقب الفاتحة في الصلاة,https://shamela.ws/book/8802
18,الفقه العام,8368,البحث العلمى أساسياته النظرية وممارسته العملية,https://shamela.ws/book/8368
18,الفقه العام,10354,الخبيثة أم الخبائث,https://shamela.ws/book/10354
18,الفقه العام,8638,فقه الأسرة,https://shamela.ws/book/8638
18,الفقه العام,7377,فقه المعاملات,https://shamela.ws/book/7377
18,الفقه العام,4023,صحيح المقال في مسألة شد الرحال,https://shamela.ws/book/4023
18,الفقه العام,1230,المسائل الفقهية في ضوء ما اتفق عليه في الطهارات,https://shamela.ws/book/1230
18,الفقه العام,35097,الأحاديث الواردة المقيدة بأدبار الصلوات في كتب السنة جمعا ودراسة,https://shamela.ws/book/35097
18,الفقه العام,36341,البدر التمام بما صح من أدلة الأحكام,https://shamela.ws/book/36341
18,الفقه العام,36185,مختصر الفقه الإسلامي في ضوء القرآن والسنة,https://shamela.ws/book/36185
18,الفقه العام,37532,موسوعة الفقه الإسلامي - التويجري,https://shamela.ws/book/37532
18,الفقه العام,36970,آداب العمرة وأحكامها - حطيبة,https://shamela.ws/book/36970
18,الفقه العام,36977,شرح كتاب الجامع لأحكام الصيام وأعمال رمضان - حطيبة,https://shamela.ws/book/36977
18,الفقه العام,36974,شرح كتاب الجامع لأحكام العمرة والحج والزيارة - حطيبة,https://shamela.ws/book/36974
18,الفقه العام,37700,فقه المعاملات المعاصرة,https://shamela.ws/book/37700
18,الفقه العام,37547,الجامع لأحكام الصلاة - عادل بن سعد,https://shamela.ws/book/37547
18,الفقه العام,35096,الموسوعة الفقهية الميسرة في فقه الكتاب والسنة المطهرة,https://shamela.ws/book/35096
18,الفقه العام,14272,النكت العلمية على الروضة الندية,https://shamela.ws/book/14272
18,الفقه العام,14474,المعاملات المالية أصالة ومعاصرة,https://shamela.ws/book/14474
18,الفقه العام,30064,موسوعة أحكام الصلوات الخمس,https://shamela.ws/book/30064
18,الفقه العام,17126,موسوعة أحكام الطهارة - الدبيان - ط 2,https://shamela.ws/book/17126
18,الفقه العام,157,موسوعة أحكام الطهارة - الدبيان - ط 3,https://shamela.ws/book/157
18,الفقه العام,98086,الوجيز في فقه السنة والكتاب العزيز,https://shamela.ws/book/98086
18,الفقه العام,123511,موسوعة مسائل الجمهور في الفقه الإسلامي,https://shamela.ws/book/123511
18,الفقه العام,13225,مصطلحات المذاهب الفقهية وأسرار الفقه المرموز,https://shamela.ws/book/13225
18,الفقه العام,13619,صحيح فقه السنة وأدلته وتوضيح مذاهب الأئمة,https://shamela.ws/book/13619
18,الفقه العام,14368,نفح العبير,https://shamela.ws/book/14368
18,الفقه العام,147675,اختيارات شيخ الإسلام ابن تيمية لدى مترجميه,https://shamela.ws/book/147675
18,الفقه العام,132619,الاختيارات الفقهية لشيخ الإسلام ابن تيمية لدى تلاميذه,https://shamela.ws/book/132619
18,الفقه العام,130550,المقدمة في فقه العصر,https://shamela.ws/book/130550
18,الفقه العام,133371,الاختيارات الفقهية للشيخ عبيد الله المباركفوري كتاب الصيام والاعتكاف,https://shamela.ws/book/133371
18,الفقه العام,143157,الاختيارات الفقهية لمحمد بن داود الصيدلاني,https://shamela.ws/book/143157
18,الفقه العام,30065,موسوعة الفقه على المذاهب الأربعة - ياسر النجار,https://shamela.ws/book/30065
18,الفقه العام,151185,الركن الخامس,https://shamela.ws/book/151185
18,الفقه العام,30160,السعة والضيق في الأبواب الفقهية,https://shamela.ws/book/30160
19,مسائل فقهية,12106,موقف الإمام والمأموم,https://shamela.ws/book/12106
19,مسائل فقهية,22712,تحرير المقال في موازنة الأعمال وحكم غير المكلفين في العقبى والمآل,https://shamela.ws/book/22712
19,مسائل فقهية,17442,إحكام النظر في أحكام النظر بحاسة البصر,https://shamela.ws/book/17442
19,مسائل فقهية,23163,أداء ما وجب من بيان وضع الوضاعين في رجب,https://shamela.ws/book/23163
19,مسائل فقهية,6245,الأمنية في إدراك النية,https://shamela.ws/book/6245
19,مسائل فقهية,32384,الرد على السبكي في مسألة تعليق الطلاق,https://shamela.ws/book/32384
19,مسائل فقهية,11150,حجاب المرأة ولباسها في الصلاة,https://shamela.ws/book/11150
19,مسائل فقهية,147669,قاعدة مختصرة في قتال الكفار ومهادنتهم وتحريم قتلهم لمجرد كفرهم,https://shamela.ws/book/147669
19,مسائل فقهية,294,شفاء العليل في اختصار إبطال التحليل,https://shamela.ws/book/294
19,مسائل فقهية,10103,تنقيح المناظرة في تصحيح المخابرة,https://shamela.ws/book/10103
19,مسائل فقهية,17261,مسائل تحليل الحائض من الإحرام,https://shamela.ws/book/17261
19,مسائل فقهية,11064,حق الجار,https://shamela.ws/book/11064
19,مسائل فقهية,21747,أحكام أهل الذمة - ط رمادي,https://shamela.ws/book/21747
19,مسائل فقهية,218,أحكام أهل الذمة - ط عطاءات العلم,https://shamela.ws/book/218
19,مسائل فقهية,134,إغاثة اللهفان في حكم طلاق الغضبان - ت الحفيان,https://shamela.ws/book/134
19,مسائل فقهية,7513,إغاثة اللهفان في حكم طلاق الغضبان - ت عفيفي,https://shamela.ws/book/7513
19,مسائل فقهية,19225,إغاثة اللهفان في حكم طلاق الغضبان - ط عطاءات العلم,https://shamela.ws/book/19225
19,مسائل فقهية,7661,الصلاة - ابن القيم - ط زكريا يوسف,https://shamela.ws/book/7661
19,مسائل فقهية,253,الصلاة - ابن القيم - ط عطاءات العلم,https://shamela.ws/book/253
19,مسائل فقهية,6275,الفروسية المحمدية - ت مشهور,https://shamela.ws/book/6275
19,مسائل فقهية,18169,الفروسية المحمدية - ط عطاءات العلم,https://shamela.ws/book/18169
19,مسائل فقهية,18318,الكلام على مسألة السماع,https://shamela.ws/book/18318
19,مسائل فقهية,6266,تحفة المودود بأحكام المولود - ت الأرنؤوط,https://shamela.ws/book/6266
19,مسائل فقهية,229,تحفة المودود بأحكام المولود - ط عطاءات العلم,https://shamela.ws/book/229
19,مسائل فقهية,257,رفع اليدين في الصلاة,https://shamela.ws/book/257
19,مسائل فقهية,30137,فصل المقال في هدايا العمال,https://shamela.ws/book/30137
19,مسائل فقهية,6244,الآداب والأحكام المتعلقة بدخول الحمام,https://shamela.ws/book/6244
19,مسائل فقهية,1174,جزء في بيع أمهات الأولاد,https://shamela.ws/book/1174
19,مسائل فقهية,14452,إعلام الساجد بأحكام المساجد,https://shamela.ws/book/14452
19,مسائل فقهية,37338,زهر العريش في تحريم الحشيش,https://shamela.ws/book/37338
19,مسائل فقهية,667,أحكام الاختلاف في رؤية هلال ذي الحجة,https://shamela.ws/book/667
19,مسائل فقهية,151131,القول الصواب في تزويج أمهات أولاد الغياب,https://shamela.ws/book/151131
19,مسائل فقهية,151132,رسالة في رؤية هلال ذي الحجة,https://shamela.ws/book/151132
19,مسائل فقهية,151133,قاعدة في إخراج الزكاة على الفور,https://shamela.ws/book/151133
19,مسائل فقهية,151135,مختصر في معاملة الظالم السارق,https://shamela.ws/book/151135
19,مسائل فقهية,151126,نزهة الأسماع في مسألة السماع «أحكام الغناء والمعازف»,https://shamela.ws/book/151126
19,مسائل فقهية,16877,قرة العين بالمسرة بوفاء الدين,https://shamela.ws/book/16877
19,مسائل فقهية,5738,الزهر النضر في حال الخضر,https://shamela.ws/book/5738
19,مسائل فقهية,8550,المسائل المهمة فيما يحتاج إليه العاقد عند الخطوب المدلهمة,https://shamela.ws/book/8550
19,مسائل فقهية,10049,تحفة الأمين فيمن يقبل قوله بلا يمين,https://shamela.ws/book/10049
19,مسائل فقهية,96848,أحكام الصلاة على الجنازة في المسجد,https://shamela.ws/book/96848
19,مسائل فقهية,17850,تحرير الأقوال في صوم الست من شوال,https://shamela.ws/book/17850
19,مسائل فقهية,96853,رفع الاشتباه من مسائل المياه,https://shamela.ws/book/96853
19,مسائل فقهية,1598,فرح الأسماع برخص السماع,https://shamela.ws/book/1598
19,مسائل فقهية,17845,إفادة المبتدي المستفيد فى حكم إتيان المأموم بالتسميع,https://shamela.ws/book/17845
19,مسائل فقهية,1500,السر المكتوم في الفرق بين المالين المحمود والمذموم,https://shamela.ws/book/1500
19,مسائل فقهية,25,سير الحاث إلى علم الطلاق الثلاث - ط النوادر,https://shamela.ws/book/25
19,مسائل فقهية,37466,إفادة الخبر بنصه في زيادة العمر ونقصه,https://shamela.ws/book/37466
19,مسائل فقهية,6253,اللمعة في تحقيق الركعة لإدراك الجمعة,https://shamela.ws/book/6253
19,مسائل فقهية,6257,بسط الكف في إتمام الصف,https://shamela.ws/book/6257
19,مسائل فقهية,96851,تأخير الظلامة إلى يوم القيامة,https://shamela.ws/book/96851
19,مسائل فقهية,6260,دفع التشنيع في مسألة التسميع,https://shamela.ws/book/6260
19,مسائل فقهية,6262,فض الوعاء في أحاديث رفع اليدين بالدعاء,https://shamela.ws/book/6262
19,مسائل فقهية,10747,نور اللمعة في خصائص الجمعة,https://shamela.ws/book/10747
19,مسائل فقهية,6243,أسنى المتاجر وبيان أحكام من غلب على وطنه النصاري ولم يهاجر وما يترتب عليه من العقوبات والزواجر,https://shamela.ws/book/6243
19,مسائل فقهية,96262,الإسعاف فى أحكام الأوقاف,https://shamela.ws/book/96262
19,مسائل فقهية,12570,إتحاف ذوي المروة والإنافة بما جاء في الصدقة والضيافة,https://shamela.ws/book/12570
19,مسائل فقهية,6247,الإفصاح عن أحاديث النكاح,https://shamela.ws/book/6247
19,مسائل فقهية,9801,الدر المنضود في الصلاة والسلام على صاحب المقام المحمود,https://shamela.ws/book/9801
19,مسائل فقهية,37886,كف الرعاع عن محرمات اللهو والسماع,https://shamela.ws/book/37886
19,مسائل فقهية,661,مبلغ الأرب في فخر العرب,https://shamela.ws/book/661
19,مسائل فقهية,9279,الخصال المكفرة للذنوب,https://shamela.ws/book/9279
19,مسائل فقهية,9283,رسالة إنقاذ الهالكين في حكم أخذ الأجرة على تلاوة القرآن الكريم,https://shamela.ws/book/9283
19,مسائل فقهية,4126,المراح في المزاح,https://shamela.ws/book/4126
19,مسائل فقهية,9282,بذل المجهود في تحرير أسئلة تغير النقود,https://shamela.ws/book/9282
19,مسائل فقهية,11087,تحقيق الرجحان بصوم يوم الشك من رمضان,https://shamela.ws/book/11087
19,مسائل فقهية,1367,تهذيب الكلام في حكم أرض مصر والعراق والشام,https://shamela.ws/book/1367
19,مسائل فقهية,26541,مسبوك الذهب في فضل العرب وشرف العلم على شرف النسب,https://shamela.ws/book/26541
19,مسائل فقهية,17792,نشر ألوية التشريف بالإعلام والتعريف بمن له ولاية عمارة ما سقط من البيت الشريف,https://shamela.ws/book/17792
19,مسائل فقهية,96849,إتحاف ذوي الإتقان بحكم الرهان,https://shamela.ws/book/96849
19,مسائل فقهية,96852,تجدد المسرات بالقسم بين الزوجات,https://shamela.ws/book/96852
19,مسائل فقهية,96854,سعادة الماجد بعمارة المساجد,https://shamela.ws/book/96854
19,مسائل فقهية,12076,معطية الأمان من حنث الأيمان,https://shamela.ws/book/12076
19,مسائل فقهية,17851,قطع الجدال في أحكام الاستقبال «للكعبة المشرفة»,https://shamela.ws/book/17851
19,مسائل فقهية,1596,فتح الغفور في وضع الأيدي على الصدور,https://shamela.ws/book/1596
19,مسائل فقهية,17806,الإعلام الملتزم بفضيلة زمزم,https://shamela.ws/book/17806
19,مسائل فقهية,29877,استيفاء الأقوال في تحريم الإسبال على الرجال,https://shamela.ws/book/29877
19,مسائل فقهية,7556,الإنصاف في حقيقة الأولياء ومالهم من الكرامات والألطاف,https://shamela.ws/book/7556
19,مسائل فقهية,7489,أحكام تمني الموت (مطبوع ضمن مؤلفات الشيخ محمد بن عبد الوهاب، الجزء الثالث),https://shamela.ws/book/7489
19,مسائل فقهية,11266,شروط الصلاة وأركانها وواجباتها (مطبوع ضمن مؤلفات الشيخ محمد بن عبد الوهاب، الجزء الثالث),https://shamela.ws/book/11266
19,مسائل فقهية,11572,مسائل لخصها الشيخ محمد بن عبد الوهاب من كلام بن تيمية (مطبوع ضمن مؤلفات الشيخ محمد بن عبد الوهاب، الجزء الثاني عشر),https://shamela.ws/book/11572
19,مسائل فقهية,7566,البحث المسفر عن تحريم كل مسكر ومفتر,https://shamela.ws/book/7566
19,مسائل فقهية,38162,السيوف البواتر لمن يقدم صلاة الصبح على الفجر الآخر,https://shamela.ws/book/38162
19,مسائل فقهية,17742,الإنصاف في حكم الإعتكاف,https://shamela.ws/book/17742
19,مسائل فقهية,343,تحقيق المسح على الجوربين والنعلين,https://shamela.ws/book/343
19,مسائل فقهية,411,تحقيق حقوق النساء في الإسلام,https://shamela.ws/book/411
19,مسائل فقهية,10169,حكم القراءة على الأموات,https://shamela.ws/book/10169
19,مسائل فقهية,454,أسئلة وأجوبة في المعاملات - ضمن «آثار المعلمي»,https://shamela.ws/book/454
19,مسائل فقهية,430,إعادة الصلاة - ضمن «آثار المعلمي»,https://shamela.ws/book/430
19,مسائل فقهية,455,الإسلام والتسعير ونحوه أو حول أجور العقار - ضمن «آثار المعلمي»,https://shamela.ws/book/455
19,مسائل فقهية,450,الحكم المشروع في الطلاق المجموع - ضمن «آثار المعلمي»,https://shamela.ws/book/450
19,مسائل فقهية,469,الفسخ بالإعسار - ضمن «آثار المعلمي»,https://shamela.ws/book/469
19,مسائل فقهية,530,الفوائد الفقهية - ضمن «آثار المعلمي»,https://shamela.ws/book/530
19,مسائل فقهية,479,الفوضى الدينية وتعدد الزوجات - ضمن «آثار المعلمي»,https://shamela.ws/book/479
19,مسائل فقهية,415,القبلة وقضاء الحاجة - ضمن «آثار المعلمي»,https://shamela.ws/book/415
19,مسائل فقهية,467,النظر في ورقة إقرار - ضمن «آثار المعلمي»,https://shamela.ws/book/467
19,مسائل فقهية,441,بحث في وقت تشريع ونزول آية صلاة الخوف - ضمن «آثار المعلمي»,https://shamela.ws/book/441
19,مسائل فقهية,449,توكيل الولي غير المجبر بتزويج موليته - ضمن «آثار المعلمي»,https://shamela.ws/book/449
19,مسائل فقهية,462,جواب الاستفتاء عن حقيقة الربا - ضمن «آثار المعلمي»,https://shamela.ws/book/462
19,مسائل فقهية,438,حقيقة الوتر ومسماه في الشرع - ضمن «آثار المعلمي»,https://shamela.ws/book/438
19,مسائل فقهية,451,رسالة في المواريث - ضمن «آثار المعلمي»,https://shamela.ws/book/451
19,مسائل فقهية,446,رسالة في توسعة المسعى بين الصفا والمروة - ضمن «آثار المعلمي»,https://shamela.ws/book/446
19,مسائل فقهية,447,رسالة في سير النبي - صلى الله عليه وسلم - في الحج والكلام على وادي محسر - ضمن «آثار المعلمي»,https://shamela.ws/book/447
19,مسائل فقهية,440,سنة الجمعة القبلية - ضمن «آثار المعلمي»,https://shamela.ws/book/440
19,مسائل فقهية,461,صيام ستة أيام من شوال - ضمن «آثار المعلمي»,https://shamela.ws/book/461
19,مسائل فقهية,330,عمارة القبور في الإسلام - المبيضة - ضمن «آثار المعلمي»,https://shamela.ws/book/330
19,مسائل فقهية,331,عمارة القبور في الإسلام - المسودة - ضمن «آثار المعلمي»,https://shamela.ws/book/331
19,مسائل فقهية,424,فائدة في السواك - ضمن «آثار المعلمي»,https://shamela.ws/book/424
19,مسائل فقهية,439,فرضية الجمعة وسبب تسميتها - ضمن «آثار المعلمي»,https://shamela.ws/book/439
19,مسائل فقهية,448,فلسفة الأعياد وحكمة الإسلام - ضمن «آثار المعلمي»,https://shamela.ws/book/448
19,مسائل فقهية,468,قضية في سكوت المدعى عليه عن الإقرار والإنكار - ضمن «آثار المعلمي»,https://shamela.ws/book/468
19,مسائل فقهية,442,قيام رمضان - ضمن «آثار المعلمي»,https://shamela.ws/book/442
19,مسائل فقهية,464,كشف الخفاء عن حكم بيع الوفاء - ضمن «آثار المعلمي»,https://shamela.ws/book/464
19,مسائل فقهية,443,مسألة اشتراط الصوم في الاعتكاف - ضمن «آثار المعلمي»,https://shamela.ws/book/443
19,مسائل فقهية,472,مسألة الوقف في مرض الموت - ضمن «آثار المعلمي»,https://shamela.ws/book/472
19,مسائل فقهية,425,مسألة بطلان الصلاة بتغيير الآيات في القراءة - ضمن «آثار المعلمي»,https://shamela.ws/book/425
19,مسائل فقهية,460,مسألة في إعادة الإمام الصلاة دون من صلى وراءه في الجماعة - ضمن «آثار المعلمي»,https://shamela.ws/book/460
19,مسائل فقهية,480,مسألة في رجل حنفي تزوج صغيرة بولاية أمها - ضمن «آثار المعلمي»,https://shamela.ws/book/480
19,مسائل فقهية,481,مسألة في صبيين مسلمين أخذهما رئيس الكنيسة فنشآ على دينه وبلغا عليه وتزوجا، ثم أسلما - ضمن «آثار المعلمي»,https://shamela.ws/book/481
19,مسائل فقهية,453,مسألة منع بيع الأحرار - ضمن «آثار المعلمي»,https://shamela.ws/book/453
19,مسائل فقهية,470,مسألتان في الضمان والالتزام - ضمن «آثار المعلمي»,https://shamela.ws/book/470
19,مسائل فقهية,459,مسائل القراءة في الصلاة، والرد على أحد شراح الترمذي - ضمن «آثار المعلمي»,https://shamela.ws/book/459
19,مسائل فقهية,444,مقام إبراهيم - ضمن «آثار المعلمي»,https://shamela.ws/book/444
19,مسائل فقهية,456,مناقشة لحكم بعض القضاة في قضية تنازع فيها رجلان - ضمن «آثار المعلمي»,https://shamela.ws/book/456
19,مسائل فقهية,426,هل يدرك المأموم الركعة بإدراكه الركوع مع الإمام - ضمن «آثار المعلمي»,https://shamela.ws/book/426
19,مسائل فقهية,31251,تحريم حلق اللحى - وجوب إعفاء اللحية,https://shamela.ws/book/31251
19,مسائل فقهية,703,القول الفصل في حكم تارك الصلاة عمدا حتى يخرج وقتها,https://shamela.ws/book/703
19,مسائل فقهية,38161,تحفة الإخوان بما جاء في الموالاة والمعاداة والحب والبغض والهجران,https://shamela.ws/book/38161
19,مسائل فقهية,4924,من أحكام الفقه الإسلامي وما جاء في المعاملات الربوية وأحكام المداينة,https://shamela.ws/book/4924
19,مسائل فقهية,30828,حكم بناء الكنائس والمعابد الشركية في بلاد المسلمين,https://shamela.ws/book/30828
19,مسائل فقهية,5046,كشف الستور في نهي النساء عن زيارة القبور,https://shamela.ws/book/5046
19,مسائل فقهية,31292,وظيفة المسجد في المجتمع,https://shamela.ws/book/31292
19,مسائل فقهية,4349,إتحاف الأحباب بما ثبت في مسألة الحجاب,https://shamela.ws/book/4349
19,مسائل فقهية,31249,أحكام صلاة المريض,https://shamela.ws/book/31249
19,مسائل فقهية,31324,التبرج وخطر مشاركة المرأة للرجل في ميدان عمله,https://shamela.ws/book/31324
19,مسائل فقهية,5412,حكم السحر والكهانة وما يتعلق بها,https://shamela.ws/book/5412
19,مسائل فقهية,31258,حكم شرب الدخان وإمامة من يتجاهر به,https://shamela.ws/book/31258
19,مسائل فقهية,31514,نقد القومية العربية على ضوء الإسلام والواقع,https://shamela.ws/book/31514
19,مسائل فقهية,7494,آداب الزفاف في السنة المطهرة,https://shamela.ws/book/7494
19,مسائل فقهية,11081,تحريم آلات الطرب,https://shamela.ws/book/11081
19,مسائل فقهية,416,حكم تارك الصلاة - الألباني,https://shamela.ws/book/416
19,مسائل فقهية,680,صلاة التراويح - الألباني,https://shamela.ws/book/680
19,مسائل فقهية,11273,صلاة العيدين في المصلى هي السنة,https://shamela.ws/book/11273
19,مسائل فقهية,11307,قيام رمضان فضله وكيفية أدائه ومشروعية الجماعة فيه ومعه بحث قيم عن الاعتكاف,https://shamela.ws/book/11307
19,مسائل فقهية,22950,التراويح أكثر من ألف عام في المسجد النبوي,https://shamela.ws/book/22950
19,مسائل فقهية,10387,الرشوة,https://shamela.ws/book/10387
19,مسائل فقهية,21528,48 سؤالا في الصيام,https://shamela.ws/book/21528
19,مسائل فقهية,7470,60 سؤال وجواب في أحكام الحيض,https://shamela.ws/book/7470
19,مسائل فقهية,11529,أحكام الأضحية والذكاة,https://shamela.ws/book/11529
19,مسائل فقهية,7639,الزواج,https://shamela.ws/book/7639
19,مسائل فقهية,8543,المداينة,https://shamela.ws/book/8543
19,مسائل فقهية,11069,بحوث وفتاوى في المسح على الخفين,https://shamela.ws/book/11069
19,مسائل فقهية,11166,حكم تارك الصلاة - العثيمين,https://shamela.ws/book/11166
19,مسائل فقهية,21810,رسالة الحجاب,https://shamela.ws/book/21810
19,مسائل فقهية,31341,رسالة في الدماء الطبيعية للنساء,https://shamela.ws/book/31341
19,مسائل فقهية,299,رسالة في الوضوء والغسل والصلاة,https://shamela.ws/book/299
19,مسائل فقهية,11224,رسالة في زكاة الحلي,https://shamela.ws/book/11224
19,مسائل فقهية,11225,رسالة في سجود السهو,https://shamela.ws/book/11225
19,مسائل فقهية,21818,فصول في الصيام والتراويح والزكاة,https://shamela.ws/book/21818
19,مسائل فقهية,11377,مجموعة أسئلة تهم الأسرة المسلمة,https://shamela.ws/book/11377
19,مسائل فقهية,675,أحكام الغصب في الفقه الاسلامي,https://shamela.ws/book/675
19,مسائل فقهية,10500,الحدود والتعزيرات عند ابن القيم,https://shamela.ws/book/10500
19,مسائل فقهية,96768,السبحة تاريخها وحكمها,https://shamela.ws/book/96768
19,مسائل فقهية,4089,بطاقة الائتمان,https://shamela.ws/book/4089
19,مسائل فقهية,9844,حكم التمثيل,https://shamela.ws/book/9844
19,مسائل فقهية,10776,فقه النوازل,https://shamela.ws/book/10776
19,مسائل فقهية,29883,لا جديد في أحكام الصلاة,https://shamela.ws/book/29883
19,مسائل فقهية,36511,الزواج بنية الطلاق من خلال أدلة الكتاب والسنة ومقاصد الشريعة الإسلامية,https://shamela.ws/book/36511
19,مسائل فقهية,31288,فصول ومسائل تتعلق بالمساجد,https://shamela.ws/book/31288
19,مسائل فقهية,11527,الإسلام والتوازن الاقتصادي بين الأفراد والدول,https://shamela.ws/book/11527
19,مسائل فقهية,7490,أحكام عصاة المؤمنين من كلام شيخ الإسلام ابن تيمية - كجك,https://shamela.ws/book/7490
19,مسائل فقهية,4144,صلاة التوبة والأحكام المتعلقة بها في الفقه الإسلامي,https://shamela.ws/book/4144
19,مسائل فقهية,8546,المدينة المنورة النبوية فضلها، فضل ساكنيها، زيارتها,https://shamela.ws/book/8546
19,مسائل فقهية,8624,النكاح والطلاق أو الزواج والفراق,https://shamela.ws/book/8624
19,مسائل فقهية,11163,حقيقة الجهاد في سبيل الله ومحرمة الخروج على حاكم المسلمين,https://shamela.ws/book/11163
19,مسائل فقهية,36536,زكاة الأسهم والسندات والورق النقدي,https://shamela.ws/book/36536
19,مسائل فقهية,96454,أركان الصلاة,https://shamela.ws/book/96454
19,مسائل فقهية,96548,إظهار الحق والصواب في حكم الحجاب,https://shamela.ws/book/96548
19,مسائل فقهية,96459,الإمامة في الصلاة,https://shamela.ws/book/96459
19,مسائل فقهية,96456,الاختلاط بين الرجال والنساء,https://shamela.ws/book/96456
19,مسائل فقهية,96462,الجهاد في سبيل الله تعالى,https://shamela.ws/book/96462
19,مسائل فقهية,96465,الربا,https://shamela.ws/book/96465
19,مسائل فقهية,96466,الزكاة في الإسلام في ضوء الكتاب والسنة,https://shamela.ws/book/96466
19,مسائل فقهية,96467,الصيام في الإسلام في ضوء الكتاب والسنة,https://shamela.ws/book/96467
19,مسائل فقهية,96473,الغناء والمعازف في ضوء الكتاب والسنة وآثار الصحابة - رضي الله عنهم -,https://shamela.ws/book/96473
19,مسائل فقهية,96475,المساجد,https://shamela.ws/book/96475
19,مسائل فقهية,96476,المفاهيم الصحيحة للجهاد في سبيل الله تعالى في ضوء الكتاب والسنة,https://shamela.ws/book/96476
19,مسائل فقهية,96478,الهدي النبوي في تربية الأولاد في ضوء الكتاب والسنة,https://shamela.ws/book/96478
19,مسائل فقهية,96483,ثواب القرب المهداة إلى أموات المسلمين,https://shamela.ws/book/96483
19,مسائل فقهية,96484,رمي الجمرات في ضوء الكتاب والسنة وآثار الصحابة رضي الله عنهم,https://shamela.ws/book/96484
19,مسائل فقهية,96485,زكاة الأثمان,https://shamela.ws/book/96485
19,مسائل فقهية,96486,زكاة الخارج من الأرض,https://shamela.ws/book/96486
19,مسائل فقهية,96487,زكاة الفطر,https://shamela.ws/book/96487
19,مسائل فقهية,96488,زكاة بهيمة الأنعام السائمة,https://shamela.ws/book/96488
19,مسائل فقهية,96489,زكاة عروض التجارة والأسهم والسندات,https://shamela.ws/book/96489
19,مسائل فقهية,96490,سجود السهو,https://shamela.ws/book/96490
19,مسائل فقهية,96497,شروط الصلاة في ضوء الكتاب والسنة,https://shamela.ws/book/96497
19,مسائل فقهية,96498,صدقة التطوع في الإسلام,https://shamela.ws/book/96498
19,مسائل فقهية,9832,صلاة الاستسقاء,https://shamela.ws/book/9832
19,مسائل فقهية,96500,صلاة التطوع,https://shamela.ws/book/96500
19,مسائل فقهية,96501,صلاة الجماعة,https://shamela.ws/book/96501
19,مسائل فقهية,96502,صلاة الجمعة,https://shamela.ws/book/96502
19,مسائل فقهية,96503,صلاة الخوف,https://shamela.ws/book/96503
19,مسائل فقهية,96504,صلاة العيدين,https://shamela.ws/book/96504
19,مسائل فقهية,96505,صلاة الكسوف,https://shamela.ws/book/96505
19,مسائل فقهية,96550,صلاة المؤمن,https://shamela.ws/book/96550
19,مسائل فقهية,96506,صلاة المريض,https://shamela.ws/book/96506
19,مسائل فقهية,31236,صلاة المسافر = السفر وأحكامه في ضوء الكتاب والسنة,https://shamela.ws/book/31236
19,مسائل فقهية,96509,طهور المسلم في ضوء الكتاب والسنة,https://shamela.ws/book/96509
19,مسائل فقهية,96513,قرة عيون المصلين في بيان صفة صلاة المحسنين من التكبير إلى التسليم في ضوء الكتاب والسنة,https://shamela.ws/book/96513
19,مسائل فقهية,96515,قيام الليل لسعيد بن وهف القحطاني,https://shamela.ws/book/96515
19,مسائل فقهية,96522,مصارف الزكاة في الإسلام,https://shamela.ws/book/96522
19,مسائل فقهية,96527,منزلة الزكاة في الإسلام,https://shamela.ws/book/96527
19,مسائل فقهية,31234,منزلة الصلاة في الإسلام,https://shamela.ws/book/31234
19,مسائل فقهية,96540,نور الشيب وحكم تغييره في ضوء الكتاب والسنة,https://shamela.ws/book/96540
19,مسائل فقهية,10052,تحية المسجد,https://shamela.ws/book/10052
19,مسائل فقهية,12266,صلاة التراويح,https://shamela.ws/book/12266
19,مسائل فقهية,23074,صلاة الجماعة,https://shamela.ws/book/23074
19,مسائل فقهية,12270,صلاة المسافر,https://shamela.ws/book/12270
19,مسائل فقهية,11768,الزواج في ظل الإسلام,https://shamela.ws/book/11768
19,مسائل فقهية,12249,شرعية المعاملات التي تقوم بها البنوك الإسلامية المعاصرة,https://shamela.ws/book/12249
19,مسائل فقهية,31259,خطبة الجمعة وأحكامها الفقهية,https://shamela.ws/book/31259
19,مسائل فقهية,26142,أحكام العيدين,https://shamela.ws/book/26142
19,مسائل فقهية,10373,الذبائح في مناسك الحج مصادرها ومصارفها,https://shamela.ws/book/10373
19,مسائل فقهية,23073,رخصة الفطر في سفر رمضان وما يترتب عليها من الآثار,https://shamela.ws/book/23073
19,مسائل فقهية,8350,كتابة البحث العلمي صياغة جديدة,https://shamela.ws/book/8350
19,مسائل فقهية,9495,نهي الصحبة عن النزول بالركبة,https://shamela.ws/book/9495
19,مسائل فقهية,31254,تنبيهات على أحكام تختص بالمؤمنات,https://shamela.ws/book/31254
19,مسائل فقهية,31295,مهمات حول الجهاد,https://shamela.ws/book/31295
19,مسائل فقهية,974,إرشاد العابد في حكم مكث الجنب والحائض والنفساء في المساجد,https://shamela.ws/book/974
19,مسائل فقهية,762,أحكام الصف في الصلاة,https://shamela.ws/book/762
19,مسائل فقهية,1039,الأحكام الفقهية المتعلقة بالأجزاء الزائدة والمنفصلة والمبتورة من جسم الإنسان,https://shamela.ws/book/1039
19,مسائل فقهية,757,قراريط - مسائل وأحكام وبدع الجنائز,https://shamela.ws/book/757
19,مسائل فقهية,7617,الدفاع عن الصحابي أبي بكرة ومروياته والاستدلال لمنع ولاية النساء على الرجال,https://shamela.ws/book/7617
19,مسائل فقهية,8814,العبرة في شهر الصوم,https://shamela.ws/book/8814
19,مسائل فقهية,11361,كيف يؤدي الموظف الأمانة,https://shamela.ws/book/11361
19,مسائل فقهية,1062,التيسير على النساء في الحج في ضوء السنة النبوية,https://shamela.ws/book/1062
19,مسائل فقهية,1063,حقوق المرأة في ضوء السنة النبوية,https://shamela.ws/book/1063
19,مسائل فقهية,151183,تسوية الصفوف والفهم الخاطئ له,https://shamela.ws/book/151183
19,مسائل فقهية,1051,تنبيه الحائر على عدم جواز المسح على الجورب المعاصر,https://shamela.ws/book/1051
19,مسائل فقهية,31228,مجموعة رسائل في الحجاب والسفور,https://shamela.ws/book/31228
19,مسائل فقهية,31274,المشروع والممنوع في المسجد - فالح الصغير,https://shamela.ws/book/31274
19,مسائل فقهية,12141,الإفادة من مال اليتيم في عقود المعاوضات والتبرعات,https://shamela.ws/book/12141
19,مسائل فقهية,1235,شرح صفة الصلاة لابن القيم,https://shamela.ws/book/1235
19,مسائل فقهية,945,فقه النوازل في العبادات,https://shamela.ws/book/945
19,مسائل فقهية,37555,أحكام العقيقة,https://shamela.ws/book/37555
19,مسائل فقهية,9273,الأدلة الشرعية على تحريم مصافحة المرأة الأجنبية,https://shamela.ws/book/9273
19,مسائل فقهية,9281,المفصل في أحكام الأضحية,https://shamela.ws/book/9281
19,مسائل فقهية,37333,المفصل في أحكام العقيقة,https://shamela.ws/book/37333
19,مسائل فقهية,12784,بيع المرابحة للآمر بالشراء,https://shamela.ws/book/12784
19,مسائل فقهية,1723,صلاة الغائب,https://shamela.ws/book/1723
19,مسائل فقهية,9289,فقه التاجر المسلم,https://shamela.ws/book/9289
19,مسائل فقهية,9291,مختصر كتاب جلباب المرأة المسلمة,https://shamela.ws/book/9291
19,مسائل فقهية,1905,الاقتصاد الإسلامي,https://shamela.ws/book/1905
19,مسائل فقهية,1909,الجريمة والعقاب في الإسلام,https://shamela.ws/book/1909
19,مسائل فقهية,31294,المنهج الشرعي في بيان حقيقة الجهاد وضوابطه,https://shamela.ws/book/31294
19,مسائل فقهية,2031,بحوث لبعض النوازل الفقهية المعاصرة,https://shamela.ws/book/2031
19,مسائل فقهية,31280,من أحكام الاستسقاء والجنائز,https://shamela.ws/book/31280
19,مسائل فقهية,31283,من أحكام العيدين والكسوف,https://shamela.ws/book/31283
19,مسائل فقهية,31245,المشروع والممنوع في المسجد - محمد العرفج,https://shamela.ws/book/31245
19,مسائل فقهية,31248,أحكام المساجد في الشريعة الإسلامية,https://shamela.ws/book/31248
19,مسائل فقهية,31287,عمارة المساجد المعنوية وفضلها,https://shamela.ws/book/31287
19,مسائل فقهية,31270,مشكلة السرف في المجتمع المسلم وعلاجها في ضوء الإسلام,https://shamela.ws/book/31270
19,مسائل فقهية,9103,بغية المتطوع في صلاة التطوع,https://shamela.ws/book/9103
19,مسائل فقهية,1933,أحكام المجاهد بالنفس في سبيل الله عز وجل في الفقه الإسلامي,https://shamela.ws/book/1933
19,مسائل فقهية,7807,أحكام الصيام والقيام وزكاة الفطر,https://shamela.ws/book/7807
19,مسائل فقهية,898,الأحكام الشرعية المتعلقة بالوباء والطاعون مع دراسة فقهية للأحكام المتعلقة بفيروس كورونا,https://shamela.ws/book/898
19,مسائل فقهية,30823,تلبيس مردود في قضايا حية,https://shamela.ws/book/30823
19,مسائل فقهية,31297,خطبة الجمعة في الكتاب والسنة,https://shamela.ws/book/31297
19,مسائل فقهية,2028,الخلاف أسبابه وآدابه,https://shamela.ws/book/2028
19,مسائل فقهية,10815,أحكام الجراحة الطبية والآثار المترتبة عليها,https://shamela.ws/book/10815
19,مسائل فقهية,7591,التنجيم والمنجمون وحكم ذلك في الإسلام,https://shamela.ws/book/7591
19,مسائل فقهية,7571,البيوع المحرمة والمنهي عنها,https://shamela.ws/book/7571
19,مسائل فقهية,8553,المصارحة في أحكام المصافحة,https://shamela.ws/book/8553
19,مسائل فقهية,11821,الولاية في النكاح,https://shamela.ws/book/11821
19,مسائل فقهية,1437,الطلاق تحسبونه هينا وهو عند الله عظيم,https://shamela.ws/book/1437
19,مسائل فقهية,96734,اللمعة ببيان أن صلاة العيد لا تجزئ عن صلاة الجمعة,https://shamela.ws/book/96734
19,مسائل فقهية,98119,أدلة تحريم حلق اللحية,https://shamela.ws/book/98119
19,مسائل فقهية,36999,السواك وسنن الفطرة - المقدم,https://shamela.ws/book/36999
19,مسائل فقهية,98135,اللحية لماذا,https://shamela.ws/book/98135
19,مسائل فقهية,980,الأحاديث والآثار الواردة في نكاح المتعة دراية ورواية,https://shamela.ws/book/980
19,مسائل فقهية,994,رسالة في حكم ثمن الكلاب,https://shamela.ws/book/994
19,مسائل فقهية,7835,التحصين من كيد الشياطين,https://shamela.ws/book/7835
19,مسائل فقهية,7844,الحذر من السحر,https://shamela.ws/book/7844
19,مسائل فقهية,9492,الصوم جنة,https://shamela.ws/book/9492
19,مسائل فقهية,9550,الفن الواقع والمأمول - قصص توبة الفنانين والفنانات,https://shamela.ws/book/9550
19,مسائل فقهية,1040,الأعمال الصالحات التي يجري للإنسان أجرها وثوابها بعد الممات,https://shamela.ws/book/1040
19,مسائل فقهية,824,الإعلام بأحكام المال الحرام,https://shamela.ws/book/824
19,مسائل فقهية,7802,دفع إيهام تعارض أحاديث الأحكام في كتاب الطهارة,https://shamela.ws/book/7802
19,مسائل فقهية,7793,مسائل خاصة بالمرأة,https://shamela.ws/book/7793
19,مسائل فقهية,30099,تغير الأجل وأثره في الديون,https://shamela.ws/book/30099
19,مسائل فقهية,1111,فقه الهندسة المالية الإسلامية,https://shamela.ws/book/1111
19,مسائل فقهية,1532,بحوث في قضايا فقهية معاصرة,https://shamela.ws/book/1532
19,مسائل فقهية,1691,السلفيون وقضية فلسطين في واقعنا المعاصر,https://shamela.ws/book/1691
19,مسائل فقهية,8855,القول المبين في أخطاء المصلين,https://shamela.ws/book/8855
19,مسائل فقهية,217,الهلال - مشهور,https://shamela.ws/book/217
19,مسائل فقهية,11732,من قضايا التربية الدينية في المجتمع الإسلامي,https://shamela.ws/book/11732
19,مسائل فقهية,17800,فقه النوازل للأقليات المسلمة,https://shamela.ws/book/17800
19,مسائل فقهية,7267,الأحاديث الواردة في البيوع المنهي عنها,https://shamela.ws/book/7267
19,مسائل فقهية,31219,المفيد في تقريب أحكام الأذان,https://shamela.ws/book/31219
19,مسائل فقهية,30874,إمام المسجد مقوماته العلمية والخلقية,https://shamela.ws/book/30874
19,مسائل فقهية,7500,أزواج بالكذب,https://shamela.ws/book/7500
19,مسائل فقهية,7545,الأعياد وأثرها على المسلمين,https://shamela.ws/book/7545
19,مسائل فقهية,11124,توجيه وتنبيه إلى هواة الصيد ومحبيه,https://shamela.ws/book/11124
19,مسائل فقهية,11357,كيف تتخلص من السحر,https://shamela.ws/book/11357
19,مسائل فقهية,11281,ضمانات حقوق المرأة الزوجية,https://shamela.ws/book/11281
19,مسائل فقهية,1108,المسائل التي قيل فيها لا فرق عند الحنابلة في العبادات,https://shamela.ws/book/1108
19,مسائل فقهية,9027,أهمية صلاة الاستسقاء في الإسلام والاستغاثة المشروعة,https://shamela.ws/book/9027
19,مسائل فقهية,12148,حقيقة الإقالة دراسة نظرية تطبيقية,https://shamela.ws/book/12148
19,مسائل فقهية,12181,أحوال المحتضر,https://shamela.ws/book/12181
19,مسائل فقهية,12136,إجابة السؤال في زكاة الأموال,https://shamela.ws/book/12136
19,مسائل فقهية,12152,مقدمات النكاح,https://shamela.ws/book/12152
19,مسائل فقهية,10159,حكم إخراج زكاة الفطر قيمة (نقدا),https://shamela.ws/book/10159
19,مسائل فقهية,23083,الرق في الجاهلية والإسلام,https://shamela.ws/book/23083
19,مسائل فقهية,1156,الفتاوى اليومية من المسائل الفقهية,https://shamela.ws/book/1156
19,مسائل فقهية,1358,الاتجار في العملات عبر وسائل الاتصال الحديثة,https://shamela.ws/book/1358
19,مسائل فقهية,1155,الشامل في زكاة الأسهم واستثمار أموال الزكاة,https://shamela.ws/book/1155
19,مسائل فقهية,1236,ربط الديون والالتزامات الآجلة بالذهب أو الفضة أو بسلة من العملات أو بمستوى الأسعار وحكمه شرعا,https://shamela.ws/book/1236
19,مسائل فقهية,1238,شركات العقد في الشرع الإسلامي,https://shamela.ws/book/1238
19,مسائل فقهية,9972,الاتجاهات الحديثة في تخطيط المناهج الدراسية في ضوء التوجيهات الإسلامية,https://shamela.ws/book/9972
19,مسائل فقهية,10007,طرق تدريس التربية الإسلامية نماذج لإعداد دروسها,https://shamela.ws/book/10007
19,مسائل فقهية,12139,إدراك الركعة والجماعة والجمعة,https://shamela.ws/book/12139
19,مسائل فقهية,12144,تحقيق المقام فيما يتعلق بأوقات النهي عن الصلاة من أحكام,https://shamela.ws/book/12144
19,مسائل فقهية,12171,أحاديث القراءة الواردة في صلاتي الظهر والعصر,https://shamela.ws/book/12171
19,مسائل فقهية,12137,أحاديث القراءة في صلاة الفجر جمعا ودراسة,https://shamela.ws/book/12137
19,مسائل فقهية,8965,النشوز بين الزوجين,https://shamela.ws/book/8965
19,مسائل فقهية,8766,الإلحاد والظلم في المسجد الحرام بين الإرادة والتنفيذ,https://shamela.ws/book/8766
19,مسائل فقهية,10156,حقيقة السحر وحكمه في الكتاب والسنة,https://shamela.ws/book/10156
19,مسائل فقهية,12178,أحكام القضاء في الصيام,https://shamela.ws/book/12178
19,مسائل فقهية,12179,أحكام اللمس في الطهارة,https://shamela.ws/book/12179
19,مسائل فقهية,12140,الاشتراك المتعمد في الجناية على النفس بالقتل أو الجرح,https://shamela.ws/book/12140
19,مسائل فقهية,12143,القول الأحمد في أحكام في حرمة المسجد,https://shamela.ws/book/12143
19,مسائل فقهية,8989,الورقات فيما يختلف فيه الرجال والنساء,https://shamela.ws/book/8989
19,مسائل فقهية,12151,عقود التأمين حقيقتها وحكمها,https://shamela.ws/book/12151
19,مسائل فقهية,8776,الإمداد بأحكام الحداد,https://shamela.ws/book/8776
19,مسائل فقهية,14537,حقوق اليتامى كما جاءت في سورة النساء,https://shamela.ws/book/14537
19,مسائل فقهية,12149,حكم تكرار الجماعة في المسجد,https://shamela.ws/book/12149
19,مسائل فقهية,8725,الأدلة والبراهين على حرمة التدخين,https://shamela.ws/book/8725
19,مسائل فقهية,10136,حديث المصراة - رواية ودراية,https://shamela.ws/book/10136
19,مسائل فقهية,10347,الحكم بقطع يد السارق في الشريعة الإسلامية,https://shamela.ws/book/10347
19,مسائل فقهية,10153,حقوق الحيوان والرفق به في الشريعة الإسلامية,https://shamela.ws/book/10153
19,مسائل فقهية,10226,دفاع عن العقوبات الإسلامية,https://shamela.ws/book/10226
19,مسائل فقهية,8936,المسكرات والمخدرات,https://shamela.ws/book/8936
19,مسائل فقهية,10192,خصائص ومقومات الاقتصاد الإسلامي,https://shamela.ws/book/10192
19,مسائل فقهية,36440,النظر من النسوة للرجال بغير شهوة,https://shamela.ws/book/36440
19,مسائل فقهية,36436,واجبات العمال وحقوقهم في الشريعة الإسلامية مقارنة مع قانون العمل الفلسطيني,https://shamela.ws/book/36436
19,مسائل فقهية,26006,الاختلاط بين الرجال والنساء,https://shamela.ws/book/26006
19,مسائل فقهية,36170,الصلاة على رسول الله - صلى الله عليه وآله وسلم - فضلها ومعناها وكيفيتها ومواضعها والتحذير من تركها,https://shamela.ws/book/36170
19,مسائل فقهية,14527,الأحكام المترتبة على الحيض والنفاس والاستحاضة,https://shamela.ws/book/14527
19,مسائل فقهية,36537,سجود التلاوة وأحكامه,https://shamela.ws/book/36537
19,مسائل فقهية,36496,أحكام الاكتتاب في الشركات المساهمة,https://shamela.ws/book/36496
19,مسائل فقهية,37687,أحكام انفرد بها النساء عن الرجال,https://shamela.ws/book/37687
19,مسائل فقهية,37670,تيسير أحكام الحيض,https://shamela.ws/book/37670
19,مسائل فقهية,37679,مخالفات تقع فيها بعض النساء,https://shamela.ws/book/37679
19,مسائل فقهية,37659,الدكتور علي جمعة إلى أين,https://shamela.ws/book/37659
19,مسائل فقهية,1296,المنهيات في سورة الحجرات,https://shamela.ws/book/1296
19,مسائل فقهية,1292,تبصير البشر بتحريم السحر,https://shamela.ws/book/1292
19,مسائل فقهية,38213,أحكام النساء - مستخلصا من كتب الألباني,https://shamela.ws/book/38213
19,مسائل فقهية,96242,أحكام الألفاظ وأحكام الطلاق والأيمان والنذور,https://shamela.ws/book/96242
19,مسائل فقهية,96243,أحكام الهجر والهجرة في الإسلام,https://shamela.ws/book/96243
19,مسائل فقهية,96244,القبلية في ميزان الشرع وحقيقة تكافؤ النسب في الزواج.,https://shamela.ws/book/96244
19,مسائل فقهية,96245,المسلم وحقوق الآخرين,https://shamela.ws/book/96245
19,مسائل فقهية,96248,حكم الغناء والمعازف وآلات الملاهي والمؤثرات الصوتية,https://shamela.ws/book/96248
19,مسائل فقهية,96250,فقه الابتلاء وأقدار الله المؤلمة,https://shamela.ws/book/96250
19,مسائل فقهية,96270,تفنيد الشبهات حول ميراث المرأة في الإسلام,https://shamela.ws/book/96270
19,مسائل فقهية,96336,منكرات الأفراح,https://shamela.ws/book/96336
19,مسائل فقهية,96939,حكم الغناء في مذهب المالكية,https://shamela.ws/book/96939
19,مسائل فقهية,17680,الجامع في أحكام صفة الصلاة - الدبيان,https://shamela.ws/book/17680
19,مسائل فقهية,122171,أحكام التيمم دراسة فقهية مقارنة,https://shamela.ws/book/122171
19,مسائل فقهية,1405,أخذ المال على أعمال القرب,https://shamela.ws/book/1405
19,مسائل فقهية,13269,تذكير الأنام بسنن وآداب الصيام,https://shamela.ws/book/13269
19,مسائل فقهية,30128,أحكام الطلاق (الطلاق السني والطلاق البدعي),https://shamela.ws/book/30128
19,مسائل فقهية,1333,إسبال الكلام على حديث ابن عباس في القيام,https://shamela.ws/book/1333
19,مسائل فقهية,30001,شروط الطلاق - الزومان,https://shamela.ws/book/30001
19,مسائل فقهية,14298,أثر عمل المرأة في النفقة الزوجية,https://shamela.ws/book/14298
19,مسائل فقهية,14530,الإنباه إلى حكم تارك الصلاة,https://shamela.ws/book/14530
19,مسائل فقهية,14526,أحكام العبادات المترتبة على طلوع الفجر الثاني,https://shamela.ws/book/14526
19,مسائل فقهية,14532,القنوت في الوتر,https://shamela.ws/book/14532
19,مسائل فقهية,14534,المختصر في أحكام السفر,https://shamela.ws/book/14534
19,مسائل فقهية,14535,الهدايا للموظفين - أحكامها وكيفية التصرف فيها,https://shamela.ws/book/14535
19,مسائل فقهية,1471,الجامع العام في فقه الصيام,https://shamela.ws/book/1471
19,مسائل فقهية,1472,الجامع لأحكام الطهارة,https://shamela.ws/book/1472
19,مسائل فقهية,1474,جمع السبائك لأحكام المناسك,https://shamela.ws/book/1474
19,مسائل فقهية,14528,الأسهم - حكمها وآثارها,https://shamela.ws/book/14528
19,مسائل فقهية,13555,صلاة الاستخارة مسائل فقهية وفوائد تربوية,https://shamela.ws/book/13555
19,مسائل فقهية,420,العقود المضافة إلى مثلها,https://shamela.ws/book/420
19,مسائل فقهية,17373,مسائل في الفتن,https://shamela.ws/book/17373
19,مسائل فقهية,17354,نوازل الزكاة,https://shamela.ws/book/17354
19,مسائل فقهية,30056,المختصر من دروس رمضان والعشر,https://shamela.ws/book/30056
19,مسائل فقهية,626,المسلمون في بلاد الغربة,https://shamela.ws/book/626
19,مسائل فقهية,17438,الاستضعاف وأحكامه في الفقه الإسلامي,https://shamela.ws/book/17438
19,مسائل فقهية,1653,أحكام عقود التمويل في الفقه الإسلامي,https://shamela.ws/book/1653
19,مسائل فقهية,17804,التورق المصرفي,https://shamela.ws/book/17804
19,مسائل فقهية,16957,شاعر المليون أخطاء شرعية، ومغالطة شعرية,https://shamela.ws/book/16957
19,مسائل فقهية,17606,وسائل معالجة الفقر في العهد النبوي (أهل الصفة أنموذجا),https://shamela.ws/book/17606
19,مسائل فقهية,17832,المفطرات الطبية المعاصرة دراسة فقهية طبية مقارنة,https://shamela.ws/book/17832
19,مسائل فقهية,29566,العين حق,https://shamela.ws/book/29566
19,مسائل فقهية,16083,المسائل الفقهية المستجدة في النكاح مع بيان ما أخذ به القانون الكويتي,https://shamela.ws/book/16083
19,مسائل فقهية,30079,فقه الصيام ومستجداته المعاصرة,https://shamela.ws/book/30079
19,مسائل فقهية,132388,الكفارات أحكام وضوابط,https://shamela.ws/book/132388
19,مسائل فقهية,132414,الاستدراك الفقهي تأصيلا وتطبيقا,https://shamela.ws/book/132414
19,مسائل فقهية,133379,كشف الأسرار عن القول التليد فيما لحق مسألة الحجاب من تحريف وتبديل وتصحيف,https://shamela.ws/book/133379
19,مسائل فقهية,133386,فضل رب البرية في شرح الدرر البهية,https://shamela.ws/book/133386
19,مسائل فقهية,37642,أنظمة الدفع الإلكتروني المعاصر غير الائتماني في الفقه الإسلامي,https://shamela.ws/book/37642
19,مسائل فقهية,143158,النكاح العرفي في ميزان الإسلام,https://shamela.ws/book/143158
19,مسائل فقهية,55,التباريح في صلاة التراويح,https://shamela.ws/book/55
19,مسائل فقهية,147089,أحكام رؤية الهلال,https://shamela.ws/book/147089
19,مسائل فقهية,147093,الفجر فجران,https://shamela.ws/book/147093
19,مسائل فقهية,147094,القنوت,https://shamela.ws/book/147094
19,مسائل فقهية,147912,ثلاث صلوات عظيمة مهجورة فأحيها يا عبد الله,https://shamela.ws/book/147912
19,مسائل فقهية,147095,حكم الإحرام من جده,https://shamela.ws/book/147095
19,مسائل فقهية,147098,مسألة تقديم وقت أذان الفجر، وتأخير توقيت العشاء,https://shamela.ws/book/147098
19,مسائل فقهية,30139,تأكيد الوثاق في اشتراط الإشهاد عند الطلاق,https://shamela.ws/book/30139
19,مسائل فقهية,150305,ذوو الاحتياجات الخاصة في ضوء القرآن والسنة,https://shamela.ws/book/150305
19,مسائل فقهية,2,النوازل في الرضاع,https://shamela.ws/book/2
19,مسائل فقهية,79,إبرام عقود النكاح عبر وسائل الاتصالات الحديثة - دراسة فقهية حديثية,https://shamela.ws/book/79
19,مسائل فقهية,53,الاغتيالات,https://shamela.ws/book/53
19,مسائل فقهية,62,المسائل الجلية في أحكام الأضحية,https://shamela.ws/book/62
19,مسائل فقهية,85,واحفظوا أيمانكم,https://shamela.ws/book/85
19,مسائل فقهية,87,مسائل العبادات المختصة بالزوجين,https://shamela.ws/book/87
19,مسائل فقهية,172,صحة نقل الإجماع عند شيخ الإسلام في حرمة الطواف بغير البيت الحرام,https://shamela.ws/book/172
19,مسائل فقهية,231,إتحاف الأنام بأحكام ومسائل الصيام,https://shamela.ws/book/231
19,مسائل فقهية,30185,جامع أحكام صلاة الإمام,https://shamela.ws/book/30185
19,مسائل فقهية,524,كشف الغمة عن أدلة الحجاب في الكتاب والسنة,https://shamela.ws/book/524
19,مسائل فقهية,556,مختصر كشف الغمة عن أدلة الحجاب في الكتاب والسنة,https://shamela.ws/book/556
19,مسائل فقهية,685,أثر تطور المعارف الطبية على تغير الفتوى والقضاء,https://shamela.ws/book/685
19,مسائل فقهية,687,الدخول في أمان غير المسلمين وآثاره في الفقه الإسلامي,https://shamela.ws/book/687
19,مسائل فقهية,30133,الدرة في الحج والعمرة,https://shamela.ws/book/30133
19,مسائل فقهية,30140,المختصر الوافي لأهم مسائل الطهارة,https://shamela.ws/book/30140
20,السياسة الشرعية والقضاء,18252,أدب القاضي - ابن القاص,https://shamela.ws/book/18252
20,السياسة الشرعية والقضاء,7228,السياسة للفارابي,https://shamela.ws/book/7228
20,السياسة الشرعية والقضاء,133419,منتخب الأحكام لابن أبي زمنين,https://shamela.ws/book/133419
20,السياسة الشرعية والقضاء,7229,السياسة للوزير المغربي,https://shamela.ws/book/7229
20,السياسة الشرعية والقضاء,8173,رسوم دار الخلافة,https://shamela.ws/book/8173
20,السياسة الشرعية والقضاء,22881,الأحكام السلطانية للماوردي,https://shamela.ws/book/22881
20,السياسة الشرعية والقضاء,7239,تسهيل النظر وتعجيل الظفر في أخلاق الملك,https://shamela.ws/book/7239
20,السياسة الشرعية والقضاء,7242,درر السلوك في سياسة الملوك,https://shamela.ws/book/7242
20,السياسة الشرعية والقضاء,22877,الأحكام السلطانية لأبي يعلى الفراء,https://shamela.ws/book/22877
20,السياسة الشرعية والقضاء,36112,الأمر بالمعروف والنهي عن المنكر- أبو يعلى,https://shamela.ws/book/36112
20,السياسة الشرعية والقضاء,7243,رسل الملوك ومن يصلح للرسالة والسفارة,https://shamela.ws/book/7243
20,السياسة الشرعية والقضاء,8323,غياث الأمم في التياث الظلم,https://shamela.ws/book/8323
20,السياسة الشرعية والقضاء,5434,شرح السير الكبير,https://shamela.ws/book/5434
20,السياسة الشرعية والقضاء,8345,سياست نامه = سير الملوك,https://shamela.ws/book/8345
20,السياسة الشرعية والقضاء,9769,أقضية رسول الله صلى الله عليه وآله وسلم,https://shamela.ws/book/9769
20,السياسة الشرعية والقضاء,18608,روضة القضاة وطريق النجاة,https://shamela.ws/book/18608
20,السياسة الشرعية والقضاء,4129,التبر المسبوك في نصيحة الملوك,https://shamela.ws/book/4129
20,السياسة الشرعية والقضاء,1585,سراج الملوك,https://shamela.ws/book/1585
20,السياسة الشرعية والقضاء,977,شرح «أدب القاضي للخصاف» للصدر الشهيد - ت الأفغاني,https://shamela.ws/book/977
20,السياسة الشرعية والقضاء,150967,شرح «أدب القاضي للخصاف» للصدر الشهيد - ت سرحان,https://shamela.ws/book/150967
20,السياسة الشرعية والقضاء,36129,آداب الحسبة,https://shamela.ws/book/36129
20,السياسة الشرعية والقضاء,7235,المنهج المسلوك في سياسة الملوك,https://shamela.ws/book/7235
20,السياسة الشرعية والقضاء,21584,نهاية الرتبة في طلب الحسبة - الشيزري,https://shamela.ws/book/21584
20,السياسة الشرعية والقضاء,36097,نهاية الرتبة في طلب الحسبة - ابن بسام,https://shamela.ws/book/36097
20,السياسة الشرعية والقضاء,7240,تهذيب الرياسة وترتيب السياسة,https://shamela.ws/book/7240
20,السياسة الشرعية والقضاء,12847,النصيحة للراعي والرعية للتبريزي,https://shamela.ws/book/12847
20,السياسة الشرعية والقضاء,9681,الجوهر النفيس في سياسة الرئيس,https://shamela.ws/book/9681
20,السياسة الشرعية والقضاء,12400,الفخري في الآداب السلطانية والدول الإسلامية,https://shamela.ws/book/12400
20,السياسة الشرعية والقضاء,30903,الأمر بالمعروف والنهي عن المنكر- ابن تيمية,https://shamela.ws/book/30903
20,السياسة الشرعية والقضاء,7263,الحسبة في الإسلام، أو وظيفة الحكومة الإسلامية,https://shamela.ws/book/7263
20,السياسة الشرعية والقضاء,31237,السياسة الشرعية في إصلاح الراعي والرعية - ط الأوقاف السعودية,https://shamela.ws/book/31237
20,السياسة الشرعية والقضاء,305,السياسة الشرعية في إصلاح الراعي والرعية - ط عطاءات العلم,https://shamela.ws/book/305
20,السياسة الشرعية والقضاء,11290,قاعدة مختصرة في وجوب طاعة الله ورسوله وولاة الأمور,https://shamela.ws/book/11290
20,السياسة الشرعية والقضاء,10526,معالم القربة في طلب الحسبة,https://shamela.ws/book/10526
20,السياسة الشرعية والقضاء,9685,تحرير الأحكام في تدبير أهل الإسلام,https://shamela.ws/book/9685
20,السياسة الشرعية والقضاء,9679,نصاب الاحتساب,https://shamela.ws/book/9679
20,السياسة الشرعية والقضاء,37051,التعريف بالمصطلح الشريف,https://shamela.ws/book/37051
20,السياسة الشرعية والقضاء,11495,الطرق الحكمية في السياسة الشرعية - ط البيان,https://shamela.ws/book/11495
20,السياسة الشرعية والقضاء,18159,الطرق الحكمية في السياسة الشرعية - ط عطاءات العلم,https://shamela.ws/book/18159
20,السياسة الشرعية والقضاء,1044,تحفة الترك فيما يجب أن يعمل في الملك,https://shamela.ws/book/1044
20,السياسة الشرعية والقضاء,16728,معيد النعم ومبيد النقم,https://shamela.ws/book/16728
20,السياسة الشرعية والقضاء,7241,حسن السلوك الحافظ دولة الملوك,https://shamela.ws/book/7241
20,السياسة الشرعية والقضاء,9790,تخريج الدلالات السمعية,https://shamela.ws/book/9790
20,السياسة الشرعية والقضاء,21595,تبصرة الحكام في أصول الأقضية ومناهج الأحكام,https://shamela.ws/book/21595
20,السياسة الشرعية والقضاء,35453,تنبيه الغافلين عن أعمال الجاهلين وتحذير السالكين من أفعال الجاهلين,https://shamela.ws/book/35453
20,السياسة الشرعية والقضاء,8460,مآثر الإنافة في معالم الخلافة,https://shamela.ws/book/8460
20,السياسة الشرعية والقضاء,6532,تحفة الحكام في نكت العقود والأحكام,https://shamela.ws/book/6532
20,السياسة الشرعية والقضاء,9683,الدرة الغراء في نصيحة السلاطين والقضاة والأمراء,https://shamela.ws/book/9683
20,السياسة الشرعية والقضاء,21600,معين الحكام فيما يتردد بين الخصمين من الأحكام,https://shamela.ws/book/21600
20,السياسة الشرعية والقضاء,12726,فاكهة الخلفاء ومفاكهة الظرفاء,https://shamela.ws/book/12726
20,السياسة الشرعية والقضاء,36110,الكنز الأكبر من الأمر بالمعروف والنهي عن المنكر - ابن داود الحنبلي,https://shamela.ws/book/36110
20,السياسة الشرعية والقضاء,18493,تحفة الناظر وغنية الذاكر في حفظ الشعائر وتغيير المناكر,https://shamela.ws/book/18493
20,السياسة الشرعية والقضاء,7236,بدائع السلك في طبائع الملك,https://shamela.ws/book/7236
20,السياسة الشرعية والقضاء,36111,بذل النصائح الشرعية فيما على السلطان وولاة الأمور وسائر الرعية,https://shamela.ws/book/36111
20,السياسة الشرعية والقضاء,17533,إيضاح طرق الاستقامة في بيان أحكام الولاية والإمامة,https://shamela.ws/book/17533
20,السياسة الشرعية والقضاء,132425,الحسبة لابن المبرد,https://shamela.ws/book/132425
20,السياسة الشرعية والقضاء,36040,ذم القضاء وتقلد الأحكام,https://shamela.ws/book/36040
20,السياسة الشرعية والقضاء,36041,ذم المكس,https://shamela.ws/book/36041
20,السياسة الشرعية والقضاء,7237,تحرير السلوك في تدبير الملوك,https://shamela.ws/book/7237
20,السياسة الشرعية والقضاء,132427,الكنز الأكبر في الأمر بالمعروف والنهي عن المنكر- ابن قاضي عجلون,https://shamela.ws/book/132427
20,السياسة الشرعية والقضاء,36128,بغية الإربة في معرفة أحكام الحسبة لابن الديبع,https://shamela.ws/book/36128
20,السياسة الشرعية والقضاء,21643,شرح ميارة = الإتقان والإحكام في شرح تحفة الحكام,https://shamela.ws/book/21643
20,السياسة الشرعية والقضاء,36116,التيسير في أحكام التسعير,https://shamela.ws/book/36116
20,السياسة الشرعية والقضاء,132434,رسالة عمر بن عثمان بن العباس الجرسيفي في الحسبة,https://shamela.ws/book/132434
20,السياسة الشرعية والقضاء,1544,البهجة في شرح التحفة,https://shamela.ws/book/1544
20,السياسة الشرعية والقضاء,9680,أم القرى,https://shamela.ws/book/9680
20,السياسة الشرعية والقضاء,36085,طبائع الاستبداد ومصارع الاستعباد,https://shamela.ws/book/36085
20,السياسة الشرعية والقضاء,9118,مذكراتي السياسية,https://shamela.ws/book/9118
20,السياسة الشرعية والقضاء,9682,الخلافة,https://shamela.ws/book/9682
20,السياسة الشرعية والقضاء,132424,الحسبة في الإسلام,https://shamela.ws/book/132424
20,السياسة الشرعية والقضاء,96559,الإسلام وأوضاعنا السياسية,https://shamela.ws/book/96559
20,السياسة الشرعية والقضاء,96174,الإسلام وأوضاعنا القانونية,https://shamela.ws/book/96174
20,السياسة الشرعية والقضاء,9842,التشريع الجنائي الإسلامي مقارنا بالقانون الوضعي,https://shamela.ws/book/9842
20,السياسة الشرعية والقضاء,96556,المال والحكم في الإسلام,https://shamela.ws/book/96556
20,السياسة الشرعية والقضاء,8678,السياسة الشرعية في الشئون الدستورية والخارجية والمالية,https://shamela.ws/book/8678
20,السياسة الشرعية والقضاء,14240,الكتاب والسنة يجب أن يكونا مصدر القوانين في مصر ومعه «الشرع واللغة»,https://shamela.ws/book/14240
20,السياسة الشرعية والقضاء,23688,التراتيب الإدارية = نظام الحكومة النبوية,https://shamela.ws/book/23688
20,السياسة الشرعية والقضاء,17439,الإسلام والحكم,https://shamela.ws/book/17439
20,السياسة الشرعية والقضاء,23667,مجموعة الوثائق السياسية للعهد النبوي والخلافة الراشدة,https://shamela.ws/book/23667
20,السياسة الشرعية والقضاء,95662,التحالف السياسي في الإسلام,https://shamela.ws/book/95662
20,السياسة الشرعية والقضاء,10744,النظام القضائي في الفقه الإسلامي,https://shamela.ws/book/10744
20,السياسة الشرعية والقضاء,16985,وجوب تطبيق الشريعة الإسلامية في كل عصر,https://shamela.ws/book/16985
20,السياسة الشرعية والقضاء,9980,الجنايات في الفقه الإسلامي دراسة مقارنة بين الفقه الإسلامي والقانون,https://shamela.ws/book/9980
20,السياسة الشرعية والقضاء,11462,وجوب تطبيق الحدود الشرعية,https://shamela.ws/book/11462
20,السياسة الشرعية والقضاء,1243,نظرات استشرافية في فقه العلاقات الإنسانية بين المسلمين وغير المسلمين,https://shamela.ws/book/1243
20,السياسة الشرعية والقضاء,30956,الحسبة,https://shamela.ws/book/30956
20,السياسة الشرعية والقضاء,1920,النظام القضائي,https://shamela.ws/book/1920
20,السياسة الشرعية والقضاء,31485,الإسلام والدستور,https://shamela.ws/book/31485
20,السياسة الشرعية والقضاء,11421,اختلاف الدارين وآثاره في أحكام الشريعة الإسلامية,https://shamela.ws/book/11421
20,السياسة الشرعية والقضاء,9762,الإدارة في عصر الرسول صلى الله عليه وآله وسلم,https://shamela.ws/book/9762
20,السياسة الشرعية والقضاء,31205,وظيفة القضاء في التعامل مع الإرهاب,https://shamela.ws/book/31205
20,السياسة الشرعية والقضاء,23082,نظام الإثبات في الفقه الإسلامي,https://shamela.ws/book/23082
20,السياسة الشرعية والقضاء,9979,الشبهات وأثرها في العقوبة الجنائية في الفقه الإسلامي مقارنا بالقانون,https://shamela.ws/book/9979
20,السياسة الشرعية والقضاء,26217,الشورى في الشريعة الإسلامية,https://shamela.ws/book/26217
20,السياسة الشرعية والقضاء,8496,الحسبة - جامعة المدينة,https://shamela.ws/book/8496
20,السياسة الشرعية والقضاء,11313,السياسة الشرعية - جامعة المدينة,https://shamela.ws/book/11313
20,السياسة الشرعية والقضاء,73,قواعد وفوائد في الأمر بالمعروف والنهي عن المنكر من كلام شيخ الإسلام ابن تيمية,https://shamela.ws/book/73
20,السياسة الشرعية والقضاء,17810,توصيف الأقضية في الشريعة الإسلامية,https://shamela.ws/book/17810
20,السياسة الشرعية والقضاء,58,العمل بالأغلبية,https://shamela.ws/book/58
20,السياسة الشرعية والقضاء,565,أقضية الحسن البصري في كتاب أخبار القضاة لوكيع,https://shamela.ws/book/565
21,الفرائض والوصايا,26488,الفرائض للثوري,https://shamela.ws/book/26488
21,الفرائض والوصايا,11372,متن الرحبية = بغية الباحث عن جمل الموارث,https://shamela.ws/book/11372
21,الفرائض والوصايا,6251,الفرائض وشرح آيات الوصية,https://shamela.ws/book/6251
21,الفرائض والوصايا,12018,شرح الفصول المهمة في مواريث الأمة,https://shamela.ws/book/12018
21,الفرائض والوصايا,147660,الفوائد المرضية بشرح الدرة المضية في علم القواعد الفرضية,https://shamela.ws/book/147660
21,الفرائض والوصايا,1630,إعلام الأعلام بأحكام الإقرار العام - ط إسطنبول,https://shamela.ws/book/1630
21,الفرائض والوصايا,1623,الأقوال الواضحة الجلية، في تحرير مسئلة نقض القسمة ومسئلة الدرجة الجعلية - ط إسطنبول,https://shamela.ws/book/1623
21,الفرائض والوصايا,1635,الرحيق المختوم شرح قلائد المنظوم - ط إسطنبول,https://shamela.ws/book/1635
21,الفرائض والوصايا,1624,العقود الدرية في قول الواقف على الفريضة الشرعية - ط إسطنبول,https://shamela.ws/book/1624
21,الفرائض والوصايا,1619,تحرير النقول في نفقة الفروع والأصول - ط إسطنبول,https://shamela.ws/book/1619
21,الفرائض والوصايا,1614,شفاء العليل وبل الغليل في حكم الوصية بالختمات والتهاليل - ط إسطنبول,https://shamela.ws/book/1614
21,الفرائض والوصايا,1626,غاية البيان في أن وقف الاثنين على أنفسهما وقف لا وقفان - ط إسطنبول,https://shamela.ws/book/1626
21,الفرائض والوصايا,1625,غاية المطلب في اشتراط الواقف عود النصيب إلى أهل الدرجة الأقرب فالأقرب - ط إسطنبول,https://shamela.ws/book/1625
21,الفرائض والوصايا,1615,منة الجليل لبيان إسقاط ما على الذمة من كثير وقليل - ط إسطنبول,https://shamela.ws/book/1615
21,الفرائض والوصايا,29561,الحجج القاطعة في المواريث الواقعة - ضمن رسالتان في الفرائض,https://shamela.ws/book/29561
21,الفرائض والوصايا,29559,السبيكة الذهبية على المنظومة الرحبية - ضمن رسالتان في الفرائض,https://shamela.ws/book/29559
21,الفرائض والوصايا,11095,تسهيل الفرائض,https://shamela.ws/book/11095
21,الفرائض والوصايا,11109,تلخيص فقة الفرائض,https://shamela.ws/book/11109
21,الفرائض والوصايا,95865,الدرة السنية منظومة في علم الفرائض,https://shamela.ws/book/95865
21,الفرائض والوصايا,31238,الفرائض,https://shamela.ws/book/31238
21,الفرائض والوصايا,7455,علم الفرائض والمواريث في الشريعة الإسلامية والقانون السوري,https://shamela.ws/book/7455
21,الفرائض والوصايا,8640,فقه النكاح والفرائض,https://shamela.ws/book/8640
21,الفرائض والوصايا,12248,شرح حديث ابن عباس في الفرائض,https://shamela.ws/book/12248
21,الفرائض والوصايا,36439,المغيث بأدلة المواريث,https://shamela.ws/book/36439
21,الفرائض والوصايا,37705,مهمات في أحكام المواريث,https://shamela.ws/book/37705
21,الفرائض والوصايا,96958,إعانة الطالب في بداية علم الفرائض,https://shamela.ws/book/96958
21,الفرائض والوصايا,14543,لمحات مهمة في الوصية,https://shamela.ws/book/14543
21,الفرائض والوصايا,147659,الفتوحات الربانية بشرح الدرة المضية في علم القواعد الفرضية,https://shamela.ws/book/147659
22,الفتاوى,879,تقريب فتاوى ابن تيمية,https://shamela.ws/book/879
22,الفتاوى,11324,فتاوى ومسائل (مطبوع ضمن مؤلفات الشيخ محمد بن عبد الوهاب، الجزء الرابع),https://shamela.ws/book/11324
22,الفتاوى,11210,رسائل وفتاوى الشيخ حمد بن ناصر بن عثمان بن معمر (مطبوع ضمن مجموعة الرسائل والمسائل النجدية، الجزء الثاني),https://shamela.ws/book/11210
22,الفتاوى,11276,عدة رسائل في مسائل فقهية (مطبوع ضمن مجموعة الرسائل والمسائل النجدية، الجزء الثاني),https://shamela.ws/book/11276
22,الفتاوى,11380,مجموعة الرسائل والمسائل والفتاوى,https://shamela.ws/book/11380
22,الفتاوى,11212,رسائل وفتاوى أبا بطين,https://shamela.ws/book/11212
22,الفتاوى,11211,رسائل وفتاوى عبد الرحمن بن حسن بن محمد عبد الوهاب,https://shamela.ws/book/11211
22,الفتاوى,11573,مسائل وفتاوى نجدية (طبع ضمن الرسائل والمسائل النجدية، الجزء الرابع، القسم الأول),https://shamela.ws/book/11573
22,الفتاوى,36569,قرة العين بفتاوى علماء الحرمين,https://shamela.ws/book/36569
22,الفتاوى,12033,عيون الرسائل والأجوبة على المسائل,https://shamela.ws/book/12033
22,الفتاوى,11379,مجموعة الرسائل والمسائل النجدية (الجزء الثالث),https://shamela.ws/book/11379
22,الفتاوى,8476,فتاوى ورسائل سماحة الشيخ محمد بن إبراهيم بن عبد اللطيف آل الشيخ,https://shamela.ws/book/8476
22,الفتاوى,287,الفتاوى - محمد الأمين الشنقيطي,https://shamela.ws/book/287
22,الفتاوى,20771,فتوى في تحريم التعليم المختلط - ضمن «محاضرات الشنقيطي»,https://shamela.ws/book/20771
22,الفتاوى,142186,من فتاوى العلامة محمد الأمين الشنقيطي,https://shamela.ws/book/142186
22,الفتاوى,8613,فتاوى ورسائل الشيخ عبد الرزاق عفيفي,https://shamela.ws/book/8613
22,الفتاوى,30908,منهج الدعوة والحسبة بين أهل السنة وأهل البدعة,https://shamela.ws/book/30908
22,الفتاوى,31086,التحاكم إلى الكتاب والسنة في حفظ الأمن وحماية الأرواح,https://shamela.ws/book/31086
22,الفتاوى,815,الدرر الثرية من الفتاوى البازية,https://shamela.ws/book/815
22,الفتاوى,31267,فتاوى تتعلق بأحكام الحج والعمرة والزيارة,https://shamela.ws/book/31267
22,الفتاوى,31225,فتاوى عاجلة لمنسوبي الصحة,https://shamela.ws/book/31225
22,الفتاوى,31226,فتاوى مهمة تتعلق بالحج والعمرة,https://shamela.ws/book/31226
22,الفتاوى,107,فتاوى نور على الدرب لابن باز - بعناية الشويعر,https://shamela.ws/book/107
22,الفتاوى,8380,فتاوى نور على الدرب لابن باز - بعناية الطيار والموسى - قسم العقيدة,https://shamela.ws/book/8380
22,الفتاوى,21537,مجموع فتاوى ومقالات متنوعة - ابن باز,https://shamela.ws/book/21537
22,الفتاوى,14566,مسائل الإمام ابن باز,https://shamela.ws/book/14566
22,الفتاوى,7524,الأجوبة النافعة عن أسئلة لجنة مسجد الجامعة,https://shamela.ws/book/7524
22,الفتاوى,21576,الفتاوى الذهبية في بيع وشراء الذهب,https://shamela.ws/book/21576
22,الفتاوى,14242,الكنز الثمين في سؤالات ابن سنيد لابن عثيمين,https://shamela.ws/book/14242
22,الفتاوى,9924,فتاوى أركان الإسلام,https://shamela.ws/book/9924
22,الفتاوى,96334,فتاوى الحج,https://shamela.ws/book/96334
22,الفتاوى,2300,فتاوى نور على الدرب للعثيمين,https://shamela.ws/book/2300
22,الفتاوى,7687,لقاء الباب المفتوح,https://shamela.ws/book/7687
22,الفتاوى,12293,مجموع فتاوى ورسائل العثيمين,https://shamela.ws/book/12293
22,الفتاوى,96784,تحفة المجيب على أسئلة الحاضر والغريب,https://shamela.ws/book/96784
22,الفتاوى,4482,فتاوى الشيخ ابن جبرين,https://shamela.ws/book/4482
22,الفتاوى,14260,مجالس مع فضيلة الشيخ محمد الأمين الشنقيطي,https://shamela.ws/book/14260
22,الفتاوى,900,نيل الأماني من فتاوى القاضي محمد بن اسماعيل العمراني,https://shamela.ws/book/900
22,الفتاوى,31475,وجوب العدل وتحريم الظلم على الناس كافة,https://shamela.ws/book/31475
22,الفتاوى,8612,مجموع فتاوى فضيلة الشيخ صالح بن فوزان,https://shamela.ws/book/8612
22,الفتاوى,36975,فتاوى منوعة - الراجحي,https://shamela.ws/book/36975
22,الفتاوى,8381,فتاوى اللجنة الدائمة - المجموعة الأولى,https://shamela.ws/book/8381
22,الفتاوى,21772,فتاوى اللجنة الدائمة - المجموعة الثانية,https://shamela.ws/book/21772
22,الفتاوى,663,الدرر البهية من الفتاوى الكويتية,https://shamela.ws/book/663
22,الفتاوى,1611,الفتاوى الاقتصادية,https://shamela.ws/book/1611
22,الفتاوى,27107,فتاوى الشبكة الإسلامية,https://shamela.ws/book/27107
22,الفتاوى,21760,فتاوى الطب والمرضى,https://shamela.ws/book/21760
22,الفتاوى,432,فتاوى دار الإفتاء المصرية,https://shamela.ws/book/432
22,الفتاوى,894,فتاوى واستشارات الإسلام اليوم,https://shamela.ws/book/894
22,الفتاوى,12064,مجموعة الرسائل والمسائل النجدية (الجزء الأول),https://shamela.ws/book/12064
22,الفتاوى,11378,مجموعة الرسائل والمسائل النجدية (الجزء الرابع، القسم الثاني),https://shamela.ws/book/11378
22,الفتاوى,30944,مجموعة رسائل وفتاوى في مسائل مهمة تمس إليها حاجة العصر,https://shamela.ws/book/30944
22,الفتاوى,635,موسوعة صناعة الحلال,https://shamela.ws/book/635
22,الفتاوى,10517,فتاوى د حسام عفانة,https://shamela.ws/book/10517
22,الفتاوى,9087,فتاوى يسألونك,https://shamela.ws/book/9087
22,الفتاوى,6351,مسائل مهمات تتعلق بفقه الصوم والتراويح والقراءة على الأموات,https://shamela.ws/book/6351
22,الفتاوى,12838,يسألونك عن الزكاة,https://shamela.ws/book/12838
22,الفتاوى,1425,يسألونك عن المعاملات المالية المعاصرة,https://shamela.ws/book/1425
22,الفتاوى,1436,يسألونك عن رمضان,https://shamela.ws/book/1436
22,الفتاوى,26332,موقع الإسلام سؤال وجواب,https://shamela.ws/book/26332
22,الفتاوى,31088,حرمة الإفساد في الأرض,https://shamela.ws/book/31088
22,الفتاوى,21771,رسائل وفتاوى عبد العزيز آل الشيخ,https://shamela.ws/book/21771
22,الفتاوى,4382,لقاءات ملتقى أهل الحديث بالعلماء,https://shamela.ws/book/4382
22,الفتاوى,1708,فتاوى إسلامية,https://shamela.ws/book/1708
22,الفتاوى,30275,المنتقى من فتاوى الأئمة الأعلام,https://shamela.ws/book/30275
23,الرقائق والآداب والأذكار,7528,الأدب الصغير والأدب الكبير,https://shamela.ws/book/7528
23,الرقائق والآداب والأذكار,30126,رسالة الإمام مالك في السنن والمواعظ والآداب,https://shamela.ws/book/30126
23,الرقائق والآداب والأذكار,29289,الزهد للمعافى بن عمران الموصلي,https://shamela.ws/book/29289
23,الرقائق والآداب والأذكار,21545,الزهد لوكيع,https://shamela.ws/book/21545
23,الرقائق والآداب والأذكار,263,الزهد لأسد بن موسى,https://shamela.ws/book/263
23,الرقائق والآداب والأذكار,20882,الجامع لعلوم الإمام أحمد - الأدب والزهد,https://shamela.ws/book/20882
23,الرقائق والآداب والأذكار,8494,الزهد لأحمد بن حنبل,https://shamela.ws/book/8494
23,الرقائق والآداب والأذكار,13027,الزهد لهناد بن السري,https://shamela.ws/book/13027
23,الرقائق والآداب والأذكار,6853,آداب النفوس للمحاسبي,https://shamela.ws/book/6853
23,الرقائق والآداب والأذكار,21799,التوهم في وصف أحوال الآخرة,https://shamela.ws/book/21799
23,الرقائق والآداب والأذكار,6871,رسالة المسترشدين,https://shamela.ws/book/6871
23,الرقائق والآداب والأذكار,684,تحقيق فضل الصلاة على النبي لإسماعيل القاضي,https://shamela.ws/book/684
23,الرقائق والآداب والأذكار,13026,الزهد لابن أبي عاصم,https://shamela.ws/book/13026
23,الرقائق والآداب والأذكار,9640,المروءة,https://shamela.ws/book/9640
23,الرقائق والآداب والأذكار,37054,أدب النفس,https://shamela.ws/book/37054
23,الرقائق والآداب والأذكار,6794,الأعضاء والنفس,https://shamela.ws/book/6794
23,الرقائق والآداب والأذكار,652,العقل والهوى,https://shamela.ws/book/652
23,الرقائق والآداب والأذكار,25950,المنهيات,https://shamela.ws/book/25950
23,الرقائق والآداب والأذكار,37033,رياضة النفس,https://shamela.ws/book/37033
23,الرقائق والآداب والأذكار,1485,آداب الشافعي ومناقبه - ط العلمية,https://shamela.ws/book/1485
23,الرقائق والآداب والأذكار,9310,الفوائد والزهد والرقائق والمراثي,https://shamela.ws/book/9310
23,الرقائق والآداب والأذكار,6944,روضة العقلاء ونزهة الفضلاء,https://shamela.ws/book/6944
23,الرقائق والآداب والأذكار,1311,أخلاق العلماء للآجري,https://shamela.ws/book/1311
23,الرقائق والآداب والأذكار,13010,التوبيخ والتنبيه لأبي الشيخ الأصبهاني,https://shamela.ws/book/13010
23,الرقائق والآداب والأذكار,10488,تنبيه الغافلين بأحاديث سيد الأنبياء والمرسلين للسمرقندي,https://shamela.ws/book/10488
23,الرقائق والآداب والأذكار,18260,الجامع في السنن والآداب والمغازي والتاريخ,https://shamela.ws/book/18260
23,الرقائق والآداب والأذكار,482,قوت القلوب في معاملة المحبوب ووصف طريق المريد إلى مقام التوحيد,https://shamela.ws/book/482
23,الرقائق والآداب والأذكار,13042,العزلة للخطابي,https://shamela.ws/book/13042
23,الرقائق والآداب والأذكار,95700,شأن الدعاء,https://shamela.ws/book/95700
23,الرقائق والآداب والأذكار,6861,الحث على طلب العلم والاجتهاد في جمعه,https://shamela.ws/book/6861
23,الرقائق والآداب والأذكار,6873,قصيدة عنوان الحكم,https://shamela.ws/book/6873
23,الرقائق والآداب والأذكار,6786,عيوب النفس,https://shamela.ws/book/6786
23,الرقائق والآداب والأذكار,6890,وصية الشيخ السلمي,https://shamela.ws/book/6890
23,الرقائق والآداب والأذكار,12720,تهذيب الأخلاق وتطهير الأعراق,https://shamela.ws/book/12720
23,الرقائق والآداب والأذكار,1399,درر الحكم لأبي منصور الثعالبي,https://shamela.ws/book/1399
23,الرقائق والآداب والأذكار,765,أدب الدنيا والدين,https://shamela.ws/book/765
23,الرقائق والآداب والأذكار,16759,الأمثال والحكم - الماوردي,https://shamela.ws/book/16759
23,الرقائق والآداب والأذكار,6874,الأخلاق والسير في مداواة النفوس,https://shamela.ws/book/6874
23,الرقائق والآداب والأذكار,13025,الزهد الكبير للبيهقي,https://shamela.ws/book/13025
23,الرقائق والآداب والأذكار,16879,التوكل,https://shamela.ws/book/16879
23,الرقائق والآداب والأذكار,6869,ديوان أبي إسحاق الإلبيري,https://shamela.ws/book/6869
23,الرقائق والآداب والأذكار,6780,أدب المجالسة وحمد اللسان,https://shamela.ws/book/6780
23,الرقائق والآداب والأذكار,558,بهجة المجالس وأنس المجالس,https://shamela.ws/book/558
23,الرقائق والآداب والأذكار,12985,اقتضاء العلم العمل,https://shamela.ws/book/12985
23,الرقائق والآداب والأذكار,9953,الرسالة القشيرية,https://shamela.ws/book/9953
23,الرقائق والآداب والأذكار,37067,نحو القلوب,https://shamela.ws/book/37067
23,الرقائق والآداب والأذكار,6865,النصيحة الولدية,https://shamela.ws/book/6865
23,الرقائق والآداب والأذكار,6876,منازل السائرين,https://shamela.ws/book/6876
23,الرقائق والآداب والأذكار,1390,الذريعة الى مكارم الشريعة,https://shamela.ws/book/1390
23,الرقائق والآداب والأذكار,21562,تفصيل النشأتين وتحصيل السعادتين,https://shamela.ws/book/21562
23,الرقائق والآداب والأذكار,9198,أصناف المغرورين,https://shamela.ws/book/9198
23,الرقائق والآداب والأذكار,9472,إحياء علوم الدين,https://shamela.ws/book/9472
23,الرقائق والآداب والأذكار,9246,المنقذ من الضلال,https://shamela.ws/book/9246
23,الرقائق والآداب والأذكار,12718,بداية الهداية,https://shamela.ws/book/12718
23,الرقائق والآداب والأذكار,9261,كيمياء السعادة,https://shamela.ws/book/9261
23,الرقائق والآداب والأذكار,12421,مشكاة الأنوار,https://shamela.ws/book/12421
23,الرقائق والآداب والأذكار,9264,ميزان العمل,https://shamela.ws/book/9264
23,الرقائق والآداب والأذكار,17130,فصول الآداب ومكارم الأخلاق المشروعة,https://shamela.ws/book/17130
23,الرقائق والآداب والأذكار,21500,الكلم النوابغ,https://shamela.ws/book/21500
23,الرقائق والآداب والأذكار,1211,سراج المريدين فى سبيل الدين,https://shamela.ws/book/1211
23,الرقائق والآداب والأذكار,17817,الغنية لطالبي طريق الحق,https://shamela.ws/book/17817
23,الرقائق والآداب والأذكار,12845,المستغيثين بالله تعالى عند المهمات والحاجات,https://shamela.ws/book/12845
23,الرقائق والآداب والأذكار,6862,العاقبة في ذكر الموت,https://shamela.ws/book/6862
23,الرقائق والآداب والأذكار,6938,الأذكياء,https://shamela.ws/book/6938
23,الرقائق والآداب والأذكار,9379,البر والصلة لابن الجوزي,https://shamela.ws/book/9379
23,الرقائق والآداب والأذكار,26351,التبصرة لابن الجوزي,https://shamela.ws/book/26351
23,الرقائق والآداب والأذكار,6858,التذكرة في الوعظ,https://shamela.ws/book/6858
23,الرقائق والآداب والأذكار,6789,الثبات عند الممات,https://shamela.ws/book/6789
23,الرقائق والآداب والأذكار,22340,الحث على حفظ العلم وذكر كبار الحفاظ,https://shamela.ws/book/22340
23,الرقائق والآداب والأذكار,659,اللآلي,https://shamela.ws/book/659
23,الرقائق والآداب والأذكار,243,اللطائف,https://shamela.ws/book/243
23,الرقائق والآداب والأذكار,6940,المدهش,https://shamela.ws/book/6940
23,الرقائق والآداب والأذكار,26892,المقلق لابن الجوزي,https://shamela.ws/book/26892
23,الرقائق والآداب والأذكار,180,المنثور,https://shamela.ws/book/180
23,الرقائق والآداب والأذكار,2506,بحر الدموع,https://shamela.ws/book/2506
23,الرقائق والآداب والأذكار,244,بر الوالدين - ابن الجوزي,https://shamela.ws/book/244
23,الرقائق والآداب والأذكار,6948,بستان الواعظين ورياض السامعين,https://shamela.ws/book/6948
23,الرقائق والآداب والأذكار,11302,تلبيس إبليس - ت المزيد والسحيباني,https://shamela.ws/book/11302
23,الرقائق والآداب والأذكار,30085,تلبيس إبليس - ت خير الدين وائلي,https://shamela.ws/book/30085
23,الرقائق والآداب والأذكار,11438,تلبيس إبليس - ط الفكر,https://shamela.ws/book/11438
23,الرقائق والآداب والأذكار,11405,تلبيس ابليس - ط المنيرية,https://shamela.ws/book/11405
23,الرقائق والآداب والأذكار,11023,تنبيه النائم الغمر على مواسم العمر - ط ابن حزم,https://shamela.ws/book/11023
23,الرقائق والآداب والأذكار,26678,تنبيه النائم الغمر على مواسم العمر - ط البشائر,https://shamela.ws/book/26678
23,الرقائق والآداب والأذكار,5748,تنوير الغبش في فضل السودان والحبش,https://shamela.ws/book/5748
23,الرقائق والآداب والأذكار,26677,حفظ العمر لابن الجوزي,https://shamela.ws/book/26677
23,الرقائق والآداب والأذكار,6870,ذم الهوى,https://shamela.ws/book/6870
23,الرقائق والآداب والأذكار,12031,صفة الصفوة,https://shamela.ws/book/12031
23,الرقائق والآداب والأذكار,12028,صيد الخاطر,https://shamela.ws/book/12028
23,الرقائق والآداب والأذكار,8160,مواعظ ابن الجوزي - الياقوتة,https://shamela.ws/book/8160
23,الرقائق والآداب والأذكار,11317,التوابين لابن قدامة,https://shamela.ws/book/11317
23,الرقائق والآداب والأذكار,5433,الآداب النافعة بالألفاظ المختارة الجامعة,https://shamela.ws/book/5433
23,الرقائق والآداب والأذكار,4425,فضائل الأعمال - الضياء المقدسي,https://shamela.ws/book/4425
23,الرقائق والآداب والأذكار,6875,مقاصد الرعاية لحقوق الله عز وجل,https://shamela.ws/book/6875
23,الرقائق والآداب والأذكار,7326,تذكره الآباء وتسليه الأبناء = الدراري في ذكر الزراري,https://shamela.ws/book/7326
23,الرقائق والآداب والأذكار,30031,التذكرة بأحوال الموتى وأمور الآخرة - ت آل زهوي,https://shamela.ws/book/30031
23,الرقائق والآداب والأذكار,21536,التذكرة بأحوال الموتى وأمور الآخرة - ت الصادق,https://shamela.ws/book/21536
23,الرقائق والآداب والأذكار,1956,الأذكار للنووي ت الأرنؤوط,https://shamela.ws/book/1956
23,الرقائق والآداب والأذكار,13566,الأذكار للنووي ت مستو,https://shamela.ws/book/13566
23,الرقائق والآداب والأذكار,10639,الأذكار للنووي ط ابن حزم,https://shamela.ws/book/10639
23,الرقائق والآداب والأذكار,12836,الأربعون النووية,https://shamela.ws/book/12836
23,الرقائق والآداب والأذكار,12719,بستان العارفين للنووي,https://shamela.ws/book/12719
23,الرقائق والآداب والأذكار,29675,الصبر مطية النجاح,https://shamela.ws/book/29675
23,الرقائق والآداب والأذكار,37484,تلخيص العبارة في نحو أهل الإشارة,https://shamela.ws/book/37484
23,الرقائق والآداب والأذكار,98087,مختصر منهاج القاصدين,https://shamela.ws/book/98087
23,الرقائق والآداب والأذكار,6850,مختصر شعب الإيمان,https://shamela.ws/book/6850
23,الرقائق والآداب والأذكار,54,منظومة الآداب = الألفية في الآداب الشرعية,https://shamela.ws/book/54
23,الرقائق والآداب والأذكار,17735,مفتاح طريق الأولياء,https://shamela.ws/book/17735
23,الرقائق والآداب والأذكار,1512,أمراض القلوب وشفاؤها,https://shamela.ws/book/1512
23,الرقائق والآداب والأذكار,6827,التحفة العراقية,https://shamela.ws/book/6827
23,الرقائق والآداب والأذكار,6826,الزهد والورع والعبادة,https://shamela.ws/book/6826
23,الرقائق والآداب والأذكار,21578,الكلم الطيب,https://shamela.ws/book/21578
23,الرقائق والآداب والأذكار,327,تخريج الكلم الطيب,https://shamela.ws/book/327
23,الرقائق والآداب والأذكار,133364,فصل في تزكية النفس,https://shamela.ws/book/133364
23,الرقائق والآداب والأذكار,22650,قاعدة حسنة في الباقيات الصالحات,https://shamela.ws/book/22650
23,الرقائق والآداب والأذكار,12153,قاعدة في الصبر,https://shamela.ws/book/12153
23,الرقائق والآداب والأذكار,11289,قاعدة في المحبة,https://shamela.ws/book/11289
23,الرقائق والآداب والأذكار,151180,تذكرة السامع والمتكلم في أدب العالم والمتعلم,https://shamela.ws/book/151180
23,الرقائق والآداب والأذكار,813,النصيحة المختصة,https://shamela.ws/book/813
23,الرقائق والآداب والأذكار,6843,سلاح المؤمن في الدعاء,https://shamela.ws/book/6843
23,الرقائق والآداب والأذكار,6848,الكبائر للذهبي,https://shamela.ws/book/6848
23,الرقائق والآداب والأذكار,6342,زغل العلم,https://shamela.ws/book/6342
23,الرقائق والآداب والأذكار,11688,إغاثة اللهفان في مصايد الشيطان - ت الفقي,https://shamela.ws/book/11688
23,الرقائق والآداب والأذكار,18612,إغاثة اللهفان في مصايد الشيطان - ط عطاءات العلم,https://shamela.ws/book/18612
23,الرقائق والآداب والأذكار,158,الداء والدواء = الجواب الكافي - ط دار المعرفة,https://shamela.ws/book/158
23,الرقائق والآداب والأذكار,98093,الداء والدواء = الجواب الكافي - ط عطاءات العلم,https://shamela.ws/book/98093
23,الرقائق والآداب والأذكار,7632,الرسالة التبوكية زاد المهاجر إلى ربه - ت غازي,https://shamela.ws/book/7632
23,الرقائق والآداب والأذكار,14211,الرسالة التبوكية زاد المهاجر إلى ربه - ط عطاءات العلم,https://shamela.ws/book/14211
23,الرقائق والآداب والأذكار,6832,الفوائد لابن القيم - ط العلمية,https://shamela.ws/book/6832
23,الرقائق والآداب والأذكار,212,الفوائد لابن القيم - ط عطاءات العلم,https://shamela.ws/book/212
23,الرقائق والآداب والأذكار,216,الوابل الصيب - ط دار الحديث,https://shamela.ws/book/216
23,الرقائق والآداب والأذكار,18128,الوابل الصيب - ط عطاءات العلم,https://shamela.ws/book/18128
23,الرقائق والآداب والأذكار,6829,جلاء الأفهام - ت الأرنؤوط,https://shamela.ws/book/6829
23,الرقائق والآداب والأذكار,18124,جلاء الأفهام - ط عطاءات العلم,https://shamela.ws/book/18124
23,الرقائق والآداب والأذكار,11147,حادي الأرواح إلى بلاد الأفراح - ط المدني,https://shamela.ws/book/11147
23,الرقائق والآداب والأذكار,13652,حادي الأرواح إلى بلاد الأفراح - ط عطاءات العلم,https://shamela.ws/book/13652
23,الرقائق والآداب والأذكار,6666,رسالة ابن القيم إلى أحد إخوانه - ط الشرق الأوسط,https://shamela.ws/book/6666
23,الرقائق والآداب والأذكار,11797,رسالة ابن القيم إلى أحد إخوانه - ط عطاءات العلم,https://shamela.ws/book/11797
23,الرقائق والآداب والأذكار,11229,روضة المحبين ونزهة المشتاقين - ط العلمية,https://shamela.ws/book/11229
23,الرقائق والآداب والأذكار,417,روضة المحبين ونزهة المشتاقين - ط عطاءات العلم,https://shamela.ws/book/417
23,الرقائق والآداب والأذكار,30842,صفات المنافقين,https://shamela.ws/book/30842
23,الرقائق والآداب والأذكار,6841,صيغ الحمد,https://shamela.ws/book/6841
23,الرقائق والآداب والأذكار,12029,طريق الهجرتين وباب السعادتين - ط الدار السلفية,https://shamela.ws/book/12029
23,الرقائق والآداب والأذكار,251,طريق الهجرتين وباب السعادتين - ط عطاءات العلم,https://shamela.ws/book/251
23,الرقائق والآداب والأذكار,11274,عدة الصابرين وذخيرة الشاكرين - ط دار ابن كثير,https://shamela.ws/book/11274
23,الرقائق والآداب والأذكار,252,عدة الصابرين وذخيرة الشاكرين - ط عطاءات العلم,https://shamela.ws/book/252
23,الرقائق والآداب والأذكار,18152,فتيا في صيغة الحمد,https://shamela.ws/book/18152
23,الرقائق والآداب والأذكار,8370,مدارج السالكين - ط الكتاب العربي,https://shamela.ws/book/8370
23,الرقائق والآداب والأذكار,199,مدارج السالكين - ط عطاءات العلم,https://shamela.ws/book/199
23,الرقائق والآداب والأذكار,6840,مفتاح دار السعادة ومنشور ولاية العلم والإرادة - ط العلمية,https://shamela.ws/book/6840
23,الرقائق والآداب والأذكار,145411,مفتاح دار السعادة ومنشور ولاية العلم والإرادة - ط عطاءات العلم,https://shamela.ws/book/145411
23,الرقائق والآداب والأذكار,17660,وصية تقي الدين السبكي لولده محمد,https://shamela.ws/book/17660
23,الرقائق والآداب والأذكار,21582,الآداب الشرعية والمنح المرعية,https://shamela.ws/book/21582
23,الرقائق والآداب والأذكار,11818,النهاية في الفتن والملاحم - ت محمد عبد العزيز,https://shamela.ws/book/11818
23,الرقائق والآداب والأذكار,21502,تسلية أهل المصائب,https://shamela.ws/book/21502
23,الرقائق والآداب والأذكار,6878,نشر طي التعريف في فضل حملة العلم الشريف والرد على ماقتهم السخيف,https://shamela.ws/book/6878
23,الرقائق والآداب والأذكار,151136,أحكام الخواتيم,https://shamela.ws/book/151136
23,الرقائق والآداب والأذكار,200,أسباب المغفرة,https://shamela.ws/book/200
23,الرقائق والآداب والأذكار,10900,أهوال القبور وأحوال أهلها إلى النشور,https://shamela.ws/book/10900
23,الرقائق والآداب والأذكار,151144,استنشاق نسيم الأنس من نفحات رياض القدس,https://shamela.ws/book/151144
23,الرقائق والآداب والأذكار,151121,البشارة العظمى للمؤمن بأن حظه من النار الحمى,https://shamela.ws/book/151121
23,الرقائق والآداب والأذكار,4033,التخويف من النار والتعريف بحال دار البوار,https://shamela.ws/book/4033
23,الرقائق والآداب والأذكار,151147,التخويف من النار والتعريف بحال دار البوار,https://shamela.ws/book/151147
23,الرقائق والآداب والأذكار,151118,الذل والانكسار للعزيز الجبار,https://shamela.ws/book/151118
23,الرقائق والآداب والأذكار,22566,الفرق بين النصيحة والتعيير,https://shamela.ws/book/22566
23,الرقائق والآداب والأذكار,151123,الفرق بين النصيحة والتعيير,https://shamela.ws/book/151123
23,الرقائق والآداب والأذكار,151148,المحجة في سير الدلجة,https://shamela.ws/book/151148
23,الرقائق والآداب والأذكار,132,بيان فضل علم السلف على علم الخلف,https://shamela.ws/book/132
23,الرقائق والآداب والأذكار,1519,تسلية نفوس النساء والرجال عند فقد الأطفال,https://shamela.ws/book/1519
23,الرقائق والآداب والأذكار,151122,تسلية نفوس النساء والرجال عند فقد الأطفال,https://shamela.ws/book/151122
23,الرقائق والآداب والأذكار,151117,ذم الخمر,https://shamela.ws/book/151117
23,الرقائق والآداب والأذكار,151116,ذم قسوة القلب,https://shamela.ws/book/151116
23,الرقائق والآداب والأذكار,151125,صدقة السر وفضلها,https://shamela.ws/book/151125
23,الرقائق والآداب والأذكار,151140,فضل علم السلف على علم الخلف,https://shamela.ws/book/151140
23,الرقائق والآداب والأذكار,10782,كشف الكربة في وصف أهل الغربة,https://shamela.ws/book/10782
23,الرقائق والآداب والأذكار,151119,كشف الكربة في وصف حال أهل الغربة,https://shamela.ws/book/151119
23,الرقائق والآداب والأذكار,1152,لطائف المعارف فيما لمواسم العام من الوظائف - ت السواس,https://shamela.ws/book/1152
23,الرقائق والآداب والأذكار,1151,لطائف المعارف فيما لمواسم العام من الوظائف - ت عامر,https://shamela.ws/book/1151
23,الرقائق والآداب والأذكار,1144,لطائف المعارف فيما لمواسم العام من الوظائف - ت عوض الله,https://shamela.ws/book/1144
23,الرقائق والآداب والأذكار,11363,لطائف المعارف فيما لمواسم العام من الوظائف - ط ابن حزم,https://shamela.ws/book/11363
23,الرقائق والآداب والأذكار,1330,حدائق الأولياء,https://shamela.ws/book/1330
23,الرقائق والآداب والأذكار,8185,آداب الأكل,https://shamela.ws/book/8185
23,الرقائق والآداب والأذكار,9102,الزهر الفائح في ذكر من تنزه عن الذنوب والقبائح,https://shamela.ws/book/9102
23,الرقائق والآداب والأذكار,10922,بشارة المحبوب بتكفير الذنوب,https://shamela.ws/book/10922
23,الرقائق والآداب والأذكار,28168,نزهة المجالس ومنتخب النفائس,https://shamela.ws/book/28168
23,الرقائق والآداب والأذكار,258,النصيحة الكافية لمن خصه الله بالعافية,https://shamela.ws/book/258
23,الرقائق والآداب والأذكار,123663,عدة المريد الصادق,https://shamela.ws/book/123663
23,الرقائق والآداب والأذكار,5675,التماس السعد في الوفاء بالوعد,https://shamela.ws/book/5675
23,الرقائق والآداب والأذكار,127668,القناعة في ما يحسن الإحاطة من أشراط الساعة,https://shamela.ws/book/127668
23,الرقائق والآداب والأذكار,17530,صب الخمول على من وصل أذاه إلى الصالحين من أولياء الله,https://shamela.ws/book/17530
23,الرقائق والآداب والأذكار,17529,معارف الإنعام وفضل الشهور والأيام,https://shamela.ws/book/17529
23,الرقائق والآداب والأذكار,213,بزوغ الهلال في الخصال الموجبة للظلال,https://shamela.ws/book/213
23,الرقائق والآداب والأذكار,10924,بشرى الكئيب بلقاء الحبيب,https://shamela.ws/book/10924
23,الرقائق والآداب والأذكار,222,تمهيد الفرش في الخصال الموجبة لظل العرش,https://shamela.ws/book/222
23,الرقائق والآداب والأذكار,36951,حسن السمت في الصمت,https://shamela.ws/book/36951
23,الرقائق والآداب والأذكار,191,ما رواه الأساطين في عدم المجيء إلى السلاطين,https://shamela.ws/book/191
23,الرقائق والآداب والأذكار,26551,مطلع البدرين فيمن يؤتى أجره مرتين,https://shamela.ws/book/26551
23,الرقائق والآداب والأذكار,17090,المقالات المسفرة عن دلائل المغفرة,https://shamela.ws/book/17090
23,الرقائق والآداب والأذكار,6167,المنفرجتان,https://shamela.ws/book/6167
23,الرقائق والآداب والأذكار,28114,مكفرات الذنوب وموجبات الجنة,https://shamela.ws/book/28114
23,الرقائق والآداب والأذكار,21629,الزواجر عن اقتراف الكبائر,https://shamela.ws/book/21629
23,الرقائق والآداب والأذكار,8186,آداب العشرة وذكر الصحبة والأخوة,https://shamela.ws/book/8186
23,الرقائق والآداب والأذكار,466,آداب المواكلة,https://shamela.ws/book/466
23,الرقائق والآداب والأذكار,483,الاستعداد للموت وسؤال القبر,https://shamela.ws/book/483
23,الرقائق والآداب والأذكار,30621,الحرز الثمين للحصن الحصين,https://shamela.ws/book/30621
23,الرقائق والآداب والأذكار,11092,تسلية الأعمى عن بلية العمى,https://shamela.ws/book/11092
23,الرقائق والآداب والأذكار,14283,موعظة الحبيب وتحفة الخطيب,https://shamela.ws/book/14283
23,الرقائق والآداب والأذكار,16727,إخلاص الوداد في صدق الميعاد,https://shamela.ws/book/16727
23,الرقائق والآداب والأذكار,649,آداب العلماء والمتعلمين,https://shamela.ws/book/649
23,الرقائق والآداب والأذكار,23625,الفتوحات الربانية على الأذكار النواوية,https://shamela.ws/book/23625
23,الرقائق والآداب والأذكار,14592,حسن التنبه لما ورد في التشبه,https://shamela.ws/book/14592
23,الرقائق والآداب والأذكار,21654,بريقة محمودية في شرح طريقة محمدية وشريعة نبوية في سيرة أحمدية,https://shamela.ws/book/21654
23,الرقائق والآداب والأذكار,655,سلوة الأحزان للاجتناب عن مجالسة الأحداث والنسوان,https://shamela.ws/book/655
23,الرقائق والآداب والأذكار,132973,البحور الزاخرة في علوم الآخرة,https://shamela.ws/book/132973
23,الرقائق والآداب والأذكار,25791,غذاء الألباب في شرح منظومة الآداب,https://shamela.ws/book/25791
23,الرقائق والآداب والأذكار,8531,الكبائر لمحمد بن عبد الوهاب (مطبوع ضمن مؤلفات الشيخ محمد بن عبد الوهاب، الجزء الأول),https://shamela.ws/book/8531
23,الرقائق والآداب والأذكار,6854,أدب الطلب ومنتهى الأرب - ت الخشت,https://shamela.ws/book/6854
23,الرقائق والآداب والأذكار,1562,أدب الطلب ومنتهى الأرب - ت السريحي,https://shamela.ws/book/1562
23,الرقائق والآداب والأذكار,1567,أدب الطلب ومنتهى الأرب - ت عبد الواحد,https://shamela.ws/book/1567
23,الرقائق والآداب والأذكار,6844,تحفة الذاكرين بعدة الحصن الحصين,https://shamela.ws/book/6844
23,الرقائق والآداب والأذكار,1639,بغية الناسك في أدعية المناسك - ط إسطنبول,https://shamela.ws/book/1639
23,الرقائق والآداب والأذكار,31375,في السلوك الإسلامي القويم,https://shamela.ws/book/31375
23,الرقائق والآداب والأذكار,17738,نبذة لطيفة ونصيحة شريفة,https://shamela.ws/book/17738
23,الرقائق والآداب والأذكار,6879,يقظة أولي الاعتبار,https://shamela.ws/book/6879
23,الرقائق والآداب والأذكار,22842,موعظة المؤمنين من إحياء علوم الدين,https://shamela.ws/book/22842
23,الرقائق والآداب والأذكار,22274,الحجاب للمنفلوطي,https://shamela.ws/book/22274
23,الرقائق والآداب والأذكار,30921,الفواكه الشهية في الخطب المنبرية والخطب المنبرية على المناسبات,https://shamela.ws/book/30921
23,الرقائق والآداب والأذكار,9089,الوسائل المفيدة للحياة السعيدة,https://shamela.ws/book/9089
23,الرقائق والآداب والأذكار,8665,دستور الأخلاق في القرآن,https://shamela.ws/book/8665
23,الرقائق والآداب والأذكار,9267,هكذا علمتني الحياة,https://shamela.ws/book/9267
23,الرقائق والآداب والأذكار,7374,وظائف رمضان,https://shamela.ws/book/7374
23,الرقائق والآداب والأذكار,2191,توجيهات إسلامية لعبد الله بن حميد,https://shamela.ws/book/2191
23,الرقائق والآداب والأذكار,115131,سهام الإسلام,https://shamela.ws/book/115131
23,الرقائق والآداب والأذكار,12183,أخلاق الشباب المسلم,https://shamela.ws/book/12183
23,الرقائق والآداب والأذكار,9835,رجال حول الرسول,https://shamela.ws/book/9835
23,الرقائق والآداب والأذكار,96882,قيمة الزمن عند العلماء,https://shamela.ws/book/96882
23,الرقائق والآداب والأذكار,22798,نضرة النعيم في مكارم أخلاق الرسول الكريم,https://shamela.ws/book/22798
23,الرقائق والآداب والأذكار,31303,تحفة الأخيار ببيان جملة نافعة مما ورد في الكتاب والسنة من الأدعية والأذكار,https://shamela.ws/book/31303
23,الرقائق والآداب والأذكار,821,مجالس رمضان - ابن باز,https://shamela.ws/book/821
23,الرقائق والآداب والأذكار,17213,البواكير,https://shamela.ws/book/17213
23,الرقائق والآداب والأذكار,17076,ذكريات - علي الطنطاوي,https://shamela.ws/book/17076
23,الرقائق والآداب والأذكار,13691,صور وخواطر,https://shamela.ws/book/13691
23,الرقائق والآداب والأذكار,17360,فصول في الثقافة والأدب,https://shamela.ws/book/17360
23,الرقائق والآداب والأذكار,17361,فصول في الدعوة والإصلاح,https://shamela.ws/book/17361
23,الرقائق والآداب والأذكار,14456,فكر ومباحث,https://shamela.ws/book/14456
23,الرقائق والآداب والأذكار,14265,في سبيل الإصلاح,https://shamela.ws/book/14265
23,الرقائق والآداب والأذكار,14296,قصص من التاريخ,https://shamela.ws/book/14296
23,الرقائق والآداب والأذكار,13635,مع الناس,https://shamela.ws/book/13635
23,الرقائق والآداب والأذكار,17665,من حديث النفس,https://shamela.ws/book/17665
23,الرقائق والآداب والأذكار,1791,نور وهداية,https://shamela.ws/book/1791
23,الرقائق والآداب والأذكار,21800,الذكر الثمين,https://shamela.ws/book/21800
23,الرقائق والآداب والأذكار,30920,الضياء اللامع من الخطب الجوامع,https://shamela.ws/book/30920
23,الرقائق والآداب والأذكار,11332,العلم للعثيمين,https://shamela.ws/book/11332
23,الرقائق والآداب والأذكار,10756,مجالس رمضان - ابن عثيمين,https://shamela.ws/book/10756
23,الرقائق والآداب والأذكار,12082,مكارم الأخلاق لابن عثيمين,https://shamela.ws/book/12082
23,الرقائق والآداب والأذكار,7373,موضوعات صالحة للخطب والوعظ,https://shamela.ws/book/7373
23,الرقائق والآداب والأذكار,38155,مجموعة القصائد الزهديات,https://shamela.ws/book/38155
23,الرقائق والآداب والأذكار,120,مفتاح الأفكار للتأهب لدار القرار,https://shamela.ws/book/120
23,الرقائق والآداب والأذكار,7480,موارد الظمآن لدروس الزمان,https://shamela.ws/book/7480
23,الرقائق والآداب والأذكار,96461,الجنة والنار من الكتاب والسنة المطهرة,https://shamela.ws/book/96461
23,الرقائق والآداب والأذكار,17083,هذه أخلاقنا حين نكون مؤمنين حقا,https://shamela.ws/book/17083
23,الرقائق والآداب والأذكار,11272,صفحات مشرقة من حياة السلف - سفيان الثوري,https://shamela.ws/book/11272
23,الرقائق والآداب والأذكار,12067,من أعلام أهل السنة والجماعة عبد الله بن المبارك,https://shamela.ws/book/12067
23,الرقائق والآداب والأذكار,12088,من هدي السلف في طلب العلم,https://shamela.ws/book/12088
23,الرقائق والآداب والأذكار,9903,حراسة الفضيلة,https://shamela.ws/book/9903
23,الرقائق والآداب والأذكار,9884,حلية طالب العلم,https://shamela.ws/book/9884
23,الرقائق والآداب والأذكار,31350,توجيهات إسلامية لمحمد بن جميل زينو,https://shamela.ws/book/31350
23,الرقائق والآداب والأذكار,17052,التقوى تعريفها وفضلها ومحذوراتها وقصص من أحوالها,https://shamela.ws/book/17052
23,الرقائق والآداب والأذكار,97808,مقاصد المكلفين فيما يتعبد به لرب العالمين,https://shamela.ws/book/97808
23,الرقائق والآداب والأذكار,21569,الطريق إلى الامتياز,https://shamela.ws/book/21569
23,الرقائق والآداب والأذكار,4270,فدائيون من عصر الرسول,https://shamela.ws/book/4270
23,الرقائق والآداب والأذكار,37582,أكثر من 1000 سنة في اليوم والليلة,https://shamela.ws/book/37582
23,الرقائق والآداب والأذكار,3034,دروس تربوية من الأحاديث النبوية,https://shamela.ws/book/3034
23,الرقائق والآداب والأذكار,36546,كيف تسبق,https://shamela.ws/book/36546
23,الرقائق والآداب والأذكار,37311,هكذا كان الصالحون,https://shamela.ws/book/37311
23,الرقائق والآداب والأذكار,1523,أدب الاختلاف في الإسلام,https://shamela.ws/book/1523
23,الرقائق والآداب والأذكار,8367,أهداف التربية الإسلامية,https://shamela.ws/book/8367
23,الرقائق والآداب والأذكار,3255,اقتربت الساعة فتوبوا أيها المذنبون,https://shamela.ws/book/3255
23,الرقائق والآداب والأذكار,8578,النجاة النجاة يا عباد الله,https://shamela.ws/book/8578
23,الرقائق والآداب والأذكار,11261,عباد الله اسلمو تسلموا,https://shamela.ws/book/11261
23,الرقائق والآداب والأذكار,12109,نداءات الرحمن لأهل الإيمان,https://shamela.ws/book/12109
23,الرقائق والآداب والأذكار,36503,التوبة إلى الله,https://shamela.ws/book/36503
23,الرقائق والآداب والأذكار,8150,ذكر وتذكير,https://shamela.ws/book/8150
23,الرقائق والآداب والأذكار,36359,الخشوع في الصلاة - الصباغ,https://shamela.ws/book/36359
23,الرقائق والآداب والأذكار,96455,آفات اللسان في ضوء الكتاب والسنة,https://shamela.ws/book/96455
23,الرقائق والآداب والأذكار,96479,أنواع الصبر ومجالاته,https://shamela.ws/book/96479
23,الرقائق والآداب والأذكار,96452,إجابة النداء,https://shamela.ws/book/96452
23,الرقائق والآداب والأذكار,96457,الأذان والإقامة,https://shamela.ws/book/96457
23,الرقائق والآداب والأذكار,96463,الخشوع في الصلاة في ضوء الكتاب والسنة,https://shamela.ws/book/96463
23,الرقائق والآداب والأذكار,96464,الخلق الحسن في ضوء الكتاب والسنة,https://shamela.ws/book/96464
23,الرقائق والآداب والأذكار,30900,الدعاء من الكتاب والسنة,https://shamela.ws/book/30900
23,الرقائق والآداب والأذكار,235,الذكر والدعاء والعلاج بالرقى من الكتاب والسنة - ت ياسر فتحي,https://shamela.ws/book/235
23,الرقائق والآداب والأذكار,16625,الذكر والدعاء والعلاج بالرقي من الكتاب والسنة,https://shamela.ws/book/16625
23,الرقائق والآداب والأذكار,96472,الغفلة,https://shamela.ws/book/96472
23,الرقائق والآداب والأذكار,96474,الفوز العظيم والخسران المبين في ضوء الكتاب والسنة,https://shamela.ws/book/96474
23,الرقائق والآداب والأذكار,96480,بر الوالدين - ابن وهف,https://shamela.ws/book/96480
23,الرقائق والآداب والأذكار,96482,تبريد حرارة المصيبة عند موت الأحباب وفقد ثمرات الأفئدة وفلذات الأكباد في ضوء الكتاب والسنة,https://shamela.ws/book/96482
23,الرقائق والآداب والأذكار,31307,حصن المسلم من أذكار الكتاب والسنة,https://shamela.ws/book/31307
23,الرقائق والآداب والأذكار,96491,سلامة الصدر,https://shamela.ws/book/96491
23,الرقائق والآداب والأذكار,96496,شروط الدعاء وموانع الإجابة في ضوء الكتاب والسنة,https://shamela.ws/book/96496
23,الرقائق والآداب والأذكار,96508,صلة الأرحام,https://shamela.ws/book/96508
23,الرقائق والآداب والأذكار,96512,فضائل الصيام وقيام صلاة التراويح,https://shamela.ws/book/96512
23,الرقائق والآداب والأذكار,96525,مكفرات الذنوب والخطايا وأسباب المغفرة من الكتاب والسنة,https://shamela.ws/book/96525
23,الرقائق والآداب والأذكار,96534,نور الإخلاص وظلمات إرادة الدنيا بعمل الآخرة في ضوء الكتاب والسنة,https://shamela.ws/book/96534
23,الرقائق والآداب والأذكار,96537,نور التقوى وظلمات المعاصي في ضوء الكتاب والسنة,https://shamela.ws/book/96537
23,الرقائق والآداب والأذكار,96541,نور الهدى وظلمات الضلال في ضوء الكتاب والسنة,https://shamela.ws/book/96541
23,الرقائق والآداب والأذكار,96450,ورد الصباح والمساء من الكتاب والسنة,https://shamela.ws/book/96450
23,الرقائق والآداب والأذكار,11293,علم الأخلاق الإسلامية,https://shamela.ws/book/11293
23,الرقائق والآداب والأذكار,36176,إحسان سلوك العبد المملوك إلى ملك الملوك,https://shamela.ws/book/36176
23,الرقائق والآداب والأذكار,16449,الحب في الله,https://shamela.ws/book/16449
23,الرقائق والآداب والأذكار,12796,بيان العلم الأصيل والمزاحم الدخيل,https://shamela.ws/book/12796
23,الرقائق والآداب والأذكار,37566,جالب السرور لربات الخدور,https://shamela.ws/book/37566
23,الرقائق والآداب والأذكار,37580,دعوى الإصلاح,https://shamela.ws/book/37580
23,الرقائق والآداب والأذكار,37644,علماء السلف وأهل الوقت,https://shamela.ws/book/37644
23,الرقائق والآداب والأذكار,37573,عوائق في طريق العبودية,https://shamela.ws/book/37573
23,الرقائق والآداب والأذكار,37579,عيوب تشييد البناء في دار الفناء,https://shamela.ws/book/37579
23,الرقائق والآداب والأذكار,37571,منازل الحور العين في قلوب العارفين برب العالمين,https://shamela.ws/book/37571
23,الرقائق والآداب والأذكار,96237,صحيح القصص النبوي للحويني,https://shamela.ws/book/96237
23,الرقائق والآداب والأذكار,10391,الرقية الشرعية من الكتاب والسنة,https://shamela.ws/book/10391
23,الرقائق والآداب والأذكار,37585,الصحيح من دعاء الحاج والمعتمر,https://shamela.ws/book/37585
23,الرقائق والآداب والأذكار,11407,تلبيس إبليس - ط المنهاج,https://shamela.ws/book/11407
23,الرقائق والآداب والأذكار,11408,تلبيس ابليس - ط الكتاب العربي,https://shamela.ws/book/11408
23,الرقائق والآداب والأذكار,12073,معالم في السلوك وتزكية النفوس,https://shamela.ws/book/12073
23,الرقائق والآداب والأذكار,96469,العلاج بالرقى من الكتاب والسنة,https://shamela.ws/book/96469
23,الرقائق والآداب والأذكار,31507,القناعة مفهومها منافعها الطريق إليها,https://shamela.ws/book/31507
23,الرقائق والآداب والأذكار,7496,أدب الموعظة,https://shamela.ws/book/7496
23,الرقائق والآداب والأذكار,7530,الأسباب المفيدة في اكتساب الأخلاق الحميدة,https://shamela.ws/book/7530
23,الرقائق والآداب والأذكار,7535,الفاحشة عمل قوم لوط,https://shamela.ws/book/7535
23,الرقائق والآداب والأذكار,11245,سوء الخلق,https://shamela.ws/book/11245
23,الرقائق والآداب والأذكار,31348,عقوق الوالدين: أسبابه - مظاهره - سبل العلاج,https://shamela.ws/book/31348
23,الرقائق والآداب والأذكار,31349,قطيعة الرحم: المظاهر - الأسباب - سبل العلاج,https://shamela.ws/book/31349
23,الرقائق والآداب والأذكار,7481,أثر العبادات في حياة المسلم,https://shamela.ws/book/7481
23,الرقائق والآداب والأذكار,10871,أهمية العناية بالتفسير والحديث والفقه,https://shamela.ws/book/10871
23,الرقائق والآداب والأذكار,7652,الشيخ عبد العزيز بن باز رحمه الله نموذج من الرعيل الأول,https://shamela.ws/book/7652
23,الرقائق والآداب والأذكار,7653,الشيخ عمر بن محمد فلاته رحمه الله وكيف عرفته,https://shamela.ws/book/7653
23,الرقائق والآداب والأذكار,7659,الشيخ محمد بن عثيمين من العلماء الربانيين,https://shamela.ws/book/7659
23,الرقائق والآداب والأذكار,10418,الصلاة على النبي صلى الله عليه وسلم فضلها وكيفيتها,https://shamela.ws/book/10418
23,الرقائق والآداب والأذكار,11228,رفقا أهل السنة بأهل السنة,https://shamela.ws/book/11228
23,الرقائق والآداب والأذكار,11222,فضل الصلاة على النبي صلى الله عليه وسلم وبيان معناها وكيفيتها وشيء مما ألف فيها,https://shamela.ws/book/11222
23,الرقائق والآداب والأذكار,11232,فضل المدينة وآداب سكناها وزيارتها,https://shamela.ws/book/11232
23,الرقائق والآداب والأذكار,82,مناجم الأسرار في فضل الاستغفار,https://shamela.ws/book/82
23,الرقائق والآداب والأذكار,30929,خطب مختارة,https://shamela.ws/book/30929
23,الرقائق والآداب والأذكار,38218,موسوعة الأخلاق الإسلامية,https://shamela.ws/book/38218
23,الرقائق والآداب والأذكار,36096,نداء إلى العفيفات {وأن يستعففن خير لهن},https://shamela.ws/book/36096
23,الرقائق والآداب والأذكار,1766,المنتخب من صحيح السنة النبوية,https://shamela.ws/book/1766
23,الرقائق والآداب والأذكار,1769,حرمة المسلم على المسلم,https://shamela.ws/book/1769
23,الرقائق والآداب والأذكار,978,أثر أعمال القلوب على الداعية والدعوة,https://shamela.ws/book/978
23,الرقائق والآداب والأذكار,864,أثر عمل القلب على تلاوة القرآن وتدبره,https://shamela.ws/book/864
23,الرقائق والآداب والأذكار,890,أثر عمل القلب على عبادة الحج والعمرة,https://shamela.ws/book/890
23,الرقائق والآداب والأذكار,1277,أثر عمل القلب على عبادة الذكر والدعاء,https://shamela.ws/book/1277
23,الرقائق والآداب والأذكار,863,اثر عمل القلب على عبادة الصلاة,https://shamela.ws/book/863
23,الرقائق والآداب والأذكار,823,اثر عمل القلب على عبادة الصوم,https://shamela.ws/book/823
23,الرقائق والآداب والأذكار,1811,صحيح كنوز السنة النبوية,https://shamela.ws/book/1811
23,الرقائق والآداب والأذكار,1904,الآداب الإسلامية,https://shamela.ws/book/1904
23,الرقائق والآداب والأذكار,1903,الأخلاق في الإسلام,https://shamela.ws/book/1903
23,الرقائق والآداب والأذكار,1912,السعادة,https://shamela.ws/book/1912
23,الرقائق والآداب والأذكار,1914,العبادة,https://shamela.ws/book/1914
23,الرقائق والآداب والأذكار,1918,القيم الإسلامية,https://shamela.ws/book/1918
23,الرقائق والآداب والأذكار,10277,ففروا إلى الله - القلموني,https://shamela.ws/book/10277
23,الرقائق والآداب والأذكار,2196,رحلة إيمانية مع رجال ونساء أسلموا,https://shamela.ws/book/2196
23,الرقائق والآداب والأذكار,30622,شرح حلية طالب العلم - الشثري,https://shamela.ws/book/30622
23,الرقائق والآداب والأذكار,30935,سلسلة أهل الذكر,https://shamela.ws/book/30935
23,الرقائق والآداب والأذكار,7583,التمسك بالقرآن الكريم وأثره في حياة المسلمين,https://shamela.ws/book/7583
23,الرقائق والآداب والأذكار,98096,الدروس اليومية من السنن والأحكام الشرعية,https://shamela.ws/book/98096
23,الرقائق والآداب والأذكار,7498,أذكار الطهارة والصلاة,https://shamela.ws/book/7498
23,الرقائق والآداب والأذكار,7573,التبيين لدعوات المرضى والمصابين,https://shamela.ws/book/7573
23,الرقائق والآداب والأذكار,31318,الذكر والدعاء,https://shamela.ws/book/31318
23,الرقائق والآداب والأذكار,10039,تأملات في مماثلة المؤمن للنخلة,https://shamela.ws/book/10039
23,الرقائق والآداب والأذكار,10207,دراسات في الباقيات الصالحات,https://shamela.ws/book/10207
23,الرقائق والآداب والأذكار,12048,فقه الأدعية والأذكار,https://shamela.ws/book/12048
23,الرقائق والآداب والأذكار,36612,ثلاثون عملا تطيل في العمر,https://shamela.ws/book/36612
23,الرقائق والآداب والأذكار,35111,سلسلة الآداب - المنجد,https://shamela.ws/book/35111
23,الرقائق والآداب والأذكار,18269,سلسلة القصص - المنجد,https://shamela.ws/book/18269
23,الرقائق والآداب والأذكار,36391,ظاهرة ضعف الإيمان,https://shamela.ws/book/36391
23,الرقائق والآداب والأذكار,1986,كونوا على الخير أعوانا,https://shamela.ws/book/1986
23,الرقائق والآداب والأذكار,7709,سلسلة القمم لأهل الهمم,https://shamela.ws/book/7709
23,الرقائق والآداب والأذكار,12729,لا تحزن,https://shamela.ws/book/12729
23,الرقائق والآداب والأذكار,3934,معالم تربوية لطالبي أسنى الولايات الشرعية,https://shamela.ws/book/3934
23,الرقائق والآداب والأذكار,9230,الصحيح المسند من الأحاديث القدسية,https://shamela.ws/book/9230
23,الرقائق والآداب والأذكار,905,الدار الآخرة - محمد حسان,https://shamela.ws/book/905
23,الرقائق والآداب والأذكار,7702,سلسلة إيمانيات,https://shamela.ws/book/7702
23,الرقائق والآداب والأذكار,7701,سلسلة التربية لماذا,https://shamela.ws/book/7701
23,الرقائق والآداب والأذكار,7737,من أسباب عذاب القبر,https://shamela.ws/book/7737
23,الرقائق والآداب والأذكار,21761,جامع خطب عرفة لعبد العزيز آل الشيخ,https://shamela.ws/book/21761
23,الرقائق والآداب والأذكار,12300,المشوق إلى القراءة وطلب العلم,https://shamela.ws/book/12300
23,الرقائق والآداب والأذكار,11246,طالب العلم بين أمانة التحمل ومسؤولية الأداء,https://shamela.ws/book/11246
23,الرقائق والآداب والأذكار,1178,فتح الرحيم في الصلاة والسلام على النبي الكريم صلى الله عليه وسلم,https://shamela.ws/book/1178
23,الرقائق والآداب والأذكار,2248,القواعد الحسان في أسرار الطاعة والاستعداد لرمضان,https://shamela.ws/book/2248
23,الرقائق والآداب والأذكار,10059,تزكية النفوس,https://shamela.ws/book/10059
23,الرقائق والآداب والأذكار,37372,مجالس رمضان - أحمد فريد,https://shamela.ws/book/37372
23,الرقائق والآداب والأذكار,22876,رفقا بالقوارير - نصائح للأزواج,https://shamela.ws/book/22876
23,الرقائق والآداب والأذكار,22886,نداء الريان في فقه الصوم وفضل رمضان,https://shamela.ws/book/22886
23,الرقائق والآداب والأذكار,36375,فصل الخطاب في الزهد والرقائق والآداب,https://shamela.ws/book/36375
23,الرقائق والآداب والأذكار,27194,شرح المنظومة الميمية في الآداب الشرعية,https://shamela.ws/book/27194
23,الرقائق والآداب والأذكار,21627,شرح كتاب العلم لأبي خيثمة - عبد الكريم الخضير,https://shamela.ws/book/21627
23,الرقائق والآداب والأذكار,1392,المال في القرآن الكريم,https://shamela.ws/book/1392
23,الرقائق والآداب والأذكار,21501,تربية القرآن يا ولدي,https://shamela.ws/book/21501
23,الرقائق والآداب والأذكار,986,تذكير الأخيار بفضائل المكث في مكان أداء الصلاة وقراءة الأذكار,https://shamela.ws/book/986
23,الرقائق والآداب والأذكار,29710,أذكار وآداب الصباح والمساء,https://shamela.ws/book/29710
23,الرقائق والآداب والأذكار,96617,الإعلام بحرمة أهل العلم والإسلام,https://shamela.ws/book/96617
23,الرقائق والآداب والأذكار,98084,بصائر في الفتن,https://shamela.ws/book/98084
23,الرقائق والآداب والأذكار,37002,سلسلة علو الهمة - المقدم,https://shamela.ws/book/37002
23,الرقائق والآداب والأذكار,96278,علو الهمة,https://shamela.ws/book/96278
23,الرقائق والآداب والأذكار,37001,لماذا نصلي - المقدم,https://shamela.ws/book/37001
23,الرقائق والآداب والأذكار,37000,محو الأمية التربوية,https://shamela.ws/book/37000
23,الرقائق والآداب والأذكار,17080,ذوق الصلاة عند ابن القيم,https://shamela.ws/book/17080
23,الرقائق والآداب والأذكار,5701,ارق نفسك وأهلك بنفسك,https://shamela.ws/book/5701
23,الرقائق والآداب والأذكار,21518,الرقية الشرعية,https://shamela.ws/book/21518
23,الرقائق والآداب والأذكار,21519,العلاج والرقى,https://shamela.ws/book/21519
23,الرقائق والآداب والأذكار,21504,جوامع الدعاء,https://shamela.ws/book/21504
23,الرقائق والآداب والأذكار,10446,رقية الأبرار,https://shamela.ws/book/10446
23,الرقائق والآداب والأذكار,21522,منتقى الأذكار,https://shamela.ws/book/21522
23,الرقائق والآداب والأذكار,21520,ورد اليوم والليلة,https://shamela.ws/book/21520
23,الرقائق والآداب والأذكار,1259,تجريد الاتباع في بيان أسباب تفاضل الأعمال,https://shamela.ws/book/1259
23,الرقائق والآداب والأذكار,30129,تزكية النفس مفهومها ومراتبها وأسبابها,https://shamela.ws/book/30129
23,الرقائق والآداب والأذكار,1033,أذكار الصلوات وما قبلها وما بعدها,https://shamela.ws/book/1033
23,الرقائق والآداب والأذكار,30092,رسالة في الأدب لأصحاب الطلب,https://shamela.ws/book/30092
23,الرقائق والآداب والأذكار,11542,التوجيه والإرشاد النفسي,https://shamela.ws/book/11542
23,الرقائق والآداب والأذكار,7800,الإبانة عن أسباب الإعانة على صلاة الفجر وقيام الليل,https://shamela.ws/book/7800
23,الرقائق والآداب والأذكار,7862,البكاء في الكتاب والسنة,https://shamela.ws/book/7862
23,الرقائق والآداب والأذكار,7288,كيف تخشعين في الصلاة,https://shamela.ws/book/7288
23,الرقائق والآداب والأذكار,3346,العراق في أحاديث وآثار الفتن,https://shamela.ws/book/3346
23,الرقائق والآداب والأذكار,899,البلوتوث,https://shamela.ws/book/899
23,الرقائق والآداب والأذكار,23139,أدب الطفولة بين القرآن الكريم والسنة الشريفة,https://shamela.ws/book/23139
23,الرقائق والآداب والأذكار,11731,التربية الإسلامية أصولها ومنهجها ومعلمها,https://shamela.ws/book/11731
23,الرقائق والآداب والأذكار,7436,التربية الإسلامية أصولها وتطورها في البلاد العربية,https://shamela.ws/book/7436
23,الرقائق والآداب والأذكار,7527,الأخلاق الفاضلة قواعد ومنطلقات لاكتسابها,https://shamela.ws/book/7527
23,الرقائق والآداب والأذكار,11247,طريقك الى الإخلاص والفقه في الدين,https://shamela.ws/book/11247
23,الرقائق والآداب والأذكار,11356,كلمات في مناسبات,https://shamela.ws/book/11356
23,الرقائق والآداب والأذكار,7543,الأضرار الناجمة عن تعاطي المسكرات والمخدرات,https://shamela.ws/book/7543
23,الرقائق والآداب والأذكار,36502,التنازع والتوازن في حياة المسلم,https://shamela.ws/book/36502
23,الرقائق والآداب والأذكار,36525,الهمة طريق إلى القمة,https://shamela.ws/book/36525
23,الرقائق والآداب والأذكار,36529,تسبيح ومناجاة وثناء على ملك الأرض والسماء,https://shamela.ws/book/36529
23,الرقائق والآداب والأذكار,8175,مناهج التربية أسسها وتطبيقاتها,https://shamela.ws/book/8175
23,الرقائق والآداب والأذكار,8354,تنشئة الطفل وسبل الوالدين في معاملته ومواجهة مشكلاته,https://shamela.ws/book/8354
23,الرقائق والآداب والأذكار,31321,كيف تربي ولدك,https://shamela.ws/book/31321
23,الرقائق والآداب والأذكار,31360,ولا تقربوا الفواحش,https://shamela.ws/book/31360
23,الرقائق والآداب والأذكار,8930,المسكرات من الناحية النفسية,https://shamela.ws/book/8930
23,الرقائق والآداب والأذكار,1434,درر رمضانية من كلام ابن القيم الجوزية,https://shamela.ws/book/1434
23,الرقائق والآداب والأذكار,1159,المنح العلية في بيان السنن اليومية,https://shamela.ws/book/1159
23,الرقائق والآداب والأذكار,9969,أصول التربية الإسلامية وأساليبها في البيت والمدرسة والمجتمع,https://shamela.ws/book/9969
23,الرقائق والآداب والأذكار,11089,تدريس القرآن الكريم في السجون ودور الملاحظة الاجتماعية,https://shamela.ws/book/11089
23,الرقائق والآداب والأذكار,10752,دعوة الرسل عليهم السلام,https://shamela.ws/book/10752
23,الرقائق والآداب والأذكار,10553,العملية الإرشادية,https://shamela.ws/book/10553
23,الرقائق والآداب والأذكار,10288,التربية الإبداعية في منظور التربية الإسلامية,https://shamela.ws/book/10288
23,الرقائق والآداب والأذكار,10397,السبق التربوي مفهومه ومنهجه ومعالمه في ضوء النهج الإسلامي,https://shamela.ws/book/10397
23,الرقائق والآداب والأذكار,14544,إجابة الدعوة وشروطها,https://shamela.ws/book/14544
23,الرقائق والآداب والأذكار,9047,بحث في إجابة الدعوة,https://shamela.ws/book/9047
23,الرقائق والآداب والأذكار,8908,المداراة وأثرها في العلاقات العامة بين الناس,https://shamela.ws/book/8908
23,الرقائق والآداب والأذكار,8795,البركة في الرزق والأسباب الجالبة لها في ضوء الكتاب والسنة,https://shamela.ws/book/8795
23,الرقائق والآداب والأذكار,10244,دور الأدب في مكافحة الخمر بين الجاهلية والإسلام,https://shamela.ws/book/10244
23,الرقائق والآداب والأذكار,800,مراقي العزة ومقومات السعادة,https://shamela.ws/book/800
23,الرقائق والآداب والأذكار,8810,العبادات في الإسلام وأثرها في إصلاح المجتمع,https://shamela.ws/book/8810
23,الرقائق والآداب والأذكار,10290,التربية الإسلامية ومراحل النمو,https://shamela.ws/book/10290
23,الرقائق والآداب والأذكار,10291,التربية في عصور ما قبل الإسلام وبعده,https://shamela.ws/book/10291
23,الرقائق والآداب والأذكار,3528,معالم أصول التربية الإسلامية من خلال وصايا لقمان لابنه,https://shamela.ws/book/3528
23,الرقائق والآداب والأذكار,4272,وقفات مع أحاديث تربية النبي صلى الله عليه وسلم لصحابته,https://shamela.ws/book/4272
23,الرقائق والآداب والأذكار,3561,من الهدي النبوي في تربية البنات,https://shamela.ws/book/3561
23,الرقائق والآداب والأذكار,36400,أياما معدودات,https://shamela.ws/book/36400
23,الرقائق والآداب والأذكار,36401,أين المخرج فالصخرة أغلقت الغار,https://shamela.ws/book/36401
23,الرقائق والآداب والأذكار,36399,إنه القرآن سر نهضتنا - كيف يمكن للقرآن أن ينهض بالأمة؟,https://shamela.ws/book/36399
23,الرقائق والآداب والأذكار,36394,الابتلاء وكيف تستفيد منه الدعوات,https://shamela.ws/book/36394
23,الرقائق والآداب والأذكار,36395,التوازن التربوي وأهميته لكل مسلم,https://shamela.ws/book/36395
23,الرقائق والآداب والأذكار,36397,العودة إلى القرآن لماذا وكيف,https://shamela.ws/book/36397
23,الرقائق والآداب والأذكار,36398,القرآن وعودة المجد,https://shamela.ws/book/36398
23,الرقائق والآداب والأذكار,36402,تحقيق الوصال بين القلب والقرآن,https://shamela.ws/book/36402
23,الرقائق والآداب والأذكار,36403,حتى لا نخسر رمضان,https://shamela.ws/book/36403
23,الرقائق والآداب والأذكار,36328,حطم صنمك وكن عند نفسك صغيرا,https://shamela.ws/book/36328
23,الرقائق والآداب والأذكار,36404,حقيقة العبودية,https://shamela.ws/book/36404
23,الرقائق والآداب والأذكار,36405,رسالة إلى أخي في الله,https://shamela.ws/book/36405
23,الرقائق والآداب والأذكار,36406,صبرا آل ياسر,https://shamela.ws/book/36406
23,الرقائق والآداب والأذكار,37587,طوق النجاة,https://shamela.ws/book/37587
23,الرقائق والآداب والأذكار,36407,عودة الروح ويقظة الإيمان,https://shamela.ws/book/36407
23,الرقائق والآداب والأذكار,36410,كيف نحب الله ونشتاق إليه,https://shamela.ws/book/36410
23,الرقائق والآداب والأذكار,36411,كيف نحيي قلوبنا في رمضان,https://shamela.ws/book/36411
23,الرقائق والآداب والأذكار,37342,كيف نغير ما بأنفسنا,https://shamela.ws/book/37342
23,الرقائق والآداب والأذكار,36413,ماذا نريد من رمضان,https://shamela.ws/book/36413
23,الرقائق والآداب والأذكار,36414,نظرات في التربية الإيمانية,https://shamela.ws/book/36414
23,الرقائق والآداب والأذكار,36415,هيا بنا نؤمن ساعة - مجدي الهلالي,https://shamela.ws/book/36415
23,الرقائق والآداب والأذكار,36349,طريقك إلى تقوية إيمانك,https://shamela.ws/book/36349
23,الرقائق والآداب والأذكار,36438,إغلاق الأبواب لمنع الحب والإعجاب,https://shamela.ws/book/36438
23,الرقائق والآداب والأذكار,36565,الأريعون المدنية,https://shamela.ws/book/36565
23,الرقائق والآداب والأذكار,26696,القرآن حجة لك أو عليك,https://shamela.ws/book/26696
23,الرقائق والآداب والأذكار,36441,عشر من الخصال للباحثات عن الجمال,https://shamela.ws/book/36441
23,الرقائق والآداب والأذكار,36442,لا تغضب,https://shamela.ws/book/36442
23,الرقائق والآداب والأذكار,35115,البيان في مداخل الشيطان,https://shamela.ws/book/35115
23,الرقائق والآداب والأذكار,36156,دروس وعبر من صحيح القصص النبوي,https://shamela.ws/book/36156
23,الرقائق والآداب والأذكار,36157,دليل الواعظ إلى أدلة المواعظ,https://shamela.ws/book/36157
23,الرقائق والآداب والأذكار,36541,معالم على طريق العفة,https://shamela.ws/book/36541
23,الرقائق والآداب والأذكار,36533,غاية المنوة في آداب الصحبة وحقوق الأخوة,https://shamela.ws/book/36533
23,الرقائق والآداب والأذكار,37531,موسوعة فقه القلوب,https://shamela.ws/book/37531
23,الرقائق والآداب والأذكار,37005,القصص القرآني - ياسر برهامي,https://shamela.ws/book/37005
23,الرقائق والآداب والأذكار,37011,الدار الآخرة - عمر عبد الكافي,https://shamela.ws/book/37011
23,الرقائق والآداب والأذكار,37045,شرح كتاب الفوائد,https://shamela.ws/book/37045
23,الرقائق والآداب والأذكار,37381,كن صحابيا,https://shamela.ws/book/37381
23,الرقائق والآداب والأذكار,37382,كيف تصبح عالما,https://shamela.ws/book/37382
23,الرقائق والآداب والأذكار,11564,الأمور الميسرة لقيام الليل,https://shamela.ws/book/11564
23,الرقائق والآداب والأذكار,11522,الطريق إلى الولد الصالح,https://shamela.ws/book/11522
23,الرقائق والآداب والأذكار,37736,أشراط الساعة الكبرى - المغامسي,https://shamela.ws/book/37736
23,الرقائق والآداب والأذكار,37340,يا صاحب الستين,https://shamela.ws/book/37340
23,الرقائق والآداب والأذكار,95695,الشفاعة في الحديث النبوي,https://shamela.ws/book/95695
23,الرقائق والآداب والأذكار,14244,رسم الأهداف,https://shamela.ws/book/14244
23,الرقائق والآداب والأذكار,36042,أوقات مليئة بالحسنات مع النية الصالحة,https://shamela.ws/book/36042
23,الرقائق والآداب والأذكار,36074,العتاب بين الأصدقاء,https://shamela.ws/book/36074
23,الرقائق والآداب والأذكار,36095,من عجائب الدعاء - الجزء الأول,https://shamela.ws/book/36095
23,الرقائق والآداب والأذكار,26531,من عجائب الدعاء - الجزء الثاني,https://shamela.ws/book/26531
23,الرقائق والآداب والأذكار,12774,المنتخب من وصايا الآباء للأبناء,https://shamela.ws/book/12774
23,الرقائق والآداب والأذكار,37549,بلوغ الغاية من تهذيب بداية الهداية,https://shamela.ws/book/37549
23,الرقائق والآداب والأذكار,1289,الإيضاح لما ورد في الكتاب والسنة بشأن الإصلاح,https://shamela.ws/book/1289
23,الرقائق والآداب والأذكار,1297,الاستشفاء بالقرآن الكريم,https://shamela.ws/book/1297
23,الرقائق والآداب والأذكار,34562,أحلي الكلام في مناجاة ذى الجلال والإكرام,https://shamela.ws/book/34562
23,الرقائق والآداب والأذكار,37584,الاعتصام بالله سبيل النجاة,https://shamela.ws/book/37584
23,الرقائق والآداب والأذكار,37567,مكارم الأخلاق لمن أراد الخلاق,https://shamela.ws/book/37567
23,الرقائق والآداب والأذكار,37569,جواهر من أقوال الرسول,https://shamela.ws/book/37569
23,الرقائق والآداب والأذكار,37568,حياة التابعين,https://shamela.ws/book/37568
23,الرقائق والآداب والأذكار,38154,موسوعة الرقائق والأدب - ياسر الحمداني,https://shamela.ws/book/38154
23,الرقائق والآداب والأذكار,37620,الصحيح المسند من آثار الصحابة في الزهد والرقائق والأخلاق والأدب,https://shamela.ws/book/37620
23,الرقائق والآداب والأذكار,96241,آفات اللسان,https://shamela.ws/book/96241
23,الرقائق والآداب والأذكار,96252,معالم الطريق إلى الله,https://shamela.ws/book/96252
23,الرقائق والآداب والأذكار,96265,شخصية المسلم كما يصوغها الإسلام في الكتاب والسنة,https://shamela.ws/book/96265
23,الرقائق والآداب والأذكار,96276,قبسات من هدي النبي في رمضان,https://shamela.ws/book/96276
23,الرقائق والآداب والأذكار,96495,شرح حصن المسلم من أذكار الكتاب والسنة,https://shamela.ws/book/96495
23,الرقائق والآداب والأذكار,96549,شرح الدعاء من الكتاب والسنة,https://shamela.ws/book/96549
23,الرقائق والآداب والأذكار,96879,الأخلاق الزكية في آداب الطالب المرضية,https://shamela.ws/book/96879
23,الرقائق والآداب والأذكار,96845,تنبيه المؤمن الأواه بفضائل لا إله إلا الله,https://shamela.ws/book/96845
23,الرقائق والآداب والأذكار,96855,مهارات التواصل مع الأولاد,https://shamela.ws/book/96855
23,الرقائق والآداب والأذكار,96918,موسوعة الأخلاق والزهد والرقائق,https://shamela.ws/book/96918
23,الرقائق والآداب والأذكار,97804,نسيمات من عبق الروضة,https://shamela.ws/book/97804
23,الرقائق والآداب والأذكار,13580,أسرار المحبين في رمضان,https://shamela.ws/book/13580
23,الرقائق والآداب والأذكار,98088,أصول الوصول إلى الله تعالى,https://shamela.ws/book/98088
23,الرقائق والآداب والأذكار,98127,الأخوة أيها الإخوة,https://shamela.ws/book/98127
23,الرقائق والآداب والأذكار,97958,الأنس بذكر الله,https://shamela.ws/book/97958
23,الرقائق والآداب والأذكار,98089,كيف أتوب,https://shamela.ws/book/98089
23,الرقائق والآداب والأذكار,98137,منطلقات طالب العلم,https://shamela.ws/book/98137
23,الرقائق والآداب والأذكار,145422,التسويف في نشر الرسالة الجامعية، والتدقيق المبالغ فيه في البحوث والتآليف، والتريث في إخراجها مع وجود الحاجة إليه,https://shamela.ws/book/145422
23,الرقائق والآداب والأذكار,121380,موسوعة الأخلاق - الخراز,https://shamela.ws/book/121380
23,الرقائق والآداب والأذكار,13564,برنامجك في رمضان,https://shamela.ws/book/13564
23,الرقائق والآداب والأذكار,17128,اللباب «شرح فصول الآداب»,https://shamela.ws/book/17128
23,الرقائق والآداب والأذكار,17865,فقه عمل اليوم والليلة,https://shamela.ws/book/17865
23,الرقائق والآداب والأذكار,13733,لب اللباب «مختصر شرح فصول الآداب»,https://shamela.ws/book/13733
23,الرقائق والآداب والأذكار,14561,نتاج الفكر في أحكام الذكر,https://shamela.ws/book/14561
23,الرقائق والآداب والأذكار,1421,المشوق إلى القرآن,https://shamela.ws/book/1421
23,الرقائق والآداب والأذكار,17066,فتح الرحمن في بيان هجر القرآن,https://shamela.ws/book/17066
23,الرقائق والآداب والأذكار,17049,اتقاء الحرام والشبهات في طلب الرزق,https://shamela.ws/book/17049
23,الرقائق والآداب والأذكار,17082,مواعظ الصحابة لعمر المقبل,https://shamela.ws/book/17082
23,الرقائق والآداب والأذكار,95682,أبناؤنا والصلاة,https://shamela.ws/book/95682
23,الرقائق والآداب والأذكار,95681,أحصاه الله ونسوه,https://shamela.ws/book/95681
23,الرقائق والآداب والأذكار,36557,أولئك الأخيار,https://shamela.ws/book/36557
23,الرقائق والآداب والأذكار,95673,اصبر واحتسب,https://shamela.ws/book/95673
23,الرقائق والآداب والأذكار,96307,الأنفاس الأخيرة,https://shamela.ws/book/96307
23,الرقائق والآداب والأذكار,36559,الدنيا ظل زائل,https://shamela.ws/book/36559
23,الرقائق والآداب والأذكار,95675,الرزق أبوابه ومفاتحه,https://shamela.ws/book/95675
23,الرقائق والآداب والأذكار,95686,الغيبة,https://shamela.ws/book/95686
23,الرقائق والآداب والأذكار,95668,الكذب,https://shamela.ws/book/95668
23,الرقائق والآداب والأذكار,95669,الله لطيف بعباده,https://shamela.ws/book/95669
23,الرقائق والآداب والأذكار,95684,الوقت أنفاس لا تعود,https://shamela.ws/book/95684
23,الرقائق والآداب والأذكار,95683,انطلق بنا,https://shamela.ws/book/95683
23,الرقائق والآداب والأذكار,95685,رفقاء طريق,https://shamela.ws/book/95685
23,الرقائق والآداب والأذكار,95671,سهم إبليس وقوسه,https://shamela.ws/book/95671
23,الرقائق والآداب والأذكار,36554,لمحات في تربية البنات,https://shamela.ws/book/36554
23,الرقائق والآداب والأذكار,36555,ليس عليك وحشة,https://shamela.ws/book/36555
23,الرقائق والآداب والأذكار,95670,من تواضع لله رفعه,https://shamela.ws/book/95670
23,الرقائق والآداب والأذكار,36493,من عمل صالحا فلنفسه,https://shamela.ws/book/36493
23,الرقائق والآداب والأذكار,36560,هؤلاء هم خصماؤك غدا,https://shamela.ws/book/36560
23,الرقائق والآداب والأذكار,95665,هل من مشمر,https://shamela.ws/book/95665
23,الرقائق والآداب والأذكار,95666,وأحسن كما أحسن الله إليك,https://shamela.ws/book/95666
23,الرقائق والآداب والأذكار,36549,وأصلحنا له زوجه,https://shamela.ws/book/36549
23,الرقائق والآداب والأذكار,95677,والثمن الجنة,https://shamela.ws/book/95677
23,الرقائق والآداب والأذكار,95678,وثلث لطعامك,https://shamela.ws/book/95678
23,الرقائق والآداب والأذكار,36550,ورثة الأنبياء,https://shamela.ws/book/36550
23,الرقائق والآداب والأذكار,35622,الاعتداء في الدعاء صور وضوابط ونماذج من الدعاء الصحيح,https://shamela.ws/book/35622
23,الرقائق والآداب والأذكار,17074,خطوات إلى السعادة,https://shamela.ws/book/17074
23,الرقائق والآداب والأذكار,576,مختصر الأذكار والآداب,https://shamela.ws/book/576
23,الرقائق والآداب والأذكار,17505,حياة السلف بين القول والعمل,https://shamela.ws/book/17505
23,الرقائق والآداب والأذكار,16989,كشف المنن في علامات الساعة والملاحم والفتن,https://shamela.ws/book/16989
23,الرقائق والآداب والأذكار,17901,آراء ابن الجوزي التربوية,https://shamela.ws/book/17901
23,الرقائق والآداب والأذكار,30145,القبول شروطه وموجباته ودرجاته وعلاماته ومحبطاته,https://shamela.ws/book/30145
23,الرقائق والآداب والأذكار,35143,أخلص العمل فإن الناقد بصير,https://shamela.ws/book/35143
23,الرقائق والآداب والأذكار,36381,أخي كيف حالك مع القرآن,https://shamela.ws/book/36381
23,الرقائق والآداب والأذكار,115124,أين تكون إذا نودي للصلاة,https://shamela.ws/book/115124
23,الرقائق والآداب والأذكار,115125,أيها المذنب بئس ما اخترت,https://shamela.ws/book/115125
23,الرقائق والآداب والأذكار,14333,إذا أردت أن يكون دعاؤك مستجابا,https://shamela.ws/book/14333
23,الرقائق والآداب والأذكار,7255,احذر اتباع الهوى,https://shamela.ws/book/7255
23,الرقائق والآداب والأذكار,22387,احذر سوء الخاتمة,https://shamela.ws/book/22387
23,الرقائق والآداب والأذكار,7378,احذر عاقبة الذنوب,https://shamela.ws/book/7378
23,الرقائق والآداب والأذكار,10067,التوبة التوبة قبل الحسرات,https://shamela.ws/book/10067
23,الرقائق والآداب والأذكار,36424,الزهر الفياح قوت القلوب وغذاء الأرواح محبة الله جل وعز وعلاماتها,https://shamela.ws/book/36424
23,الرقائق والآداب والأذكار,96259,بر الوالدين - أزهري محمود,https://shamela.ws/book/96259
23,الرقائق والآداب والأذكار,36389,بهجة النظر في آداب السفر,https://shamela.ws/book/36389
23,الرقائق والآداب والأذكار,36383,تذكر رقابة الله تعالى,https://shamela.ws/book/36383
23,الرقائق والآداب والأذكار,36384,تذكر منزلك بعد الموت,https://shamela.ws/book/36384
23,الرقائق والآداب والأذكار,27820,ترياق الأحزان وراحة الأبدان الصبر,https://shamela.ws/book/27820
23,الرقائق والآداب والأذكار,36385,تعس عبد الشهوات,https://shamela.ws/book/36385
23,الرقائق والآداب والأذكار,35074,حلية المتقين وثوب الصالحين الورع,https://shamela.ws/book/35074
23,الرقائق والآداب والأذكار,36366,داء النفوس وسموم القلوب المعاصي,https://shamela.ws/book/36366
23,الرقائق والآداب والأذكار,36387,درة القلوب الإخلاص,https://shamela.ws/book/36387
23,الرقائق والآداب والأذكار,36526,دواء القلوب وسرطان الذنوب التوبة,https://shamela.ws/book/36526
23,الرقائق والآداب والأذكار,36431,رسالة إلى جار المسجد,https://shamela.ws/book/36431
23,الرقائق والآداب والأذكار,36344,طريقك إلى الدعاء المستجاب,https://shamela.ws/book/36344
23,الرقائق والآداب والأذكار,36542,غاية الغايات وطريق السعادات حسن الخاتمة,https://shamela.ws/book/36542
23,الرقائق والآداب والأذكار,37543,غيث القلوب ذكر الله تعالى,https://shamela.ws/book/37543
23,الرقائق والآداب والأذكار,324,قاطع الأفراح ومزهق الأرواح الموت,https://shamela.ws/book/324
23,الرقائق والآداب والأذكار,36356,قواصم الظهور على دار الغرور الزهد,https://shamela.ws/book/36356
23,الرقائق والآداب والأذكار,36361,لا يخدعنك الشيطان,https://shamela.ws/book/36361
23,الرقائق والآداب والأذكار,36428,ماذا أعددت للموت,https://shamela.ws/book/36428
23,الرقائق والآداب والأذكار,36429,منازل الأحزان وعبرة اليقظان النار,https://shamela.ws/book/36429
23,الرقائق والآداب والأذكار,36390,منازل السرور ودار الحبور الجنة,https://shamela.ws/book/36390
23,الرقائق والآداب والأذكار,36417,هذه هي الصلاة,https://shamela.ws/book/36417
23,الرقائق والآداب والأذكار,36330,هل أنت من أهل الغفلة,https://shamela.ws/book/36330
23,الرقائق والآداب والأذكار,12813,هل أنت من المتوكلين على الله تعالى,https://shamela.ws/book/12813
23,الرقائق والآداب والأذكار,36392,هل أنت من المراقبين لله تعالى,https://shamela.ws/book/36392
23,الرقائق والآداب والأذكار,36530,هل أنت من المسارعين إلى الخيرات,https://shamela.ws/book/36530
23,الرقائق والآداب والأذكار,36382,هل تفقدت قلبك,https://shamela.ws/book/36382
23,الرقائق والآداب والأذكار,36339,هل جاهدت نفسك,https://shamela.ws/book/36339
23,الرقائق والآداب والأذكار,36512,هل شكرت الله على نعمه,https://shamela.ws/book/36512
23,الرقائق والآداب والأذكار,59,حينما يعتكف القلب,https://shamela.ws/book/59
23,الرقائق والآداب والأذكار,147909,الوصايا العشر مع فضائل العشر,https://shamela.ws/book/147909
23,الرقائق والآداب والأذكار,151154,الصحيح المأثور في عالم البرزخ والقبور,https://shamela.ws/book/151154
23,الرقائق والآداب والأذكار,151155,المساجد بيوت الله,https://shamela.ws/book/151155
23,الرقائق والآداب والأذكار,72,النجوم الزاهرات في فضائل الباقيات الصالحات,https://shamela.ws/book/72
23,الرقائق والآداب والأذكار,164,عطر المجالس - دروس قصيرة فيما لا ينبغي للمسلم جهله,https://shamela.ws/book/164
23,الرقائق والآداب والأذكار,237,عذابات العلم,https://shamela.ws/book/237
23,الرقائق والآداب والأذكار,598,آداب التربية في تراث الآل والأصحاب,https://shamela.ws/book/598
23,الرقائق والآداب والأذكار,987,روضة العابدين,https://shamela.ws/book/987
23,الرقائق والآداب والأذكار,749,عناية الإسلام بتربية الأبناء كما بينتها سورة لقمان,https://shamela.ws/book/749
23,الرقائق والآداب والأذكار,30190,مجالس رمضانية,https://shamela.ws/book/30190
24,السيرة النبوية,9862,سيرة ابن اسحاق = السير والمغازي,https://shamela.ws/book/9862
24,السيرة النبوية,29344,السير لأبي إسحاق الفزاري,https://shamela.ws/book/29344
24,السيرة النبوية,23680,مغازي الواقدي,https://shamela.ws/book/23680
24,السيرة النبوية,23833,سيرة ابن هشام - ت السقا ورفاقه,https://shamela.ws/book/23833
24,السيرة النبوية,7450,سيرة ابن هشام - ت طه عبد الرؤوف سعد,https://shamela.ws/book/7450
24,السيرة النبوية,847,أعلام رسول الله المنزلة على رسله,https://shamela.ws/book/847
24,السيرة النبوية,13037,الشمائل المحمدية للترمذي - ت الجليمي,https://shamela.ws/book/13037
24,السيرة النبوية,23647,الشمائل المحمدية للترمذي - ط إحياء التراث,https://shamela.ws/book/23647
24,السيرة النبوية,13116,دلائل النبوة - الفريابي,https://shamela.ws/book/13116
24,السيرة النبوية,9898,السيرة النبوية وأخبار الخلفاء من الثقات لابن حبان,https://shamela.ws/book/9898
24,السيرة النبوية,12980,أخلاق النبي وآدابه - أبو الشيخ الأصبهاني,https://shamela.ws/book/12980
24,السيرة النبوية,9789,تثبيت دلائل النبوة,https://shamela.ws/book/9789
24,السيرة النبوية,10637,دلائل النبوة - أبو نعيم الأصبهاني,https://shamela.ws/book/10637
24,السيرة النبوية,9768,أعلام النبوة للماوردي,https://shamela.ws/book/9768
24,السيرة النبوية,9728,جوامع السيرة - ط العلمية,https://shamela.ws/book/9728
24,السيرة النبوية,1036,جوامع السيرة - ط المعارف,https://shamela.ws/book/1036
24,السيرة النبوية,7478,دلائل النبوة - البيهقي,https://shamela.ws/book/7478
24,السيرة النبوية,10695,الدرر في اختصار المغازي والسير,https://shamela.ws/book/10695
24,السيرة النبوية,17861,القصيدة الوضاحية في مدح السيدة عائشة أم المؤمنين رضي الله عنها,https://shamela.ws/book/17861
24,السيرة النبوية,10803,الأنوار في شمائل النبي المختار,https://shamela.ws/book/10803
24,السيرة النبوية,6569,دلائل النبوة - إسماعيل الأصبهاني,https://shamela.ws/book/6569
24,السيرة النبوية,30112,تلقيح العقول في فضائل الرسول صلى الله عليه وسلم,https://shamela.ws/book/30112
24,السيرة النبوية,23645,الشفا بتعريف حقوق المصطفى - محذوف الأسانيد,https://shamela.ws/book/23645
24,السيرة النبوية,1753,الشفا بتعريف حقوق المصطفى - وحاشية الشمني,https://shamela.ws/book/1753
24,السيرة النبوية,1514,الروض الأنف في شرح سيرة ابن هشام - ت السلامي (581),https://shamela.ws/book/1514
24,السيرة النبوية,6864,الروض الأنف في شرح سيرة ابن هشام - ت الوكيل,https://shamela.ws/book/6864
24,السيرة النبوية,9222,الإملاء المختصر في شرح غريب السير,https://shamela.ws/book/9222
24,السيرة النبوية,9770,الاكتفا بما تضمنه من مغازي رسول الله والثلاثة الخلفا,https://shamela.ws/book/9770
24,السيرة النبوية,348,تحقيق بداية السول,https://shamela.ws/book/348
24,السيرة النبوية,30051,منية السول في تفضيل الرسول (صلى الله عليه وسلم),https://shamela.ws/book/30051
24,السيرة النبوية,6583,خلاصة سير سيد البشر,https://shamela.ws/book/6583
24,السيرة النبوية,1001,ذخائر العقبى في مناقب ذوي القربى,https://shamela.ws/book/1001
24,السيرة النبوية,23653,عيون الأثر,https://shamela.ws/book/23653
24,السيرة النبوية,21713,زاد المعاد في هدي خير العباد - ت الرسالة الثاني,https://shamela.ws/book/21713
24,السيرة النبوية,197,زاد المعاد في هدي خير العباد - ط عطاءات العلم,https://shamela.ws/book/197
24,السيرة النبوية,122236,الإشارة إلى سيرة المصطفى وتاريخ من بعده من الخلفا,https://shamela.ws/book/122236
24,السيرة النبوية,6593,المختصر الكبير في سيرة الرسول,https://shamela.ws/book/6593
24,السيرة النبوية,930,السيرة النبوية من البداية والنهاية - ت عبد الواحد,https://shamela.ws/book/930
24,السيرة النبوية,9241,الفصول في سيرة الرسول,https://shamela.ws/book/9241
24,السيرة النبوية,932,قصص الأنبياء من البداية والنهاية - ت عبد الواحد,https://shamela.ws/book/932
24,السيرة النبوية,23678,معجزات النبي من البداية والنهاية - ت السيد إبراهيم,https://shamela.ws/book/23678
24,السيرة النبوية,20594,خصائص سيد العالمين وما له من المناقب العجائب,https://shamela.ws/book/20594
24,السيرة النبوية,6582,المقتفى من سيرة المصطفى,https://shamela.ws/book/6582
24,السيرة النبوية,7233,المصباح المضي في كتاب النبي الأمي ورسله إلى ملوك الأرض من عربي وعجمي,https://shamela.ws/book/7233
24,السيرة النبوية,127700,الرصف لما روي عن النبي صلى الله عليه وسلم من الفعل والوصف,https://shamela.ws/book/127700
24,السيرة النبوية,6588,غاية السول في خصائص الرسول,https://shamela.ws/book/6588
24,السيرة النبوية,23660,ألفية السيرة النبوية - نظم الدرر السنية الزكية,https://shamela.ws/book/23660
24,السيرة النبوية,6587,وسيلة الإسلام بالنبي عليه الصلاة والسلام,https://shamela.ws/book/6587
24,السيرة النبوية,132416,سفر السعادة للفيروزابادي,https://shamela.ws/book/132416
24,السيرة النبوية,681,الغرر والدرر في سيرة خير البشر,https://shamela.ws/book/681
24,السيرة النبوية,6594,سلوة الكئيب بوفاة الحبيب صلى الله عليه وسلم,https://shamela.ws/book/6594
24,السيرة النبوية,1524,إمتاع الأسماع بما للنبي من الأحوال والأموال والحفدة والمتاع,https://shamela.ws/book/1524
24,السيرة النبوية,6585,الفخر المتوالي فيمن انتسب للنبي من الخدم والموالي,https://shamela.ws/book/6585
24,السيرة النبوية,12824,أنموذج اللبيب في خصائص الحبيب,https://shamela.ws/book/12824
24,السيرة النبوية,6590,الخصائص الكبرى,https://shamela.ws/book/6590
24,السيرة النبوية,6591,غاية السول في سيرة الرسول,https://shamela.ws/book/6591
24,السيرة النبوية,23685,المواهب اللدنية بالمنح المحمدية,https://shamela.ws/book/23685
24,السيرة النبوية,9795,حدائق الأنوار ومطالع الأسرار في سيرة النبي المختار,https://shamela.ws/book/9795
24,السيرة النبوية,1693,سبل الهدى والرشاد في سيرة خير العباد,https://shamela.ws/book/1693
24,السيرة النبوية,9701,إعلام السائلين عن كتب سيد المرسلين لابن طولون,https://shamela.ws/book/9701
24,السيرة النبوية,9784,تاريخ الخميس في أحوال أنفس النفيس,https://shamela.ws/book/9784
24,السيرة النبوية,122255,أشرف الوسائل إلى فهم الشمائل,https://shamela.ws/book/122255
24,السيرة النبوية,9780,شرح بهجة المحافل وبغية الأماثل,https://shamela.ws/book/9780
24,السيرة النبوية,2569,جمع الوسائل في شرح الشمائل,https://shamela.ws/book/2569
24,السيرة النبوية,9918,شرح الشفا,https://shamela.ws/book/9918
24,السيرة النبوية,6589,الشمائل الشريفة - مستل من فيض القدير للمناوي,https://shamela.ws/book/6589
24,السيرة النبوية,9873,السيرة الحلبية = إنسان العيون في سيرة الأمين المأمون,https://shamela.ws/book/9873
24,السيرة النبوية,26568,شرح الزرقاني على المواهب اللدنية بالمنح المحمدية,https://shamela.ws/book/26568
24,السيرة النبوية,23675,مستعذب الإخبار بأطيب الأخبار,https://shamela.ws/book/23675
24,السيرة النبوية,13995,إيضاح المدارك في الإفصاح عن العواتك,https://shamela.ws/book/13995
24,السيرة النبوية,11070,بعض فوائد صلح الحديبية (مطبوع ضمن مؤلفات الشيخ محمد بن عبد الوهاب، الجزء الثاني عشر),https://shamela.ws/book/11070
24,السيرة النبوية,31457,مختصر زاد المعاد,https://shamela.ws/book/31457
24,السيرة النبوية,31465,مختصر سيرة الرسول صلى الله عليه وسلم لمحمد بن عبد الوهاب,https://shamela.ws/book/31465
24,السيرة النبوية,1515,نهاية الإيجاز في سيرة ساكن الحجاز,https://shamela.ws/book/1515
24,السيرة النبوية,145166,نزهة الأفكار في شرح قرة الأبصار,https://shamela.ws/book/145166
24,السيرة النبوية,23692,نور اليقين في سيرة سيد المرسلين,https://shamela.ws/book/23692
24,السيرة النبوية,14328,رحمة للعالمين (مترجم) - المنصورفوري,https://shamela.ws/book/14328
24,السيرة النبوية,23694,وسائل الوصول إلى شمائل الرسول صلى الله عليه وآله وسلم,https://shamela.ws/book/23694
24,السيرة النبوية,12935,محمد صلى الله عليه وسلم,https://shamela.ws/book/12935
24,السيرة النبوية,9821,الرسالة المحمدية,https://shamela.ws/book/9821
24,السيرة النبوية,9797,حياة محمد صلى الله عليه وآله وسلم,https://shamela.ws/book/9797
24,السيرة النبوية,20364,السيرة النبوية - دروس وعبر,https://shamela.ws/book/20364
24,السيرة النبوية,484,بحث في قصة بني هشام بن المغيرة واستئذانهم النبي - صلى الله عليه وسلم - أن يزوجوا عليا رضي الله عنه - ضمن «آثار المعلمي»,https://shamela.ws/book/484
24,السيرة النبوية,9800,خاتم النبيين صلى الله عليه وآله وسلم,https://shamela.ws/book/9800
24,السيرة النبوية,9772,إنارة الدجى في مغازي خير الورى صلى الله عليه وآله وسلم,https://shamela.ws/book/9772
24,السيرة النبوية,9896,السيرة النبوية في ضوء القرآن والسنة,https://shamela.ws/book/9896
24,السيرة النبوية,115132,في سبيل العقيدة الإسلامية,https://shamela.ws/book/115132
24,السيرة النبوية,18332,الأساس في السنة وفقهها - السيرة النبوية,https://shamela.ws/book/18332
24,السيرة النبوية,23683,منتهى السؤل على وسائل الوصول إلى شمائل الرسول,https://shamela.ws/book/23683
24,السيرة النبوية,8530,القول المبين في سيرة سيد المرسلين,https://shamela.ws/book/8530
24,السيرة النبوية,11736,الدعوة الإسلامية في عهدها المكي مناهجها وغاياتها,https://shamela.ws/book/11736
24,السيرة النبوية,23659,فقه السيرة للغزالي,https://shamela.ws/book/23659
24,السيرة النبوية,16991,الذهب المسبوك في تحقيق روايات غزوة تبوك,https://shamela.ws/book/16991
24,السيرة النبوية,9824,الرسول القائد,https://shamela.ws/book/9824
24,السيرة النبوية,7540,الإسراء والمعراج وذكر أحاديثهما وتخريجها وبيان صحيحها,https://shamela.ws/book/7540
24,السيرة النبوية,592,صحيح السيرة النبوية - الألباني,https://shamela.ws/book/592
24,السيرة النبوية,9914,السيرة النبوية لأبي الحسن الندوي,https://shamela.ws/book/9914
24,السيرة النبوية,9955,بدر الكبرى,https://shamela.ws/book/9955
24,السيرة النبوية,7706,دروس الهجرة - عطية سالم,https://shamela.ws/book/7706
24,السيرة النبوية,12203,أصح البشائر في مبعث سيد الأوائل والأواخر,https://shamela.ws/book/12203
24,السيرة النبوية,96511,غزوة فتح مكة في ضوء السنة المطهرة,https://shamela.ws/book/96511
24,السيرة النبوية,13606,صحيح السيرة النبوية - إبراهيم العلي,https://shamela.ws/book/13606
24,السيرة النبوية,145203,من معارك الإسلام الفاصلة = موسوعة الغزوات الكبرى,https://shamela.ws/book/145203
24,السيرة النبوية,23661,القصيدة الوردية في سيرة خير البرية,https://shamela.ws/book/23661
24,السيرة النبوية,9820,الرحيق المختوم,https://shamela.ws/book/9820
24,السيرة النبوية,9900,الرحيق المختوم مع زيادات,https://shamela.ws/book/9900
24,السيرة النبوية,23669,محمد صلى الله عليه وآله وسلم في مكة,https://shamela.ws/book/23669
24,السيرة النبوية,17620,وفاة النبي - صلى الله عليه وسلم - «وأظلمت المدينة»,https://shamela.ws/book/17620
24,السيرة النبوية,23657,فقه السيرة النبوية مع موجز لتاريخ الخلافة الراشدة,https://shamela.ws/book/23657
24,السيرة النبوية,23670,مختارات من أجمل الشعر في مدح الرسول,https://shamela.ws/book/23670
24,السيرة النبوية,14761,المنهج الحركي للسيرة النبوية,https://shamela.ws/book/14761
24,السيرة النبوية,14326,فقه السيرة النبوية لمنير الغضبان,https://shamela.ws/book/14326
24,السيرة النبوية,23654,غزوات النبي,https://shamela.ws/book/23654
24,السيرة النبوية,17666,الجامع الصحيح للسيرة النبوية,https://shamela.ws/book/17666
24,السيرة النبوية,97933,سبل السلام من صحيح سيرة خير الأنام عليه الصلاة والسلام,https://shamela.ws/book/97933
24,السيرة النبوية,96721,رحمة للعالمين - سعيد بن وهف,https://shamela.ws/book/96721
24,السيرة النبوية,96542,وداع الرسول صلى الله عليه وسلم لأمته,https://shamela.ws/book/96542
24,السيرة النبوية,123671,الموسوعة في صحيح السيرة النبوية - العهد المكي,https://shamela.ws/book/123671
24,السيرة النبوية,1561,وجاء النبي المنتظر,https://shamela.ws/book/1561
24,السيرة النبوية,9897,السيرة النبوية منهجية دراستها واستعراض أحداثها,https://shamela.ws/book/9897
24,السيرة النبوية,9781,بينات الرسول صلى الله عليه وآله وسلم ومعجزاته,https://shamela.ws/book/9781
24,السيرة النبوية,9586,قراءة في بردة البوصيري وشعره,https://shamela.ws/book/9586
24,السيرة النبوية,12084,من أخلاق الرسول الكريم صلى الله عليه وسلم,https://shamela.ws/book/12084
24,السيرة النبوية,1067,كيف تنصر نبيك صلى الله عليه وسلم,https://shamela.ws/book/1067
24,السيرة النبوية,77,الهجرة النبوية الشريفة دروس وفوائد ولطائف,https://shamela.ws/book/77
24,السيرة النبوية,10816,صحيح الأثر وجميل العبر من سيرة خير البشر (صلى الله عليه وسلم),https://shamela.ws/book/10816
24,السيرة النبوية,1824,رد شبهات حول عصمة النبى صلى الله عليه وسلم,https://shamela.ws/book/1824
24,السيرة النبوية,10898,أهمية دراسة السيرة النبوية للمعلمين,https://shamela.ws/book/10898
24,السيرة النبوية,31468,بحث عن السيرة النبوية,https://shamela.ws/book/31468
24,السيرة النبوية,10899,أهمية دراسة السيرة النبوية والعناية بها في حياة المسلمين,https://shamela.ws/book/10899
24,السيرة النبوية,2700,مرويات الإمام الزهري في المغازي,https://shamela.ws/book/2700
24,السيرة النبوية,11395,مرويات غزوة الخندق,https://shamela.ws/book/11395
24,السيرة النبوية,11425,مرويات غزوة بني المصطلق وهي غزوة المريسيع,https://shamela.ws/book/11425
24,السيرة النبوية,1308,مرويات غزوة حنين وحصار الطائف,https://shamela.ws/book/1308
24,السيرة النبوية,11394,مرويات غزوة الحديبية جمع وتخريج ودراسة,https://shamela.ws/book/11394
24,السيرة النبوية,122396,السيرة النبوية الصحيحة محاولة لتطبيق قواعد المحدثين في نقد روايات السيرة النبوية,https://shamela.ws/book/122396
24,السيرة النبوية,11392,مرويات السيرة لأكرم العمري,https://shamela.ws/book/11392
24,السيرة النبوية,11393,مرويات السيرة لمسفر الدميني,https://shamela.ws/book/11393
24,السيرة النبوية,7641,السرايا والبعوث النبوية حول المدينة ومكة,https://shamela.ws/book/7641
24,السيرة النبوية,11323,غزوة مؤتة والسرايا والبعوث النبوية الشمالية,https://shamela.ws/book/11323
24,السيرة النبوية,7645,السيرة النبوية عند الهيثمي في كتابه مجمع الزوائد ومنبع الفوائد,https://shamela.ws/book/7645
24,السيرة النبوية,11340,كتاب سيرة النبي صلى الله عليه وسلم,https://shamela.ws/book/11340
24,السيرة النبوية,12103,منهجية التأليف في السيرة عند ابن كثير,https://shamela.ws/book/12103
24,السيرة النبوية,11576,مصادر السيرة النبوية,https://shamela.ws/book/11576
24,السيرة النبوية,4371,مكة والمدينة في الجاهلية وعهد الرسول صلى الله عليه وسلم,https://shamela.ws/book/4371
24,السيرة النبوية,7646,السيرة النبوية في دائرة المعارف البريطانية,https://shamela.ws/book/7646
24,السيرة النبوية,12264,شهداء أحد الذين ذكرهم ابن إسحاق في مغازيه,https://shamela.ws/book/12264
24,السيرة النبوية,2275,حقوق النبي صلى الله عليه وسلم على أمته في ضوء الكتاب والسنة,https://shamela.ws/book/2275
24,السيرة النبوية,96964,وا محمداه إن شانئك هو الأبتر,https://shamela.ws/book/96964
24,السيرة النبوية,1054,حصول المأمول بشرح مختصر الفصول في سيرة الرسول صلى الله عليه وسلم,https://shamela.ws/book/1054
24,السيرة النبوية,938,شرح مختصر الشمائل المحمدية,https://shamela.ws/book/938
24,السيرة النبوية,9764,إذهاب الحزن وشفاء الصدر السقيم,https://shamela.ws/book/9764
24,السيرة النبوية,9779,البردة شرحا وإعرابا وبلاغة لطلاب المعاهد والجامعات,https://shamela.ws/book/9779
24,السيرة النبوية,9792,ثلاثية البردة بردة الرسول صلى الله عليه وآله وسلم,https://shamela.ws/book/9792
24,السيرة النبوية,23674,المستشرقون والسيرة النبوية,https://shamela.ws/book/23674
24,السيرة النبوية,9802,دراسة في السيرة,https://shamela.ws/book/9802
24,السيرة النبوية,9825,الرسول صلى الله عليه وآله وسلم في عيون غربية منصفة,https://shamela.ws/book/9825
24,السيرة النبوية,22678,أوائل المؤلفين في السيرة النبوية,https://shamela.ws/book/22678
24,السيرة النبوية,23646,شمائل الرسول صلى الله عليه وآله وسلم,https://shamela.ws/book/23646
24,السيرة النبوية,23668,محمد صلى الله عليه وآله وسلم في الكتب المقدسة,https://shamela.ws/book/23668
24,السيرة النبوية,11144,جهود علماء المسلمين في تمييز صحيح السيرة النبوية من ضعيفها,https://shamela.ws/book/11144
24,السيرة النبوية,11450,مزاعم وأخطاء وتناقضات وشبهات بودلي في كتابه الرسول، حياة محمد دراسة نقدية,https://shamela.ws/book/11450
24,السيرة النبوية,23078,قوة العقيدة سبيل النصر في غزوة بدر الكبرى,https://shamela.ws/book/23078
24,السيرة النبوية,921,السيرة النبوية والدعوة في العهد المدني,https://shamela.ws/book/921
24,السيرة النبوية,10552,السيرة النبوية والدعوة في العهد المكي,https://shamela.ws/book/10552
24,السيرة النبوية,8966,النبوة: اصطفاء وقدوة,https://shamela.ws/book/8966
24,السيرة النبوية,8979,الهجرة النبوية - دراسة وتحليل-,https://shamela.ws/book/8979
24,السيرة النبوية,36367,التعريف بنبي الرحمة صلى الله عليه وآله وسلم,https://shamela.ws/book/36367
24,السيرة النبوية,37043,مقتطفات من السيرة,https://shamela.ws/book/37043
24,السيرة النبوية,37369,السيرة النبوية - راغب السرجاني,https://shamela.ws/book/37369
24,السيرة النبوية,37425,الخلاصة البهية في ترتيب أحداث السيرة النبوية,https://shamela.ws/book/37425
24,السيرة النبوية,37741,الأيام النضرة في السيرة العطرة,https://shamela.ws/book/37741
24,السيرة النبوية,37731,التعليق على الدرة المضيئة في السيرة النبوية للمقدسي,https://shamela.ws/book/37731
24,السيرة النبوية,37737,شرح المدائح النبوية,https://shamela.ws/book/37737
24,السيرة النبوية,38152,الدين المعاملة,https://shamela.ws/book/38152
24,السيرة النبوية,38185,دلائل النبوة - السقار,https://shamela.ws/book/38185
24,السيرة النبوية,97932,ما شاع ولم يثبت في السيرة النبوية,https://shamela.ws/book/97932
24,السيرة النبوية,122394,الأغصان الندية شرح الخلاصة البهية بترتيب أحداث السيرة النبوية,https://shamela.ws/book/122394
24,السيرة النبوية,123668,السيرة النبوية كما جاءت في الأحاديث الصحيحة,https://shamela.ws/book/123668
24,السيرة النبوية,123669,الصحيح من أحاديث السيرة النبوية,https://shamela.ws/book/123669
24,السيرة النبوية,14572,التعليق على الرحيق المختوم,https://shamela.ws/book/14572
24,السيرة النبوية,16365,السيرة النبوية بين الآثار المروية والآيات القرآنية,https://shamela.ws/book/16365
24,السيرة النبوية,36551,يوم في بيت الرسول,https://shamela.ws/book/36551
24,السيرة النبوية,38114,اللؤلؤ المكنون في سيرة النبي المأمون,https://shamela.ws/book/38114
24,السيرة النبوية,30073,اليوم الآخر أحداث وعبر,https://shamela.ws/book/30073
24,السيرة النبوية,138,شمائل الحبيب المصطفى,https://shamela.ws/book/138
24,السيرة النبوية,619,القوافي الندية في السيرة المحمدية,https://shamela.ws/book/619
25,التاريخ,7536,الفتنة ووقعة الجمل,https://shamela.ws/book/7536
25,التاريخ,12045,فتوح الشام,https://shamela.ws/book/12045
25,التاريخ,12222,كتاب الردة للواقدي,https://shamela.ws/book/12222
25,التاريخ,37473,التيجان في ملوك حمير,https://shamela.ws/book/37473
25,التاريخ,6615,تاريخ خليفة بن خياط,https://shamela.ws/book/6615
25,التاريخ,12205,المحبر,https://shamela.ws/book/12205
25,التاريخ,12212,المنمق في أخبار قريش,https://shamela.ws/book/12212
25,التاريخ,12226,أخبار الدولة العباسية,https://shamela.ws/book/12226
25,التاريخ,11404,فتوح مصر والمغرب,https://shamela.ws/book/11404
25,التاريخ,12129,المعارف,https://shamela.ws/book/12129
25,التاريخ,12403,المعرفة والتاريخ - ت العمري - ط العراق,https://shamela.ws/book/12403
25,التاريخ,12221,فتوح البلدان,https://shamela.ws/book/12221
25,التاريخ,30741,تاريخ أبي زرعة الدمشقي,https://shamela.ws/book/30741
25,التاريخ,9760,الأخبار الطوال,https://shamela.ws/book/9760
25,التاريخ,9783,تاريخ الطبري = تاريخ الرسل والملوك، وصلة تاريخ الطبري,https://shamela.ws/book/9783
25,التاريخ,145435,صحيح وضعيف تاريخ الطبري,https://shamela.ws/book/145435
25,التاريخ,117366,أخبار فخ وخبر يحيي بن عبد الله وأخيه إدريس بن عبد الله,https://shamela.ws/book/117366
25,التاريخ,6706,المحن,https://shamela.ws/book/6706
25,التاريخ,8184,أخبار الراضي بالله والمتقي لله = تاريخ الدولة العباسية,https://shamela.ws/book/8184
25,التاريخ,8620,أخبار الزمان,https://shamela.ws/book/8620
25,التاريخ,23718,التنبيه والإشراف,https://shamela.ws/book/23718
25,التاريخ,12318,البدء والتاريخ,https://shamela.ws/book/12318
25,التاريخ,12404,مقاتل الطالبيين,https://shamela.ws/book/12404
25,التاريخ,925,فضائل مصر وأخبارها وخواصها,https://shamela.ws/book/925
25,التاريخ,12396,تجارب الأمم وتعاقب الهمم,https://shamela.ws/book/12396
25,التاريخ,26106,تحفة الأمراء في تاريخ الوزراء,https://shamela.ws/book/26106
25,التاريخ,14512,تاريخ الأنطاكي,https://shamela.ws/book/14512
25,التاريخ,16439,المقتبس من أنباء أهل الأندلس,https://shamela.ws/book/16439
25,التاريخ,122397,المستخرج من كتب الناس للتذكرة والمستطرف من أحوال الرجال للمعرفة,https://shamela.ws/book/122397
25,التاريخ,6616,تكملة تاريخ الطبري,https://shamela.ws/book/6616
25,التاريخ,30797,المناقب المزيدية في أخبار الملوك الأسدية,https://shamela.ws/book/30797
25,التاريخ,22799,تاريخ دمشق لابن القلانسي,https://shamela.ws/book/22799
25,التاريخ,763,ملوك حمير وأقيال اليمن وشرحها المسمى خلاصة السيرة الجامعة لعجائب الملوك التبابعة,https://shamela.ws/book/763
25,التاريخ,22788,الصلة في تاريخ أئمة الأندلس لابن بشكوال,https://shamela.ws/book/22788
25,التاريخ,12289,الإنباء في تاريخ الخلفاء,https://shamela.ws/book/12289
25,التاريخ,21564,الاعتبار,https://shamela.ws/book/21564
25,التاريخ,12406,المنتظم في تاريخ الملوك والأمم,https://shamela.ws/book/12406
25,التاريخ,10927,تاريخ بيت المقدس,https://shamela.ws/book/10927
25,التاريخ,6700,تلقيح فهوم أهل الأثر,https://shamela.ws/book/6700
25,التاريخ,6628,البرق الشامي,https://shamela.ws/book/6628
25,التاريخ,16550,البستان الجامع لجميع تواريخ أهل الزمان,https://shamela.ws/book/16550
25,التاريخ,14789,الفتح القسي في الفتح القدسي = حروب صلاح الدين وفتح بيت المقدس,https://shamela.ws/book/14789
25,التاريخ,6708,مضمار الحقائق وسر الخلائق,https://shamela.ws/book/6708
25,التاريخ,7435,التدوين في أخبار قزوين,https://shamela.ws/book/7435
25,التاريخ,6625,أخبار بني عبيد,https://shamela.ws/book/6625
25,التاريخ,30018,أسد الغابة في معرفة الصحابة - ت الرفاعي,https://shamela.ws/book/30018
25,التاريخ,21712,الكامل في التاريخ - ت تدمري,https://shamela.ws/book/21712
25,التاريخ,12716,النوادر السلطانية والمحاسن اليوسفية = سيرة صلاح الدين الأيوبي,https://shamela.ws/book/12716
25,التاريخ,5400,مختصر سنا البرق الشامي,https://shamela.ws/book/5400
25,التاريخ,8559,المعجب في تلخيص أخبار المغرب,https://shamela.ws/book/8559
25,التاريخ,6607,التاريخ المنصوري = تلخيص الكشف والبيان في حوادث الزمان,https://shamela.ws/book/6607
25,التاريخ,122237,أخبار سلاجقة الروم = مختصر سلجوقنامه,https://shamela.ws/book/122237
25,التاريخ,23644,مرآة الزمان في تواريخ الأعيان,https://shamela.ws/book/23644
25,التاريخ,6608,التكملة لكتاب الصلة,https://shamela.ws/book/6608
25,التاريخ,6630,الحلة السيراء,https://shamela.ws/book/6630
25,التاريخ,9872,زبدة الحلب في تاريخ حلب,https://shamela.ws/book/9872
25,التاريخ,6631,الروضتين في أخبار الدولتين النورية والصلاحية,https://shamela.ws/book/6631
25,التاريخ,12348,تاريخ مختصر الدول,https://shamela.ws/book/12348
25,التاريخ,6633,المغرب في حلى المغرب,https://shamela.ws/book/6633
25,التاريخ,28174,نشوة الطرب في تاريخ جاهلية العرب,https://shamela.ws/book/28174
25,التاريخ,11782,البيان المغرب في أخبار الأندلس والمغرب,https://shamela.ws/book/11782
25,التاريخ,16362,مفرج الكروب في أخبار بني أيوب,https://shamela.ws/book/16362
25,التاريخ,16364,نزهة المالك والمملوك في مختصر سيرة من ولي مصر من الملوك,https://shamela.ws/book/16364
25,التاريخ,400,الحوادث الجامعة والتجارب النافعة,https://shamela.ws/book/400
25,التاريخ,12722,ذيل مرآة الزمان,https://shamela.ws/book/12722
25,التاريخ,166,الفضل المأثور من سيرة السلطان الملك المنصور,https://shamela.ws/book/166
25,التاريخ,12715,المختصر في أخبار البشر,https://shamela.ws/book/12715
25,التاريخ,465,اليواقيت والضرب في تاريخ حلب,https://shamela.ws/book/465
25,التاريخ,18147,كنز الدرر وجامع الغرر,https://shamela.ws/book/18147
25,التاريخ,25841,العبر في خبر من غبر - وذيوله ت زغلول,https://shamela.ws/book/25841
25,التاريخ,35100,تاريخ الإسلام - ت بشار,https://shamela.ws/book/35100
25,التاريخ,12397,تاريخ الإسلام - ت تدمري,https://shamela.ws/book/12397
25,التاريخ,22771,تاريخ الإسلام - ط التوفيقية,https://shamela.ws/book/22771
25,التاريخ,6624,تاريخ ابن الوردي,https://shamela.ws/book/6624
25,التاريخ,9091,مرآة الجنان وعبرة اليقظان,https://shamela.ws/book/9091
25,التاريخ,4445,البداية والنهاية - ت التركي,https://shamela.ws/book/4445
25,التاريخ,8376,البداية والنهاية - ت شيري,https://shamela.ws/book/8376
25,التاريخ,23708,البداية والنهاية - ط السعادة,https://shamela.ws/book/23708
25,التاريخ,30097,البداية والنهاية - ط دار ابن كثير,https://shamela.ws/book/30097
25,التاريخ,30098,البداية والنهاية - ط دار ابن كثير - التكملة,https://shamela.ws/book/30098
25,التاريخ,401,النفحة النسرينية واللمحة المرينية,https://shamela.ws/book/401
25,التاريخ,12320,تاريخ ابن خلدون,https://shamela.ws/book/12320
25,التاريخ,16363,نزهة الأنام فى تاريخ الإسلام,https://shamela.ws/book/16363
25,التاريخ,9233,العقود اللؤلؤية في تاريخ الدولة الرسولية,https://shamela.ws/book/9233
25,التاريخ,19065,تاريخ ابن حجي,https://shamela.ws/book/19065
25,التاريخ,8362,شفاء الغرام بأخبار البلد الحرام,https://shamela.ws/book/8362
25,التاريخ,176,اتعاظ الحنفا بأخبار الأئمة الفاطميين الخلفا,https://shamela.ws/book/176
25,التاريخ,9226,البيان والإعراب عما بأرض مصر من الأعراب,https://shamela.ws/book/9226
25,التاريخ,26317,إنباء الغمر بأبناء العمر - ت حبشي,https://shamela.ws/book/26317
25,التاريخ,26001,إنباء الغمر بأبناء العمر - ط الهندية,https://shamela.ws/book/26001
25,التاريخ,12417,عجائب المقدور في أخبار تيمور,https://shamela.ws/book/12417
25,التاريخ,5539,تاريخ مكة المشرفة والمسجد الحرام والمدينة الشريفة والقبر الشريف,https://shamela.ws/book/5539
25,التاريخ,380,عقد الجمان في تاريخ أهل الزمان [565 - 628 هـ],https://shamela.ws/book/380
25,التاريخ,1056,عقد الجمان في تاريخ أهل الزمان [648 - 712 هـ],https://shamela.ws/book/1056
25,التاريخ,11988,النجوم الزاهرة فى ملوك مصر والقاهرة,https://shamela.ws/book/11988
25,التاريخ,9807,حوادث الدهور في مدى الأيام والشهور - ق 1,https://shamela.ws/book/9807
25,التاريخ,1670,إتحاف الورى بأخبار أم القرى,https://shamela.ws/book/1670
25,التاريخ,30026,إنباء الهصر بأنباء العصر,https://shamela.ws/book/30026
25,التاريخ,34,الإعلان بالتوبيخ لمن ذم أهل التوريخ ت الظفيري,https://shamela.ws/book/34
25,التاريخ,6646,نبذة العصر في أخبار ملوك بني نصر,https://shamela.ws/book/6646
25,التاريخ,6641,طبقات صلحاء اليمن = تاريخ البريهي,https://shamela.ws/book/6641
25,التاريخ,6637,تاريخ البصروي,https://shamela.ws/book/6637
25,التاريخ,10733,إتمام الدراية لقراء النقاية,https://shamela.ws/book/10733
25,التاريخ,7650,الشماريخ في علم التاريخ,https://shamela.ws/book/7650
25,التاريخ,11997,تاريخ الخلفاء - ت إبراهيم صالح,https://shamela.ws/book/11997
25,التاريخ,30181,تاريخ الخلفاء - ت عبد الحميد,https://shamela.ws/book/30181
25,التاريخ,30183,تاريخ الخلفاء - ت عكاوي,https://shamela.ws/book/30183
25,التاريخ,30182,تاريخ الخلفاء - ط الباز,https://shamela.ws/book/30182
25,التاريخ,11995,تاريخ الخلفاء - ط المنهاج,https://shamela.ws/book/11995
25,التاريخ,3283,حسن المحاضرة في تاريخ مصر والقاهرة,https://shamela.ws/book/3283
25,التاريخ,31372,خلاصة الوفا بأخبار دار المصطفى,https://shamela.ws/book/31372
25,التاريخ,17097,نيل الأمل في ذيل الدول,https://shamela.ws/book/17097
25,التاريخ,1553,بلوغ القرى في ذيل إتحاف الورى بأخبار أم القرى,https://shamela.ws/book/1553
25,التاريخ,8880,الدارس في تاريخ المدارس,https://shamela.ws/book/8880
25,التاريخ,6626,الأنس الجليل بتاريخ القدس والخليل - ط النجف,https://shamela.ws/book/6626
25,التاريخ,1657,الأنس الجليل بتاريخ القدس والخليل - ط دنديس,https://shamela.ws/book/1657
25,التاريخ,127698,التاريخ المعتبر في أنباء من غبر,https://shamela.ws/book/127698
25,التاريخ,30060,المختار من بدائع الزهور في وقائع الدهور - ط مدبولي,https://shamela.ws/book/30060
25,التاريخ,30059,بدائع الزهور في وقائع الدهور - ت محمد مصطفى,https://shamela.ws/book/30059
25,التاريخ,30068,جواهر السلوك في أمر الخلفاء والملوك,https://shamela.ws/book/30068
25,التاريخ,30070,صفحات لم تنشر من بدائع الزهور فى وقائع الدهور,https://shamela.ws/book/30070
25,التاريخ,30069,عقود الجمان في وقائع الأزمان,https://shamela.ws/book/30069
25,التاريخ,30074,نزهة الأمم في العجائب والحكم,https://shamela.ws/book/30074
25,التاريخ,30023,حوادث الزمان ووفيات الشيوخ والأقران,https://shamela.ws/book/30023
25,التاريخ,26578,مفاكهة الخلان في حوادث الزمان,https://shamela.ws/book/26578
25,التاريخ,30010,نيل المنى بذيل بلوغ القرى لتكملة إتحاف الورى,https://shamela.ws/book/30010
25,التاريخ,12398,شذرات الذهب في أخبار من ذهب,https://shamela.ws/book/12398
25,التاريخ,6617,سمط النجوم العوالي في أنباء الأوائل والتوالي,https://shamela.ws/book/6617
25,التاريخ,6640,تاريخ اليمن خلال القرن الحادي عشر = تاريخ طبق الحلوى وصحاف المن والسلوى,https://shamela.ws/book/6640
25,التاريخ,408,نوادر الخلفاء = إعلام الناس بما وقع للبرامكة مع بني العباس,https://shamela.ws/book/408
25,التاريخ,397,يوميات شامية,https://shamela.ws/book/397
25,التاريخ,404,حوادث دمشق اليومية,https://shamela.ws/book/404
25,التاريخ,5359,حلول التعب والآلام,https://shamela.ws/book/5359
25,التاريخ,17048,نزهة الأنظار في عجائب التواريخ والأخبار,https://shamela.ws/book/17048
25,التاريخ,11998,تاريخ عجائب الآثار في التراجم والأخبار,https://shamela.ws/book/11998
25,التاريخ,14329,المرآة,https://shamela.ws/book/14329
25,التاريخ,13551,مذكرات أحمد باي,https://shamela.ws/book/13551
25,التاريخ,10739,لقطة العجلان مما تمس إلى معرفته حاجة الإنسان,https://shamela.ws/book/10739
25,التاريخ,742,موسوعة مرآة الحرمين الشريفين وجزيرة العرب,https://shamela.ws/book/742
25,التاريخ,6627,الاستقصا لأخبار دول المغرب الأقصى,https://shamela.ws/book/6627
25,التاريخ,6638,تاريخ الدولة العلية العثمانية,https://shamela.ws/book/6638
25,التاريخ,123660,تاريخ الجزائر في القديم والحديث,https://shamela.ws/book/123660
25,التاريخ,115130,تاريخ الزواوة,https://shamela.ws/book/115130
25,التاريخ,7479,أثر الدعوة الوهابية في الإصلاح الديني والعمراني في جزيرة العرب وغيرها,https://shamela.ws/book/7479
25,التاريخ,30038,سوس العالمة,https://shamela.ws/book/30038
25,التاريخ,8528,حياة الصحابة,https://shamela.ws/book/8528
25,التاريخ,35104,قصة الحضارة,https://shamela.ws/book/35104
25,التاريخ,11748,الأزهر وأثره في النهضة الأدبية الحديثة,https://shamela.ws/book/11748
25,التاريخ,1009,دولة الإسلام في الأندلس,https://shamela.ws/book/1009
25,التاريخ,7299,المفصل فى تاريخ العرب قبل الإسلام,https://shamela.ws/book/7299
25,التاريخ,8734,الإسلام في أفريقيا عبر التاريخ,https://shamela.ws/book/8734
25,التاريخ,9999,أسواق العرب في الجاهلية والإسلام,https://shamela.ws/book/9999
25,التاريخ,37481,انبعاث الإسلام في الأندلس,https://shamela.ws/book/37481
25,التاريخ,1020,العرب في صقلية,https://shamela.ws/book/1020
25,التاريخ,1023,شذرات من كتب مفقودة في التاريخ,https://shamela.ws/book/1023
25,التاريخ,145210,تذكرة أولي النهى والعرفان بأيام الله الواحد الديان وذكر حوادث الزمان,https://shamela.ws/book/145210
25,التاريخ,12007,دراسات في تاريخ العرب القديم,https://shamela.ws/book/12007
25,التاريخ,11164,حقيقة دعوة الإمام الشيخ محمد بن عبد الوهاب السلفية,https://shamela.ws/book/11164
25,التاريخ,123656,محاضرات في تاريخ الجزائر الحديث,https://shamela.ws/book/123656
25,التاريخ,16373,سلسلة جهاد شعب الجزائر,https://shamela.ws/book/16373
25,التاريخ,9850,تصحيح خطأ تاريخي حول الوهابية,https://shamela.ws/book/9850
25,التاريخ,7690,قصة موسى والخضر,https://shamela.ws/book/7690
25,التاريخ,2034,الوجيز في أسباب ونتائج قتل عثمان,https://shamela.ws/book/2034
25,التاريخ,95543,الموسوعة التاريخية,https://shamela.ws/book/95543
25,التاريخ,29723,تاريخ العرب وحضارتهم في الأندلس,https://shamela.ws/book/29723
25,التاريخ,36578,موسوعة سفير للتاريخ الإسلامي,https://shamela.ws/book/36578
25,التاريخ,1220,موقف الصحابة من أحداث العنف في عهد الخلفاء الراشدين,https://shamela.ws/book/1220
25,التاريخ,10033,تاريخ الفلبين,https://shamela.ws/book/10033
25,التاريخ,11439,عصر الخلافة الراشدة محاولة لنقد الرواية التاريخية وفق منهج المحدثين,https://shamela.ws/book/11439
25,التاريخ,10351,الحملة الأخيرة على القسطنطينية في العصر الأموي,https://shamela.ws/book/10351
25,التاريخ,926,الخلافة الأموية من كتاب الأخبار الطوال المنسوب للدينوري,https://shamela.ws/book/926
25,التاريخ,12047,فتنة مقتل عثمان بن عفان,https://shamela.ws/book/12047
25,التاريخ,993,مرويات كتاب أخبار المدينة جمع وتوثيق ودراسة,https://shamela.ws/book/993
25,التاريخ,9911,تاريخ الخلفاء الراشدين الفتوحات والإنجازات السياسية,https://shamela.ws/book/9911
25,التاريخ,9899,السيرة النبوية والتاريخ الإسلامي,https://shamela.ws/book/9899
25,التاريخ,11754,تطور الصحافة المصرية 1798 - 1981,https://shamela.ws/book/11754
25,التاريخ,7320,معالم تاريخ الشرق الأدني القديم,https://shamela.ws/book/7320
25,التاريخ,8668,معالم حضارات الشرق الأدني القديم,https://shamela.ws/book/8668
25,التاريخ,7331,نظم حكم الأمويين ورسومهم في الأندلس,https://shamela.ws/book/7331
25,التاريخ,7482,أثر دعوة الشيخ محمد بن عبد الوهاب في حركة عثمان بن فودي الإصلاحية في غرب أفريقيا (مطبوع ضمن بحوث ندوة دعوة الشيخ محمد بن عبد الوهاب),https://shamela.ws/book/7482
25,التاريخ,11156,حركة التجديد والإصلاح في نجد,https://shamela.ws/book/11156
25,التاريخ,11359,كيف دخل التتر بلاد المسلمين,https://shamela.ws/book/11359
25,التاريخ,132392,النظرات الوقادة في خروج الحسين بن علي رضي الله عنه واستشهاده,https://shamela.ws/book/132392
25,التاريخ,36102,الهادي والمهتدي,https://shamela.ws/book/36102
25,التاريخ,22991,الرسائل الحربية في عصر الدولة الأيوبية,https://shamela.ws/book/22991
25,التاريخ,9990,موجز عن الفتوحات الإسلامية,https://shamela.ws/book/9990
25,التاريخ,8384,العرب في العصور القديمة,https://shamela.ws/book/8384
25,التاريخ,2113,الشرق الأدنى القديم في مصر والعراق,https://shamela.ws/book/2113
25,التاريخ,11078,تاريخ شبه الجزيرة العربية في عصورها القديمة,https://shamela.ws/book/11078
25,التاريخ,11084,تاريخ العرب القديم,https://shamela.ws/book/11084
25,التاريخ,10034,تاريخ المدارس الوقفية في المدينة المنورة,https://shamela.ws/book/10034
25,التاريخ,10394,الزلاقة معركة من معارك الإسلام الحاسمة في الأندلس,https://shamela.ws/book/10394
25,التاريخ,9013,انتشار الإسلام الفتوحات الإسلامية زمن الراشدين,https://shamela.ws/book/9013
25,التاريخ,12277,طرسوس صفحة من جهاد المسلمين في الثغور,https://shamela.ws/book/12277
25,التاريخ,8851,الفتح العمري للقدس نموذج للدعوة بالعمل والقدوة,https://shamela.ws/book/8851
25,التاريخ,8951,المماليك البحرية وقضائهم على الصليبيين في الشام,https://shamela.ws/book/8951
25,التاريخ,4109,موقعة اليرموك دراسة وتحليل,https://shamela.ws/book/4109
25,التاريخ,9268,الهجمات المغرضة على التاريخ الإسلامي,https://shamela.ws/book/9268
25,التاريخ,36538,على عتبات الحضارة - بحث في السنن وعوامل التخلق والانهيار,https://shamela.ws/book/36538
25,التاريخ,21877,الأندلس من الفتح إلى السقوط,https://shamela.ws/book/21877
25,التاريخ,37376,التتار من البداية إلى عين جالوت,https://shamela.ws/book/37376
25,التاريخ,37380,فلسطين حتى لا تكون أندلسا أخرى,https://shamela.ws/book/37380
25,التاريخ,73353,موجز التاريخ الإسلامي من عهد آدم إلى عصرنا الحاضر,https://shamela.ws/book/73353
25,التاريخ,123659,تاريخ الجزائر المعاصر,https://shamela.ws/book/123659
25,التاريخ,534,وأد الفتنة دراسة نقدية لشبهات المرجفين وفتنة الجمل وصفين على منهج المحدثين,https://shamela.ws/book/534
25,التاريخ,49,قصة الحياة,https://shamela.ws/book/49
26,التراجم والطبقات,6656,سيرة عمر بن عبد العزيز,https://shamela.ws/book/6656
26,التراجم والطبقات,6717,أخبار الوافدات من النساء على معاوية بن أبي سفيان,https://shamela.ws/book/6717
26,التراجم والطبقات,6718,أخبار الوافدين من الرجال على معاوية بن أبي سفيان,https://shamela.ws/book/6718
26,التراجم والطبقات,958,المردفات من قريش - ضمن نوادر المخطوطات,https://shamela.ws/book/958
26,التراجم والطبقات,146,الطبقات الكبرى - ط الخانجي,https://shamela.ws/book/146
26,التراجم والطبقات,1686,الطبقات الكبرى - ط العلمية,https://shamela.ws/book/1686
26,التراجم والطبقات,9351,الطبقات الكبرى - ط دار صادر,https://shamela.ws/book/9351
26,التراجم والطبقات,7666,الطبقات الكبرى - متمم التابعين,https://shamela.ws/book/7666
26,التراجم والطبقات,1689,الطبقات الكبرى - متمم الصحابة - الطبقة الخامسة,https://shamela.ws/book/1689
26,التراجم والطبقات,12416,الطبقات الكبرى - متمم الصحابة - الطبقة الرابعة,https://shamela.ws/book/12416
26,التراجم والطبقات,6738,طبقات فحول الشعراء,https://shamela.ws/book/6738
26,التراجم والطبقات,101,تاريخ ابن معين - رواية ابن محرز,https://shamela.ws/book/101
26,التراجم والطبقات,148,تاريخ ابن معين - رواية الدارمي,https://shamela.ws/book/148
26,التراجم والطبقات,3508,تاريخ ابن معين - رواية الدوري,https://shamela.ws/book/3508
26,التراجم والطبقات,5893,تسمية من روي عنه من أولاد العشرة - ت جماز,https://shamela.ws/book/5893
26,التراجم والطبقات,8682,الطبقات - لخليفة بن خياط - ت زكار,https://shamela.ws/book/8682
26,التراجم والطبقات,5780,الأسامي والكنى - الإمام أحمد,https://shamela.ws/book/5780
26,التراجم والطبقات,20881,الجامع لعلوم الإمام أحمد - الرجال,https://shamela.ws/book/20881
26,التراجم والطبقات,950,أسماء المغتالين من الأشراف وأسماء من قتل من الشعراء - ضمن نوادر المخطوطات,https://shamela.ws/book/950
26,التراجم والطبقات,990,ألقاب الشعراء ومن يعرف منهم بأمه - ضمن نوادر المخطوطات,https://shamela.ws/book/990
26,التراجم والطبقات,988,كنى الشعراء ومن غلبت كنيته على اسمه - ضمن نوادر المخطوطات,https://shamela.ws/book/988
26,التراجم والطبقات,959,من نسب إلى أمه من الشعراء - ضمن نوادر المخطوطات,https://shamela.ws/book/959
26,التراجم والطبقات,21510,قلائد العقيان في محاسن الرؤساء والقضاة والكتاب والأدباء والأعيان,https://shamela.ws/book/21510
26,التراجم والطبقات,30111,التاريخ للفلاس,https://shamela.ws/book/30111
26,التراجم والطبقات,5782,التاريخ الأوسط,https://shamela.ws/book/5782
26,التراجم والطبقات,113,التاريخ الكبير للبخاري - ت الدباسي والنحال,https://shamela.ws/book/113
26,التراجم والطبقات,956,التاريخ الكبير للبخاري - ت المعلمي اليماني,https://shamela.ws/book/956
26,التراجم والطبقات,12823,التاريخ الكبير للبخاري بحواشي محمود خليل,https://shamela.ws/book/12823
26,التراجم والطبقات,8632,الضعفاء الصغير للبخاري ت أبي العينين,https://shamela.ws/book/8632
26,التراجم والطبقات,10542,الضعفاء الصغير للبخاري ت زايد,https://shamela.ws/book/10542
26,التراجم والطبقات,25803,أحوال الرجال,https://shamela.ws/book/25803
26,التراجم والطبقات,7340,الكنى والأسماء - للإمام مسلم,https://shamela.ws/book/7340
26,التراجم والطبقات,5837,المنفردات والوحدان,https://shamela.ws/book/5837
26,التراجم والطبقات,5825,الثقات للعجلي ت البستوي,https://shamela.ws/book/5825
26,التراجم والطبقات,9170,الثقات للعجلي ت قلعجي,https://shamela.ws/book/9170
26,التراجم والطبقات,817,أسامي الضعفاء - أبو زرعة الرازي - ت الأزهري,https://shamela.ws/book/817
26,التراجم والطبقات,816,أسامي الضعفاء - أبو زرعة الرازي - ت الهاشمي,https://shamela.ws/book/816
26,التراجم والطبقات,6655,سيرة الإمام أحمد بن حنبل - لابنه صالح,https://shamela.ws/book/6655
26,التراجم والطبقات,11236,سؤالات أبي عبيد الآجري أبا داود السجستاني في الجرح والتعديل,https://shamela.ws/book/11236
26,التراجم والطبقات,5876,التاريخ الكبير لابن أبي خيثمة - أخبار المكيين - ط الوطن,https://shamela.ws/book/5876
26,التراجم والطبقات,8477,التاريخ الكبير لابن أبي خيثمة - السفر الثالث - ط الفاروق,https://shamela.ws/book/8477
26,التراجم والطبقات,1440,التاريخ الكبير لابن أبي خيثمة - السفر الثاني - ط الفاروق,https://shamela.ws/book/1440
26,التراجم والطبقات,5880,كتاب بغداد,https://shamela.ws/book/5880
26,التراجم والطبقات,812,سؤالات البرذعي لأبي زرعة الرازي - ت الأزهري,https://shamela.ws/book/812
26,التراجم والطبقات,810,سؤالات البرذعي لأبي زرعة الرازي - ت الهاشمي,https://shamela.ws/book/810
26,التراجم والطبقات,11766,تاريخ واسط,https://shamela.ws/book/11766
26,التراجم والطبقات,7867,طبقات الشعراء لابن المعتز,https://shamela.ws/book/7867
26,التراجم والطبقات,677,من اسمه عمرو من الشعراء,https://shamela.ws/book/677
26,التراجم والطبقات,1590,طبقات الأسماء المفردة من الصحابة والتابعين وأصحاب الحديث,https://shamela.ws/book/1590
26,التراجم والطبقات,122400,التاريخ وأسماء المحدثين وكناهم,https://shamela.ws/book/122400
26,التراجم والطبقات,10805,الضعفاء والمتروكون للنسائي,https://shamela.ws/book/10805
26,التراجم والطبقات,5885,الطبقات للنسائي,https://shamela.ws/book/5885
26,التراجم والطبقات,5820,تسمية فقهاء الأمصار,https://shamela.ws/book/5820
26,التراجم والطبقات,5839,تسمية من لم يرو عنه غير رجل واحد,https://shamela.ws/book/5839
26,التراجم والطبقات,25868,ذكر المدلسين,https://shamela.ws/book/25868
26,التراجم والطبقات,6601,فضائل الصحابة للنسائي,https://shamela.ws/book/6601
26,التراجم والطبقات,25946,مشيخة النسائي = تسمية الشيوخ,https://shamela.ws/book/25946
26,التراجم والطبقات,150,أخبار القضاة,https://shamela.ws/book/150
26,التراجم والطبقات,1133,المنتخب من ذيل المذيل,https://shamela.ws/book/1133
26,التراجم والطبقات,13019,الذرية الطاهرة للدولابي,https://shamela.ws/book/13019
26,التراجم والطبقات,23100,معجم الصحابة للبغوي,https://shamela.ws/book/23100
26,التراجم والطبقات,14538,قبول الأخبار ومعرفة الرجال,https://shamela.ws/book/14538
26,التراجم والطبقات,9211,الاشتقاق,https://shamela.ws/book/9211
26,التراجم والطبقات,2170,الجرح والتعديل - ابن أبي حاتم,https://shamela.ws/book/2170
26,التراجم والطبقات,1076,بيان خطا البخاري في تاريخه,https://shamela.ws/book/1076
26,التراجم والطبقات,13079,طبقات علماء إفريقية,https://shamela.ws/book/13079
26,التراجم والطبقات,11686,تاريخ ابن يونس المصرى,https://shamela.ws/book/11686
26,التراجم والطبقات,915,كتاب الولاة وكتاب القضاة - ت رفن,https://shamela.ws/book/915
26,التراجم والطبقات,12831,كتاب الولاة وكتاب القضاة - ط العلمية,https://shamela.ws/book/12831
26,التراجم والطبقات,13178,معجم الصحابة لابن قانع,https://shamela.ws/book/13178
26,التراجم والطبقات,5816,الثقات لابن حبان,https://shamela.ws/book/5816
26,التراجم والطبقات,151099,المجروحين لابن حبان ت حمدي,https://shamela.ws/book/151099
26,التراجم والطبقات,5834,المجروحين لابن حبان ت زايد,https://shamela.ws/book/5834
26,التراجم والطبقات,896,مشاهير علماء الأمصار,https://shamela.ws/book/896
26,التراجم والطبقات,6650,أخبار أبي حفص عمر بن عبد العزيز,https://shamela.ws/book/6650
26,التراجم والطبقات,5827,الكامل في الضعفاء - تراجم ساقطة ت الحسيني,https://shamela.ws/book/5827
26,التراجم والطبقات,12579,الكامل في ضعفاء الرجال,https://shamela.ws/book/12579
26,التراجم والطبقات,5862,من روى عنهم البخاري في الصحيح,https://shamela.ws/book/5862
26,التراجم والطبقات,26338,أخبار النحويين البصريين - السيرافي,https://shamela.ws/book/26338
26,التراجم والطبقات,4182,طبقات المحدثين بأصبهان والواردين عليها,https://shamela.ws/book/4182
26,التراجم والطبقات,10913,المؤتلف والمختلف في أسماء الشعراء,https://shamela.ws/book/10913
26,التراجم والطبقات,13176,معجم أسامي شيوخ أبي بكر الإسماعيلي,https://shamela.ws/book/13176
26,التراجم والطبقات,5779,أسماء من يعرف بكنيته,https://shamela.ws/book/5779
26,التراجم والطبقات,26895,الكنى لمن لا يعرف له اسم للأزدي,https://shamela.ws/book/26895
26,التراجم والطبقات,26918,ذكر اسم كل صحابي ممن لا أخ له يوافق اسمه للأزدي,https://shamela.ws/book/26918
26,التراجم والطبقات,26919,من وافق اسمه اسم أبيه للأزدي,https://shamela.ws/book/26919
26,التراجم والطبقات,26920,من وافق اسمه كنية أبيه للأزدي,https://shamela.ws/book/26920
26,التراجم والطبقات,625,الأسامي والكنى - أبو أحمد الحاكم - ت الأزهري,https://shamela.ws/book/625
26,التراجم والطبقات,5791,تاريخ مولد العلماء ووفياتهم,https://shamela.ws/book/5791
26,التراجم والطبقات,13235,طبقات النحويين واللغويين,https://shamela.ws/book/13235
26,التراجم والطبقات,26552,معجم الشعراء,https://shamela.ws/book/26552
26,التراجم والطبقات,597,أسماء الصحابة التي اتفق فيها البخاري ومسلم وما انفرد به كل واحد,https://shamela.ws/book/597
26,التراجم والطبقات,10802,الضعفاء والمتروكون للدارقطني,https://shamela.ws/book/10802
26,التراجم والطبقات,12581,المؤتلف والمختلف - الدارقطني,https://shamela.ws/book/12581
26,التراجم والطبقات,10843,تعليقات الدارقطني على المجروحين لابن حبان,https://shamela.ws/book/10843
26,التراجم والطبقات,5881,ذكر أسماء التابعين ومن بعدهم ممن صحت روايته عن الثقات عند البخاري ومسلم,https://shamela.ws/book/5881
26,التراجم والطبقات,8542,المختلف فيهم,https://shamela.ws/book/8542
26,التراجم والطبقات,5818,تاريخ أسماء الثقات,https://shamela.ws/book/5818
26,التراجم والطبقات,11083,تاريخ أسماء الضعفاء والكذابين,https://shamela.ws/book/11083
26,التراجم والطبقات,5800,ذكر من اختلف العلماء ونقاد الحديث فيه,https://shamela.ws/book/5800
26,التراجم والطبقات,133397,الجامع في الجرح والتعديل,https://shamela.ws/book/133397
26,التراجم والطبقات,9244,المبهج في تفسير أسماء شعراء ديوان الحماسة,https://shamela.ws/book/9244
26,التراجم والطبقات,5813,فتح الباب في الكنى والألقاب,https://shamela.ws/book/5813
26,التراجم والطبقات,21481,معرفة الصحابة لابن منده,https://shamela.ws/book/21481
26,التراجم والطبقات,10902,رجال صحيح البخاري = الهداية والإرشاد في معرفة أهل الثقة والسداد,https://shamela.ws/book/10902
26,التراجم والطبقات,13177,معجم الشيوخ لابن جميع الصيداوي,https://shamela.ws/book/13177
26,التراجم والطبقات,30743,تاريخ علماء الأندلس,https://shamela.ws/book/30743
26,التراجم والطبقات,5853,تسمية من أخرجهم البخاري ومسلم,https://shamela.ws/book/5853
26,التراجم والطبقات,1005,تاريخ نيسابور «طبقة شيوخ الحاكم» - جمع البيروتي,https://shamela.ws/book/1005
26,التراجم والطبقات,4017,تلخيص تاريخ نيسابور - الخليفة النيسابوري,https://shamela.ws/book/4017
26,التراجم والطبقات,5804,مشتبه أسامي المحدثين,https://shamela.ws/book/5804
26,التراجم والطبقات,6686,طبقات الصوفية للسلمي ويليه ذكر النسوة المتعبدات الصوفيات,https://shamela.ws/book/6686
26,التراجم والطبقات,608,أسماء من اتفق البخاري ومسلم تصحيح الرواية عنه من الصحابة ومن انفرد كل واحد بإخراج حديثه,https://shamela.ws/book/608
26,التراجم والطبقات,130963,تاريخ علماء أهل مصر,https://shamela.ws/book/130963
26,التراجم والطبقات,11077,تاريخ جرجان,https://shamela.ws/book/11077
26,التراجم والطبقات,5860,رجال صحيح مسلم,https://shamela.ws/book/5860
26,التراجم والطبقات,6743,يتيمة الدهر,https://shamela.ws/book/6743
26,التراجم والطبقات,5843,الضعفاء لأبي نعيم,https://shamela.ws/book/5843
26,التراجم والطبقات,1714,تاريخ أصبهان = أخبار أصبهان,https://shamela.ws/book/1714
26,التراجم والطبقات,10490,معرفة الصحابة لأبي نعيم,https://shamela.ws/book/10490
26,التراجم والطبقات,6651,أخبار أبي حنيفة وأصحابه - ط عالم الكتب,https://shamela.ws/book/6651
26,التراجم والطبقات,1386,تاريخ العلماء النحويين للتنوخي,https://shamela.ws/book/1386
26,التراجم والطبقات,12993,الإرشاد في معرفة علماء الحديث للخليلي,https://shamela.ws/book/12993
26,التراجم والطبقات,148883,رياض النفوس في طبقات علماء القيروان وإفريقية,https://shamela.ws/book/148883
26,التراجم والطبقات,30050,أسماء الخلفاء والولاة وذكر مددهم (مطبوع مع جوامع السيرة),https://shamela.ws/book/30050
26,التراجم والطبقات,30044,أسماء الصحابة الرواة وما لكل واحد من العدد,https://shamela.ws/book/30044
26,التراجم والطبقات,30046,أصحاب الفتيا من الصحابة ومن بعدهم على مراتبهم في كثرة الفتيا,https://shamela.ws/book/30046
26,التراجم والطبقات,30048,جمل فتوح الإسلام بعد رسول الله صلى الله عليه وسلم (مطبوع مع جوامع السيرة),https://shamela.ws/book/30048
26,التراجم والطبقات,22797,مناقب الشافعي للبيهقي,https://shamela.ws/book/22797
26,التراجم والطبقات,132971,الاستغناء في معرفة المشهورين من حملة العلم بالكنى,https://shamela.ws/book/132971
26,التراجم والطبقات,12288,الاستيعاب في معرفة الأصحاب - ت البجاوي,https://shamela.ws/book/12288
26,التراجم والطبقات,1499,الاستيعاب في معرفة الأصحاب - ت التركي,https://shamela.ws/book/1499
26,التراجم والطبقات,6733,الانتقاء في فضائل الثلاثة الأئمة الفقهاء,https://shamela.ws/book/6733
26,التراجم والطبقات,1603,المؤتنف تكملة المؤتلف والمختلف,https://shamela.ws/book/1603
26,التراجم والطبقات,9076,المتفق والمفترق,https://shamela.ws/book/9076
26,التراجم والطبقات,736,تاريخ بغداد - ت بشار,https://shamela.ws/book/736
26,التراجم والطبقات,23764,تاريخ بغداد - ط العلمية,https://shamela.ws/book/23764
26,التراجم والطبقات,6003,تالي تلخيص المتشابه,https://shamela.ws/book/6003
26,التراجم والطبقات,5777,غنية الملتمس إيضاح الملتبس,https://shamela.ws/book/5777
26,التراجم والطبقات,5790,ذيل تاريخ مولد العلماء ووفياتهم,https://shamela.ws/book/5790
26,التراجم والطبقات,5851,التعديل والتجريح لمن خرج له البخاري في الجامع الصحيح,https://shamela.ws/book/5851
26,التراجم والطبقات,843,الإكمال - لابن ماكولا - ت المعلمي,https://shamela.ws/book/843
26,التراجم والطبقات,22659,الإكمال - لابن ماكولا - ط العلمية,https://shamela.ws/book/22659
26,التراجم والطبقات,1250,تهذيب مستمر الأوهام على ذوي المعرفة وأولي الأفهام - ت الشوامي,https://shamela.ws/book/1250
26,التراجم والطبقات,5798,تهذيب مستمر الأوهام على ذوي المعرفة وأولي الأفهام - ت كسروي,https://shamela.ws/book/5798
26,التراجم والطبقات,1031,طبقات الفقهاء,https://shamela.ws/book/1031
26,التراجم والطبقات,5871,وفيات المصريين,https://shamela.ws/book/5871
26,التراجم والطبقات,5742,جذوة المقتبس في ذكر ولاة الأندلس,https://shamela.ws/book/5742
26,التراجم والطبقات,5895,تقييد المهمل وتمييز المشكل - ألقاب الصحابة والتابعين - ط الفضيلة,https://shamela.ws/book/5895
26,التراجم والطبقات,5795,تقييد المهمل وتمييز المشكل - شيوخ البخاري المهملون - ط المغرب,https://shamela.ws/book/5795
26,التراجم والطبقات,872,تقييد المهمل وتمييز المشكل - ط عالم الفوائد,https://shamela.ws/book/872
26,التراجم والطبقات,6654,جزء فيه ذكر أبى القاسم الطبراني,https://shamela.ws/book/6654
26,التراجم والطبقات,5806,معرفة أسامي أرداف النبي,https://shamela.ws/book/5806
26,التراجم والطبقات,5424,الدرة الخطيرة في شعراء الجزيرة,https://shamela.ws/book/5424
26,التراجم والطبقات,5789,ذيل ذيل تاريخ مولد العلماء ووفياتهم,https://shamela.ws/book/5789
26,التراجم والطبقات,1520,طبقات الحنابلة - لابن أبي يعلى - ت العثيمين,https://shamela.ws/book/1520
26,التراجم والطبقات,9543,طبقات الحنابلة - لابن أبي يعلى - ت الفقي,https://shamela.ws/book/9543
26,التراجم والطبقات,1079,المنتخب من كتاب السياق لتاريخ نيسابور - ط إيران,https://shamela.ws/book/1079
26,التراجم والطبقات,12528,المنتخب من كتاب السياق لتاريخ نيسابور - ط الفكر,https://shamela.ws/book/12528
26,التراجم والطبقات,1080,المختصر من كتاب السياق لتاريخ نيسابور - لمجهول,https://shamela.ws/book/1080
26,التراجم والطبقات,21493,سير السلف الصالحين - إسماعيل الأصبهاني,https://shamela.ws/book/21493
26,التراجم والطبقات,1035,الذخيرة في محاسن أهل الجزيرة,https://shamela.ws/book/1035
26,التراجم والطبقات,31316,ترتيب المدارك وتقريب المسالك - ت بكير,https://shamela.ws/book/31316
26,التراجم والطبقات,31215,ترتيب المدارك وتقريب المسالك - ط المغربية,https://shamela.ws/book/31215
26,التراجم والطبقات,996,الاستدراك على الاستيعاب,https://shamela.ws/book/996
26,التراجم والطبقات,12089,منازل الأئمة الأربعة أبي حنيفة ومالك والشافعي وأحمد,https://shamela.ws/book/12089
26,التراجم والطبقات,1694,التحبير في المعجم الكبير,https://shamela.ws/book/1694
26,التراجم والطبقات,21556,المنتخب من معجم شيوخ السمعاني,https://shamela.ws/book/21556
26,التراجم والطبقات,11758,تاريخ بيهق/تعريب,https://shamela.ws/book/11758
26,التراجم والطبقات,273,تتمة صوان الحكمة,https://shamela.ws/book/273
26,التراجم والطبقات,71,تاريخ دمشق لابن عساكر,https://shamela.ws/book/71
26,التراجم والطبقات,6031,الوجيز في ذكر المجاز والمجيز,https://shamela.ws/book/6031
26,التراجم والطبقات,5805,معجم السفر,https://shamela.ws/book/5805
26,التراجم والطبقات,3583,نزهة الألباء في طبقات الأدباء,https://shamela.ws/book/3583
26,التراجم والطبقات,5803,غوامض الأسماء المبهمة,https://shamela.ws/book/5803
26,التراجم والطبقات,96233,تجريد الأسماء والكنى المذكورة في كتاب المتفق والمفترق,https://shamela.ws/book/96233
26,التراجم والطبقات,214,طبقات فقهاء اليمن,https://shamela.ws/book/214
26,التراجم والطبقات,22,أعمار الأعيان,https://shamela.ws/book/22
26,التراجم والطبقات,5830,الضعفاء والمتروكون لابن الجوزي,https://shamela.ws/book/5830
26,التراجم والطبقات,13250,مناقب الإمام أحمد,https://shamela.ws/book/13250
26,التراجم والطبقات,728,بغية الملتمس في تاريخ رجال أهل الأندلس,https://shamela.ws/book/728
26,التراجم والطبقات,90,الكمال في أسماء الرجال,https://shamela.ws/book/90
26,التراجم والطبقات,5392,لطائف الذخيرة وطرائف الجزيرة,https://shamela.ws/book/5392
26,التراجم والطبقات,747,السهم المصيب في الرد على الخطيب - ط العلمية,https://shamela.ws/book/747
26,التراجم والطبقات,9788,معجم الأدباء = إرشاد الأريب إلى معرفة الأديب,https://shamela.ws/book/9788
26,التراجم والطبقات,9584,التقييد لمعرفة رواة السنن والمسانيد,https://shamela.ws/book/9584
26,التراجم والطبقات,5797,تكملة الإكمال - ابن نقطة,https://shamela.ws/book/5797
26,التراجم والطبقات,1559,أسد الغابة في معرفة الصحابة - المطبعة الوهبية,https://shamela.ws/book/1559
26,التراجم والطبقات,1564,أسد الغابة في معرفة الصحابة - ط الشعب,https://shamela.ws/book/1564
26,التراجم والطبقات,1110,أسد الغابة في معرفة الصحابة - ط العلمية,https://shamela.ws/book/1110
26,التراجم والطبقات,23700,أسد الغابة في معرفة الصحابة - ط الفكر,https://shamela.ws/book/23700
26,التراجم والطبقات,151153,الجامع لما في المصنفات الجوامع من أسماء الصحابة,https://shamela.ws/book/151153
26,التراجم والطبقات,17842,المعلم بشيوخ البخاري ومسلم,https://shamela.ws/book/17842
26,التراجم والطبقات,14757,أعلام مالقة,https://shamela.ws/book/14757
26,التراجم والطبقات,11746,تاريخ اربل,https://shamela.ws/book/11746
26,التراجم والطبقات,9271,مطلع الأنوار ونزهة البصائر والأبصار,https://shamela.ws/book/9271
26,التراجم والطبقات,6741,طبقات الفقهاء الشافعية,https://shamela.ws/book/6741
26,التراجم والطبقات,5799,جزء الأوهام في المشايخ النبل,https://shamela.ws/book/5799
26,التراجم والطبقات,729,ذيل تاريخ بغداد - ابن النجار - ط العلمية,https://shamela.ws/book/729
26,التراجم والطبقات,26336,إخبار العلماء بأخبار الحكماء,https://shamela.ws/book/26336
26,التراجم والطبقات,10525,إنباه الرواة على أنباه النحاة,https://shamela.ws/book/10525
26,التراجم والطبقات,13031,المحمدون من الشعراء,https://shamela.ws/book/13031
26,التراجم والطبقات,20990,قلائد الجمان في فرائد شعراء هذا الزمان,https://shamela.ws/book/20990
26,التراجم والطبقات,159,التكملة لوفيات النقلة,https://shamela.ws/book/159
26,التراجم والطبقات,17794,جزء فيه ذكر حال عكرمة مولى عبد الله بن عباس وما قيل فيه,https://shamela.ws/book/17794
26,التراجم والطبقات,746,المذاكرة في ألقاب الشعراء,https://shamela.ws/book/746
26,التراجم والطبقات,26108,تحفة القادم,https://shamela.ws/book/26108
26,التراجم والطبقات,28740,معجم أصحاب القاضي أبي علي الصدفي,https://shamela.ws/book/28740
26,التراجم والطبقات,10798,بغية الطلب فى تاريخ حلب - ت زكار,https://shamela.ws/book/10798
26,التراجم والطبقات,1160,بغية الطلب فى تاريخ حلب - ط الفرقان,https://shamela.ws/book/1160
26,التراجم والطبقات,6687,عيون الأنباء في طبقات الأطباء,https://shamela.ws/book/6687
26,التراجم والطبقات,814,ذيل تكملة الإكمال - ابن العمادية,https://shamela.ws/book/814
26,التراجم والطبقات,678,نور القبس,https://shamela.ws/book/678
26,التراجم والطبقات,14483,الدر الثمين في أسماء المصنفين,https://shamela.ws/book/14483
26,التراجم والطبقات,9702,تهذيب الأسماء واللغات,https://shamela.ws/book/9702
26,التراجم والطبقات,822,تكملة إكمال الإكمال - ابن الصابوني - ط العراق,https://shamela.ws/book/822
26,التراجم والطبقات,21107,تكملة إكمال الإكمال - ابن الصابوني - ط العلمية,https://shamela.ws/book/21107
26,التراجم والطبقات,1000,وفيات الأعيان,https://shamela.ws/book/1000
26,التراجم والطبقات,9235,الغصون اليانعة في محاسن شعراء المائة السابعة,https://shamela.ws/book/9235
26,التراجم والطبقات,8657,الرياض النضرة في مناقب العشرة,https://shamela.ws/book/8657
26,التراجم والطبقات,173,صلة التكملة لوفيات النقلة,https://shamela.ws/book/173
26,التراجم والطبقات,17056,الذيل والتكملة لكتابي الموصول والصلة,https://shamela.ws/book/17056
26,التراجم والطبقات,1030,السفر الخامس من كتاب الذيل,https://shamela.ws/book/1030
26,التراجم والطبقات,3118,مختصر تاريخ دمشق,https://shamela.ws/book/3118
26,التراجم والطبقات,96611,عنوان الدراية فيمن عرف من العلماء في المائة السابعة ببجاية,https://shamela.ws/book/96611
26,التراجم والطبقات,14075,مجمع الآداب في معجم الألقاب,https://shamela.ws/book/14075
26,التراجم والطبقات,321,تحفة الطالبين في ترجمة الإمام محيي الدين,https://shamela.ws/book/321
26,التراجم والطبقات,38157,رسالة في فضل الخلفاء الراشدين,https://shamela.ws/book/38157
26,التراجم والطبقات,22808,فضل أبي بكر الصديق رضي الله عنه,https://shamela.ws/book/22808
26,التراجم والطبقات,6668,السلوك في طبقات العلماء والملوك,https://shamela.ws/book/6668
26,التراجم والطبقات,6603,تحفة الصديق في فضائل أبي بكر الصديق,https://shamela.ws/book/6603
26,التراجم والطبقات,1161,تاريخ البرزالي المقتفي لتاريخ أبي شامة - ت العثيمين,https://shamela.ws/book/1161
26,التراجم والطبقات,28,تاريخ البرزالي المقتفي لتاريخ أبي شامة - ت تدمري,https://shamela.ws/book/28
26,التراجم والطبقات,6649,التمهيد والبيان في مقتل الشهيد عثمان,https://shamela.ws/book/6649
26,التراجم والطبقات,3722,تهذيب الكمال في أسماء الرجال,https://shamela.ws/book/3722
26,التراجم والطبقات,6663,العقود الدرية في مناقب ابن تيمية - ت الفقي,https://shamela.ws/book/6663
26,التراجم والطبقات,10485,العقود الدرية في مناقب ابن تيمية - ط عطاءات العلم,https://shamela.ws/book/10485
26,التراجم والطبقات,1994,طبقات علماء الحديث,https://shamela.ws/book/1994
26,التراجم والطبقات,5817,الرواة الثقات المتكلم فيهم بما لا يوجب ردهم,https://shamela.ws/book/5817
26,التراجم والطبقات,2171,الكاشف في معرفة من له رواية في الكتب الستة,https://shamela.ws/book/2171
26,التراجم والطبقات,151009,المجرد في أسماء رجال سنن ابن ماجه,https://shamela.ws/book/151009
26,التراجم والطبقات,718,المختصر المحتاج إليه من تاريخ ابن الدبيثي - ط العلمية,https://shamela.ws/book/718
26,التراجم والطبقات,167,المستملح من كتاب التكملة,https://shamela.ws/book/167
26,التراجم والطبقات,9869,المعجم المختص بالمحدثين,https://shamela.ws/book/9869
26,التراجم والطبقات,5889,المعين في طبقات المحدثين,https://shamela.ws/book/5889
26,التراجم والطبقات,5836,المغني في الضعفاء,https://shamela.ws/book/5836
26,التراجم والطبقات,7271,المقتنى في سرد الكنى,https://shamela.ws/book/7271
26,التراجم والطبقات,30127,المقدمة ذات النقاب في الألقاب,https://shamela.ws/book/30127
26,التراجم والطبقات,1583,تذكرة الحفاظ = طبقات الحفاظ للذهبي,https://shamela.ws/book/1583
26,التراجم والطبقات,149213,تذهيب تهذيب الكمال في أسماء الرجال,https://shamela.ws/book/149213
26,التراجم والطبقات,10907,تكملة سير أعلام النبلاء - ط الرسالة العالمية,https://shamela.ws/book/10907
26,التراجم والطبقات,6653,ثلاث تراجم نفيسة للأئمة الأعلام,https://shamela.ws/book/6653
26,التراجم والطبقات,96955,ديوان الضعفاء,https://shamela.ws/book/96955
26,التراجم والطبقات,96956,ذيل ديوان الضعفاء,https://shamela.ws/book/96956
26,التراجم والطبقات,22669,سير أعلام النبلاء - ط الحديث,https://shamela.ws/book/22669
26,التراجم والطبقات,10906,سير أعلام النبلاء - ط الرسالة,https://shamela.ws/book/10906
26,التراجم والطبقات,12531,معجم الشيوخ الكبير للذهبي,https://shamela.ws/book/12531
26,التراجم والطبقات,8349,معرفة القراء الكبار على الطبقات والأعصار,https://shamela.ws/book/8349
26,التراجم والطبقات,1892,من تكلم فيه وهو موثق ت أمرير,https://shamela.ws/book/1892
26,التراجم والطبقات,12095,من تكلم فيه وهو موثق ت الرحيلي,https://shamela.ws/book/12095
26,التراجم والطبقات,10461,مناقب الإمام أبي حنيفة وصاحبيه,https://shamela.ws/book/10461
26,التراجم والطبقات,1692,ميزان الاعتدال,https://shamela.ws/book/1692
26,التراجم والطبقات,30063,البدر السافر عن أنس المسافر,https://shamela.ws/book/30063
26,التراجم والطبقات,1045,الطالع السعيد الجامع أسماء نجباء الصعيد,https://shamela.ws/book/1045
26,التراجم والطبقات,6659,الأعلام العلية في مناقب ابن تيمية - ط المكتب الإسلامي,https://shamela.ws/book/6659
26,التراجم والطبقات,17551,الأعلام العلية في مناقب ابن تيمية - ط عطاءات العلم,https://shamela.ws/book/17551
26,التراجم والطبقات,745,المستفاد من ذيل تاريخ بغداد - ط العلمية,https://shamela.ws/book/745
26,التراجم والطبقات,25846,المختلطين للعلائي,https://shamela.ws/book/25846
26,التراجم والطبقات,25864,جامع التحصيل في أحكام المراسيل,https://shamela.ws/book/25864
26,التراجم والطبقات,37551,إكمال تهذيب الكمال - التراجم الساقطة من حرف الحاء,https://shamela.ws/book/37551
26,التراجم والطبقات,89,إكمال تهذيب الكمال - ط العلمية,https://shamela.ws/book/89
26,التراجم والطبقات,36515,إكمال تهذيب الكمال - ط الفاروق,https://shamela.ws/book/36515
26,التراجم والطبقات,20761,الإنابة إلى معرفة المختلف فيهم من الصحابة,https://shamela.ws/book/20761
26,التراجم والطبقات,30191,قطعة من إكمال تهذيب الكمال - ط الفاروق,https://shamela.ws/book/30191
26,التراجم والطبقات,1003,فوات الوفيات,https://shamela.ws/book/1003
26,التراجم والطبقات,131,أعيان العصر وأعوان النصر,https://shamela.ws/book/131
26,التراجم والطبقات,6677,الوافي بالوفيات,https://shamela.ws/book/6677
26,التراجم والطبقات,28182,نكث الهميان في نكت العميان,https://shamela.ws/book/28182
26,التراجم والطبقات,5850,الإكمال في ذكر من له رواية في مسند الإمام أحمد من الرجال,https://shamela.ws/book/5850
26,التراجم والطبقات,7307,ذيل تذكرة الحفاظ للحسيني,https://shamela.ws/book/7307
26,التراجم والطبقات,6739,طبقات الشافعية الكبرى للسبكي,https://shamela.ws/book/6739
26,التراجم والطبقات,26389,معجم الشيوخ للسبكي,https://shamela.ws/book/26389
26,التراجم والطبقات,96228,التكميل في الجرح والتعديل ومعرفة الثقات والضعفاء والمجاهيل,https://shamela.ws/book/96228
26,التراجم والطبقات,12860,طبقات الشافعيين,https://shamela.ws/book/12860
26,التراجم والطبقات,6724,الوفيات - لابن رافع,https://shamela.ws/book/6724
26,التراجم والطبقات,1163,الجواهر المضية فى طبقات الحنفية - ت الحلو,https://shamela.ws/book/1163
26,التراجم والطبقات,6725,الجواهر المضية في طبقات الحنفية - ط النظامية,https://shamela.ws/book/6725
26,التراجم والطبقات,11682,الإحاطة في أخبار غرناطة,https://shamela.ws/book/11682
26,التراجم والطبقات,1027,الكتيبة الكامنة في من لقيناه بالأندلس من شعراء المائة الثامنة,https://shamela.ws/book/1027
26,التراجم والطبقات,4363,المرقبة العليا فيمن يستحق القضاء والفتيا = تاريخ قضاة الأندلس,https://shamela.ws/book/4363
26,التراجم والطبقات,31366,ذيل طبقات الحنابلة - لابن رجب - ت العثيمين,https://shamela.ws/book/31366
26,التراجم والطبقات,1053,ذيل طبقات الحنابلة - لابن رجب - ت الفقي,https://shamela.ws/book/1053
26,التراجم والطبقات,151127,سيرة عبد الملك بن عمر بن عبد العزيز,https://shamela.ws/book/151127
26,التراجم والطبقات,6730,الديباج المذهب في معرفة أعيان علماء المذهب,https://shamela.ws/book/6730
26,التراجم والطبقات,13244,من تكلم فيه الدارقطني في كتاب السنن من الضعفاء والمتروكين والمجهولين,https://shamela.ws/book/13244
26,التراجم والطبقات,16664,العقد المذهب في طبقات حملة المذهب,https://shamela.ws/book/16664
26,التراجم والطبقات,1347,طبقات الأولياء,https://shamela.ws/book/1347
26,التراجم والطبقات,1078,الوفيات - للعراقي,https://shamela.ws/book/1078
26,التراجم والطبقات,110,ذيل العراقي على العبر,https://shamela.ws/book/110
26,التراجم والطبقات,5847,ذيل ميزان الاعتدال,https://shamela.ws/book/5847
26,التراجم والطبقات,120143,أعلام المغرب والأندلس في القرن الثامن,https://shamela.ws/book/120143
26,التراجم والطبقات,5903,الفرائد على مجمع الزوائد «ترجمة الرواة الذين لم يعرفهم الحافظ الهيثمي»,https://shamela.ws/book/5903
26,التراجم والطبقات,10921,الوفيات - لابن قنفذ,https://shamela.ws/book/10921
26,التراجم والطبقات,9984,البلغة في تراجم أئمة النحو واللغة,https://shamela.ws/book/9984
26,التراجم والطبقات,960,تحفة الأبيه فيمن نسب إلى غير أبيه - ضمن نوادر المخطوطات,https://shamela.ws/book/960
26,التراجم والطبقات,1176,المدلسين,https://shamela.ws/book/1176
26,التراجم والطبقات,5838,تحفة التحصيل في ذكر رواة المراسيل,https://shamela.ws/book/5838
26,التراجم والطبقات,112,ذيل ابن العراقي على العبر,https://shamela.ws/book/112
26,التراجم والطبقات,20989,العقد الثمين فى تاريخ البلد الأمين,https://shamela.ws/book/20989
26,التراجم والطبقات,8884,ذيل التقييد في رواة السنن والأسانيد,https://shamela.ws/book/8884
26,التراجم والطبقات,12040,غاية النهاية في طبقات القراء - ط الخانجي,https://shamela.ws/book/12040
26,التراجم والطبقات,111,ذيل المرشدي على العبر,https://shamela.ws/book/111
26,التراجم والطبقات,130,الاغتباط بمن رمي من الرواة بالاختلاط,https://shamela.ws/book/130
26,التراجم والطبقات,1187,التبيين لأسماء المدلسين,https://shamela.ws/book/1187
26,التراجم والطبقات,5832,الكشف الحثيث,https://shamela.ws/book/5832
26,التراجم والطبقات,6660,الرد الوافر,https://shamela.ws/book/6660
26,التراجم والطبقات,5812,توضيح المشتبه,https://shamela.ws/book/5812
26,التراجم والطبقات,6667,السلوك لمعرفة دول الملوك,https://shamela.ws/book/6667
26,التراجم والطبقات,145334,المقفى الكبير,https://shamela.ws/book/145334
26,التراجم والطبقات,5848,مختصر الكامل في الضعفاء,https://shamela.ws/book/5848
26,التراجم والطبقات,6736,طبقات الشافعية لابن قاضى شهبة,https://shamela.ws/book/6736
26,التراجم والطبقات,9767,الإصابة في تمييز الصحابة,https://shamela.ws/book/9767
26,التراجم والطبقات,5861,الإيثار بمعرفة رواة الآثار,https://shamela.ws/book/5861
26,التراجم والطبقات,30171,الدرر الكامنة في أعيان المائة الثامنة - ط الهندية الأولى,https://shamela.ws/book/30171
26,التراجم والطبقات,6674,الدرر الكامنة في أعيان المائة الثامنة - ط الهندية الثانية,https://shamela.ws/book/6674
26,التراجم والطبقات,20861,المجمع المؤسس للمعجم المفهرس,https://shamela.ws/book/20861
26,التراجم والطبقات,4092,تبصير المنتبه بتحرير المشتبه,https://shamela.ws/book/4092
26,التراجم والطبقات,1893,تعجيل المنفعة,https://shamela.ws/book/1893
26,التراجم والطبقات,8609,تقريب التهذيب,https://shamela.ws/book/8609
26,التراجم والطبقات,6662,تقريظ لابن حجر على الرد الوافر,https://shamela.ws/book/6662
26,التراجم والطبقات,1293,تهذيب التهذيب - ط الرسالة,https://shamela.ws/book/1293
26,التراجم والطبقات,1290,تهذيب التهذيب - ط المعرفة,https://shamela.ws/book/1290
26,التراجم والطبقات,3310,تهذيب التهذيب - ط الهندية,https://shamela.ws/book/3310
26,التراجم والطبقات,1278,تهذيب التهذيب - ط دبي,https://shamela.ws/book/1278
26,التراجم والطبقات,12724,رفع الإصر عن قضاة مصر,https://shamela.ws/book/12724
26,التراجم والطبقات,1186,طبقات المدلسين = تعريف أهل التقديس بمراتب الموصوفين بالتدليس,https://shamela.ws/book/1186
26,التراجم والطبقات,36357,لسان الميزان - ت أبي غدة,https://shamela.ws/book/36357
26,التراجم والطبقات,12063,لسان الميزان - ط الهندية,https://shamela.ws/book/12063
26,التراجم والطبقات,5809,نزهة الألباب في الألقاب,https://shamela.ws/book/5809
26,التراجم والطبقات,30072,تقريب تقريب التهذيب,https://shamela.ws/book/30072
26,التراجم والطبقات,203,ذيل لسان الميزان,https://shamela.ws/book/203
26,التراجم والطبقات,10452,مغاني الأخيار في شرح أسامي رجال معاني الآثار,https://shamela.ws/book/10452
26,التراجم والطبقات,20578,بهجة الناظرين إلى تراجم المتأخرين من الشافعية البارعين,https://shamela.ws/book/20578
26,التراجم والطبقات,7313,لحظ الألحاظ بذيل طبقات الحفاظ,https://shamela.ws/book/7313
26,التراجم والطبقات,23156,المنهل الصافي والمستوفى بعد الوافي,https://shamela.ws/book/23156
26,التراجم والطبقات,6669,مورد اللطافة في من ولي السلطنة والخلافة,https://shamela.ws/book/6669
26,التراجم والطبقات,96165,الثقات ممن لم يقع في الكتب الستة,https://shamela.ws/book/96165
26,التراجم والطبقات,10925,تاج التراجم في طبقات الحنفية,https://shamela.ws/book/10925
26,التراجم والطبقات,5890,المقصد الأرشد في ذكر أصحاب الإمام أحمد,https://shamela.ws/book/5890
26,التراجم والطبقات,11786,كنوز الذهب فى تاريخ حلب,https://shamela.ws/book/11786
26,التراجم والطبقات,30088,نهاية السول في رواة الستة الأصول - ت عبد القيوم - ناقص,https://shamela.ws/book/30088
26,التراجم والطبقات,30076,نهاية السول في رواة الستة الأصول - ت عبد المنعم إبراهيم,https://shamela.ws/book/30076
26,التراجم والطبقات,30020,عنوان الزمان بتراجم الشيوخ والأقران جـ 1 - 5,https://shamela.ws/book/30020
26,التراجم والطبقات,7434,التحفة اللطيفة في تاريخ المدينة الشريفة - ط العلمية,https://shamela.ws/book/7434
26,التراجم والطبقات,17372,الجواهر والدرر في ترجمة شيخ الإسلام ابن حجر,https://shamela.ws/book/17372
26,التراجم والطبقات,6675,الضوء اللامع لأهل القرن التاسع,https://shamela.ws/book/6675
26,التراجم والطبقات,317,المنهل العذب الروي,https://shamela.ws/book/317
26,التراجم والطبقات,17657,الجوهر المنضد في طبقات متأخري أصحاب أحمد,https://shamela.ws/book/17657
26,التراجم والطبقات,2994,بحر الدم فيمن تكلم فيه الإمام أحمد بمدح أو ذم,https://shamela.ws/book/2994
26,التراجم والطبقات,17534,تذكرة الحفاظ وتبصرة الأيقاظ,https://shamela.ws/book/17534
26,التراجم والطبقات,17532,ضبط من غبر فيمن قيده ابن حجر,https://shamela.ws/book/17532
26,التراجم والطبقات,12062,محض الصواب في فضائل أمير المؤمنين عمر بن الخطاب,https://shamela.ws/book/12062
26,التراجم والطبقات,5,أسماء المدلسين,https://shamela.ws/book/5
26,التراجم والطبقات,5849,إسعاف المبطأ برجال الموطأ,https://shamela.ws/book/5849
26,التراجم والطبقات,194,الروض الأنيق في فضل الصديق,https://shamela.ws/book/194
26,التراجم والطبقات,193,الغرر في فضائل عمر,https://shamela.ws/book/193
26,التراجم والطبقات,6744,بغية الوعاة في طبقات اللغويين والنحاة,https://shamela.ws/book/6744
26,التراجم والطبقات,7315,ذيل طبقات الحفاظ للسيوطي,https://shamela.ws/book/7315
26,التراجم والطبقات,5802,ريح النسرين فيمن عاش من الصحابة مائة وعشرين,https://shamela.ws/book/5802
26,التراجم والطبقات,5823,طبقات الحفاظ للسيوطي,https://shamela.ws/book/5823
26,التراجم والطبقات,6234,طبقات المفسرين للسيوطي,https://shamela.ws/book/6234
26,التراجم والطبقات,9061,نظم العقيان في أعيان الأعيان,https://shamela.ws/book/9061
26,التراجم والطبقات,860,الروض الباسم في حوادث العمر والتراجم,https://shamela.ws/book/860
26,التراجم والطبقات,5858,خلاصة تذهيب تهذيب الكمال,https://shamela.ws/book/5858
26,التراجم والطبقات,309,الكواكب النيرات في معرفة من اختلط من الرواة الثقات,https://shamela.ws/book/309
26,التراجم والطبقات,27084,طبقات المفسرين للداوودي,https://shamela.ws/book/27084
26,التراجم والطبقات,29560,قلادة النحر في وفيات أعيان الدهر,https://shamela.ws/book/29560
26,التراجم والطبقات,120145,إنباء الأمراء بأنباء الوزراء,https://shamela.ws/book/120145
26,التراجم والطبقات,6723,الشقائق النعمانية في علماء الدولة العثمانية,https://shamela.ws/book/6723
26,التراجم والطبقات,357,المغني في ضبط الأسماء لرواة الأنباء,https://shamela.ws/book/357
26,التراجم والطبقات,30081,كتائب أعلام الأخيار من فقهاء مذهب النعمان المختار,https://shamela.ws/book/30081
26,التراجم والطبقات,322,الطبقات السنية في تراجم الحنفية,https://shamela.ws/book/322
26,التراجم والطبقات,1130,طبقات القاري الأثمار الجنية في أسماء الحنفية - ط ديوان الوقف السني,https://shamela.ws/book/1130
26,التراجم والطبقات,1137,مناقب الإمام الأعظم أبي حنيفة - ط بذيل الجواهر المضية,https://shamela.ws/book/1137
26,التراجم والطبقات,132965,درة الحجال فى أسماء الرجال,https://shamela.ws/book/132965
26,التراجم والطبقات,12731,اتحاف السائل بما لفاطمة من المناقب والفضائل,https://shamela.ws/book/12731
26,التراجم والطبقات,6661,الشهادة الزكية في ثناء الأئمة على ابن تيمية,https://shamela.ws/book/6661
26,التراجم والطبقات,14197,نيل الابتهاج بتطريز الديباج,https://shamela.ws/book/14197
26,التراجم والطبقات,6676,النور السافر عن أخبار القرن العاشر,https://shamela.ws/book/6676
26,التراجم والطبقات,26350,أزهار الرياض في أخبار القاضي عياض,https://shamela.ws/book/26350
26,التراجم والطبقات,96239,بهجة المحافل وأجمل الوسائل بالتعريف برواة الشمائل,https://shamela.ws/book/96239
26,التراجم والطبقات,6729,طبقات المفسرين للأدنه وي,https://shamela.ws/book/6729
26,التراجم والطبقات,5864,الروضة الريا فيمن دفن بداريا,https://shamela.ws/book/5864
26,التراجم والطبقات,10912,الكواكب السائرة بأعيان المئة العاشرة,https://shamela.ws/book/10912
26,التراجم والطبقات,19199,سلم الوصول إلى طبقات الفحول,https://shamela.ws/book/19199
26,التراجم والطبقات,1522,ريحانة الألبا وزهرة الحياة الدنيا,https://shamela.ws/book/1522
26,التراجم والطبقات,6678,خلاصة الأثر في أعيان القرن الحادي عشر,https://shamela.ws/book/6678
26,التراجم والطبقات,579,نفحة الريحانة ورشحة طلاء الحانة,https://shamela.ws/book/579
26,التراجم والطبقات,298,سلافة العصر في محاسن الشعراء بكل مصر,https://shamela.ws/book/298
26,التراجم والطبقات,202,مشيخة أبي المواهب الحنبلي,https://shamela.ws/book/202
26,التراجم والطبقات,1488,ديوان الإسلام,https://shamela.ws/book/1488
26,التراجم والطبقات,9085,تذييل سلافة العصر,https://shamela.ws/book/9085
26,التراجم والطبقات,13226,الروض النضر في ترجمة أدباء العصر,https://shamela.ws/book/13226
26,التراجم والطبقات,9607,سلك الدرر في أعيان القرن الثاني عشر,https://shamela.ws/book/9607
26,التراجم والطبقات,147073,النعت الأكمل لأصحاب الإمام أحمد بن حنبل,https://shamela.ws/book/147073
26,التراجم والطبقات,175,فتح الشكور في معرفة أعيان علماء التكرور,https://shamela.ws/book/175
26,التراجم والطبقات,5455,الروضة الفيحاء في أعلام النساء,https://shamela.ws/book/5455
26,التراجم والطبقات,6671,البدر الطالع بمحاسن من بعد القرن السابع,https://shamela.ws/book/6671
26,التراجم والطبقات,8561,مقامات عبد الرحمن بن حسن,https://shamela.ws/book/8561
26,التراجم والطبقات,144222,السحب الوابلة على ضرائح الحنابلة,https://shamela.ws/book/144222
26,التراجم والطبقات,132617,الفوائد البهية في تراجم الحنفية - ومعه التعليقات السنية,https://shamela.ws/book/132617
26,التراجم والطبقات,17349,التاج المكلل من جواهر مآثر الطراز الآخر والأول,https://shamela.ws/book/17349
26,التراجم والطبقات,5440,مسامرات الظريف بحسن التعريف,https://shamela.ws/book/5440
26,التراجم والطبقات,95696,الوسيط في تراجم أدباء شنقيط,https://shamela.ws/book/95696
26,التراجم والطبقات,9229,الدر المنثور في طبقات ربات الخدور,https://shamela.ws/book/9229
26,التراجم والطبقات,31371,حلية البشر في تاريخ القرن الثالث عشر,https://shamela.ws/book/31371
26,التراجم والطبقات,1584,نزهة الخواطر وبهجة المسامع والنواظر = الإعلام بمن في تاريخ الهند من الأعلام,https://shamela.ws/book/1584
26,التراجم والطبقات,21508,شاعرات العرب في الجاهلية والإسلام,https://shamela.ws/book/21508
26,التراجم والطبقات,1116,التنبيه والإيقاظ,https://shamela.ws/book/1116
26,التراجم والطبقات,7669,شجرة النور الزكية في طبقات المالكية,https://shamela.ws/book/7669
26,التراجم والطبقات,5402,رجال المعلقات العشر,https://shamela.ws/book/5402
26,التراجم والطبقات,18294,إتحاف أعلام الناس بجمال أخبار حاضرة مكناس,https://shamela.ws/book/18294
26,التراجم والطبقات,7472,أبو بكر الصديق أول الخلفاء الراشدين - ت شيحا,https://shamela.ws/book/7472
26,التراجم والطبقات,21515,أبو بكر الصديق أول الخلفاء الراشدين - ط الحلبي,https://shamela.ws/book/21515
26,التراجم والطبقات,552,عثمان بن عفان ذو النورين,https://shamela.ws/book/552
26,التراجم والطبقات,13297,سيرة السيدة عائشة أم المؤمنين,https://shamela.ws/book/13297
26,التراجم والطبقات,1510,محمد بن عبد الوهاب مصلح مظلوم ومفترى عليه,https://shamela.ws/book/1510
26,التراجم والطبقات,1126,مختصر طبقات الحنابلة - ت زمرلي,https://shamela.ws/book/1126
26,التراجم والطبقات,1154,مختصر طبقات الحنابلة - ط الترقي,https://shamela.ws/book/1154
26,التراجم والطبقات,6672,الملحق التابع للبدر الطالع بمحاسن من بعد القرن السابع,https://shamela.ws/book/6672
26,التراجم والطبقات,1037,فهرس الفهارس,https://shamela.ws/book/1037
26,التراجم والطبقات,340,الوحدان - ضمن «آثار المعلمي»,https://shamela.ws/book/340
26,التراجم والطبقات,341,تراجم منتخبة من «التهذيب» و «الميزان» - ضمن «آثار المعلمي»,https://shamela.ws/book/341
26,التراجم والطبقات,520,تنبيهات على الجزء الأول من معجم الأدباء ط أحمد فريد الرفاعي. - ضمن «آثار المعلمي»,https://shamela.ws/book/520
26,التراجم والطبقات,406,ملخص طبقات المدلسين - ضمن «آثار المعلمي»,https://shamela.ws/book/406
26,التراجم والطبقات,115122,الإمام المازري,https://shamela.ws/book/115122
26,التراجم والطبقات,12286,الأعلام للزركلي,https://shamela.ws/book/12286
26,التراجم والطبقات,30120,تراجم الأوائل والخلفاء (الأعلام الصغرى),https://shamela.ws/book/30120
26,التراجم والطبقات,120139,إتحاف المطالع بوفيات أعلام القرن الثالث عشر والرابع,https://shamela.ws/book/120139
26,التراجم والطبقات,11177,داعية التوحيد محمد بن عبد الوهاب,https://shamela.ws/book/11177
26,التراجم والطبقات,11575,مشاهير علماء نجد وغيرهم - ط 1,https://shamela.ws/book/11575
26,التراجم والطبقات,30089,صور من حياة الصحابة,https://shamela.ws/book/30089
26,التراجم والطبقات,14542,صور من حياة الصحابيات,https://shamela.ws/book/14542
26,التراجم والطبقات,3901,معجم المؤلفين,https://shamela.ws/book/3901
26,التراجم والطبقات,17018,تراجم المؤلفين التونسيين,https://shamela.ws/book/17018
26,التراجم والطبقات,132527,تسهيل السابلة لمريد معرفة الحنابلة,https://shamela.ws/book/132527
26,التراجم والطبقات,5075,محمد بن عبد الوهاب داعية التوحيد والتجديد في العصر الحديث,https://shamela.ws/book/5075
26,التراجم والطبقات,850,أعلام الحجاز في القرن الرابع عشر للهجرة,https://shamela.ws/book/850
26,التراجم والطبقات,11170,حياة الشيخ محمد بن عبد الوهاب وآثاره العلمية (مطبوع ضمن بحوث ندوة دعوة الشيخ محمد بن عبد الوهاب، الجزء الأول),https://shamela.ws/book/11170
26,التراجم والطبقات,7550,الإمام محمد بن عبد الوهاب في مدينة الموصل (مطبوع ضمن بحوث ندوة دعوة الشيخ محمد بن عبد الوهاب، الجزء الأول),https://shamela.ws/book/7550
26,التراجم والطبقات,29881,قادة فتح الأندلس,https://shamela.ws/book/29881
26,التراجم والطبقات,10060,ترجمة الشيخ عبد الرحمن الأفريقي,https://shamela.ws/book/10060
26,التراجم والطبقات,30914,الإمام محمد بن عبد الوهاب دعوته وسيرته,https://shamela.ws/book/30914
26,التراجم والطبقات,7511,اعتماد دعوة الشيخ محمد بن عبد الوهاب على الكتاب والسنة - مناع القطان,https://shamela.ws/book/7511
26,التراجم والطبقات,4993,مع صاحب الفضيلة والدنا الشيخ محمد الأمين الشنقيطي رحمه الله,https://shamela.ws/book/4993
26,التراجم والطبقات,7668,الشيخ محمد بن عبد الوهاب في مرآة علماء الشرق والغرب,https://shamela.ws/book/7668
26,التراجم والطبقات,96604,مكانة الإمام أبي حنيفة في الحديث,https://shamela.ws/book/96604
26,التراجم والطبقات,8548,المرأة في حياة إمام الدعوة الشيخ محمد بن عبد الوهاب (مطبوع ضمن بحوث ندوة دعوة الشيخ محمد بن عبد الوهاب، الجزء الأول),https://shamela.ws/book/8548
26,التراجم والطبقات,29879,تراجم رجال الدارقطني في سننه,https://shamela.ws/book/29879
26,التراجم والطبقات,29742,رجال الحاكم في المستدرك,https://shamela.ws/book/29742
26,التراجم والطبقات,96868,نشر الصحيفة في ذكر الصحيح من أقوال أئمة الجرح والتعديل في أبي حنيفة,https://shamela.ws/book/96868
26,التراجم والطبقات,38067,معجم حفاظ القرآن عبر التاريخ,https://shamela.ws/book/38067
26,التراجم والطبقات,96451,أبراج الزجاج في سيرة الحجاج,https://shamela.ws/book/96451
26,التراجم والطبقات,7654,الشيخ محمد بن عبد الوهاب المجدد المفترى عليه,https://shamela.ws/book/7654
26,التراجم والطبقات,11382,محمد بن عبد الوهاب عقيدته السلفية ودعوته الإصلاحية وثناء العلماء عليه,https://shamela.ws/book/11382
26,التراجم والطبقات,7510,اعتماد دعوة الشيخ محمد بن عبد الوهاب على الكتاب والسنة - عبد العزيز آل الشيخ,https://shamela.ws/book/7510
26,التراجم والطبقات,435,موسوعة الأعلام - الأوقاف المصرية,https://shamela.ws/book/435
26,التراجم والطبقات,7507,اعتماد دعوة الشيخ محمد بن عبد الوهاب على الكتاب والسنة - صالح الأطرم,https://shamela.ws/book/7507
26,التراجم والطبقات,285,المداخل إلى آثار شيخ الإسلام ابن تيمية,https://shamela.ws/book/285
26,التراجم والطبقات,1592,طبقات النسابين,https://shamela.ws/book/1592
26,التراجم والطبقات,132530,فائت تسهيل السابلة,https://shamela.ws/book/132530
26,التراجم والطبقات,96179,الغصن الداني في ترجمة وحياة الشيخ عبد الرحمن التنلاني,https://shamela.ws/book/96179
26,التراجم والطبقات,96963,التذييل علي كتب الجرح والتعديل,https://shamela.ws/book/96963
26,التراجم والطبقات,123661,رائد التجديد الإسلامي محمد بن العنابي,https://shamela.ws/book/123661
26,التراجم والطبقات,123662,شيخ الإسلام عبد الكريم الفكون داعية السلفية,https://shamela.ws/book/123662
26,التراجم والطبقات,23687,نساء النبي,https://shamela.ws/book/23687
26,التراجم والطبقات,96533,مواقف لا تنسى - من سيرة والدتي رحمها الله,https://shamela.ws/book/96533
26,التراجم والطبقات,96492,سيرة الشاب الصالح عبد الرحمن بن سعيد بن علي بن وهف القحطاني,https://shamela.ws/book/96492
26,التراجم والطبقات,151040,قرة العين في تلخيص تراجم رجال الصحيحين,https://shamela.ws/book/151040
26,التراجم والطبقات,7467,المجموع في ترجمة العلامة المحدث الشيخ حماد بن محمد الأنصاري (رحمه الله),https://shamela.ws/book/7467
26,التراجم والطبقات,29967,أبو هريرة راوية الإسلام,https://shamela.ws/book/29967
26,التراجم والطبقات,11173,خصائص التفكير الفقهي عند الشيخ محمد بن عبد الوهاب (مطبوع ضمن بحوث ندوة دعوة الشيخ محمد بن عبد الوهاب، الجزء الأول),https://shamela.ws/book/11173
26,التراجم والطبقات,17563,الجامع لسيرة شيخ الإسلام ابن تيمية خلال سبعة قرون وتكملة الجامع,https://shamela.ws/book/17563
26,التراجم والطبقات,13242,نثل النبال بمعجم الرجال,https://shamela.ws/book/13242
26,التراجم والطبقات,12066,من أعلام المجددين,https://shamela.ws/book/12066
26,التراجم والطبقات,31084,من مشاهير المجددين في الإسلام,https://shamela.ws/book/31084
26,التراجم والطبقات,778,بلوغ الأماني في تراجم الرجال الذين لم يعرفهم الإمام الألباني رحمه الله تعالى,https://shamela.ws/book/778
26,التراجم والطبقات,12101,منهج شيخ الإسلام محمد بن عبد الوهاب في التأليف,https://shamela.ws/book/12101
26,التراجم والطبقات,20870,الجامع لعلوم الإمام أحمد - الترجمة,https://shamela.ws/book/20870
26,التراجم والطبقات,2080,المعجم الجامع في تراجم المعاصرين,https://shamela.ws/book/2080
26,التراجم والطبقات,130964,الموسوعة الميسرة في تراجم أئمة التفسير والإقراء والنحو واللغة,https://shamela.ws/book/130964
26,التراجم والطبقات,819,البدور المضية في تراجم الحنفية,https://shamela.ws/book/819
26,التراجم والطبقات,801,الإمام الجعبري شيخ قراء زمانه,https://shamela.ws/book/801
26,التراجم والطبقات,11171,حياة الشيخ محمد بن عبد الوهاب وحقيقة دعوته,https://shamela.ws/book/11171
26,التراجم والطبقات,31079,الشيخ محمد بن عبد الوهاب حياته ودعوته في الرؤية الاستشراقية,https://shamela.ws/book/31079
26,التراجم والطبقات,1767,كشف الإيهام لما تضمنه «تحرير التقريب» من الأوهام,https://shamela.ws/book/1767
26,التراجم والطبقات,1577,الوفيات والأحداث,https://shamela.ws/book/1577
26,التراجم والطبقات,2114,معجم الشعراء العرب,https://shamela.ws/book/2114
26,التراجم والطبقات,30930,دعوة الشيخ محمد عبد الوهاب وأثرها في العالم الإسلامي,https://shamela.ws/book/30930
26,التراجم والطبقات,29982,المعجم الصغير لرواة الإمام ابن جرير الطبري,https://shamela.ws/book/29982
26,التراجم والطبقات,29741,معجم شيوخ الطبري,https://shamela.ws/book/29741
26,التراجم والطبقات,12012,دراسة نقدية في المرويات الواردة في شخصية عمر بن الخطاب وسياسته الإدارية,https://shamela.ws/book/12012
26,التراجم والطبقات,7700,سلسلة مصابيح الهدى,https://shamela.ws/book/7700
26,التراجم والطبقات,888,الإمام الأشعري حياته وأطواره العقدية,https://shamela.ws/book/888
26,التراجم والطبقات,12102,منهج شيخ الإسلام محمد بن عبد الوهاب في التفسير,https://shamela.ws/book/12102
26,التراجم والطبقات,234,الجامع لسيرة الإمام ابن قيم الجوزية خلال ستة قرون,https://shamela.ws/book/234
26,التراجم والطبقات,10884,صحح نسختك من تهذيب الكمال,https://shamela.ws/book/10884
26,التراجم والطبقات,37370,من أعلام السلف,https://shamela.ws/book/37370
26,التراجم والطبقات,29745,إرشاد القاصي والداني إلى تراجم شيوخ الطبراني,https://shamela.ws/book/29745
26,التراجم والطبقات,151202,إرواء الظمي بتراجم رجال سنن الدارمي,https://shamela.ws/book/151202
26,التراجم والطبقات,7852,الدليل المغني لشيوخ الإمام أبي الحسن الدارقطني,https://shamela.ws/book/7852
26,التراجم والطبقات,14463,الروض الباسم في تراجم شيوخ الحاكم,https://shamela.ws/book/14463
26,التراجم والطبقات,123667,السلسبيل النقي في تراجم شيوخ البيهقي,https://shamela.ws/book/123667
26,التراجم والطبقات,151171,المسالك القويمة بتراجم رجال ابن خزيمة، في الصحيح والتوحيد والفوائد,https://shamela.ws/book/151171
26,التراجم والطبقات,1081,بلوغ الأماني بتراجم شيوخ أبي الشيخ الأصبهاني,https://shamela.ws/book/1081
26,التراجم والطبقات,1209,تيسير الودود بتراجم رجال منتقى ابن الجارود,https://shamela.ws/book/1209
26,التراجم والطبقات,12764,موسوعة أقوال أبي الحسن الدارقطني في رجال الحديث وعلله,https://shamela.ws/book/12764
26,التراجم والطبقات,12765,موسوعة أقوال الإمام أحمد بن حنبل في رجال الحديث وعلله,https://shamela.ws/book/12765
26,التراجم والطبقات,1046,الإنصاف والاعتدال عند الحافظ الذهبي,https://shamela.ws/book/1046
26,التراجم والطبقات,21524,معجم أصحاب شيخ الإسلام ابن تيمية,https://shamela.ws/book/21524
26,التراجم والطبقات,11402,أبو زرعة الرازي وجهوده في السنة النبوية,https://shamela.ws/book/11402
26,التراجم والطبقات,23679,معجم أعلام شعراء المدح النبوي,https://shamela.ws/book/23679
26,التراجم والطبقات,7487,احتساب الشيخ محمد بن عبد الوهاب (رحمه الله),https://shamela.ws/book/7487
26,التراجم والطبقات,7512,أعلام السيرة النبوية في القرن الثاني للهجرة,https://shamela.ws/book/7512
26,التراجم والطبقات,11188,دعايات مكثفة ضد الشيخ محمد بن عبد الوهاب,https://shamela.ws/book/11188
26,التراجم والطبقات,132443,عش مع الخلفاء والملوك,https://shamela.ws/book/132443
26,التراجم والطبقات,10302,التعريف بكتاب محنة الإمام أحمد بن حنبل,https://shamela.ws/book/10302
26,التراجم والطبقات,23079,لمحات تاريخية من حياة ابن تيمية,https://shamela.ws/book/23079
26,التراجم والطبقات,1460,الشعلة في شيوخ الخطيب في الرحلة,https://shamela.ws/book/1460
26,التراجم والطبقات,7656,الشيخ الإمام محمد بن عبد الوهاب ومنهجه في مباحث العقيدة,https://shamela.ws/book/7656
26,التراجم والطبقات,4277,محب الدين الخطيب,https://shamela.ws/book/4277
26,التراجم والطبقات,11061,معجم الجرح والتعديل لرجال السنن الكبرى,https://shamela.ws/book/11061
26,التراجم والطبقات,1208,تحفة الغريب بتراجم رجال معجمي الحافظ الطبراني الأوسط والصغير ممن ليس في التهذيب,https://shamela.ws/book/1208
26,التراجم والطبقات,796,التذييل على تهذيب التهذيب,https://shamela.ws/book/796
26,التراجم والطبقات,793,معجم المختلطين,https://shamela.ws/book/793
26,التراجم والطبقات,794,معجم المدلسين,https://shamela.ws/book/794
26,التراجم والطبقات,37379,الصاحب والخليفة أبو بكر الصديق,https://shamela.ws/book/37379
26,التراجم والطبقات,37678,فضائل الصحابة - محمد حسن عبد الغفار,https://shamela.ws/book/37678
26,التراجم والطبقات,95844,أعلام المدرسة الحديثية البغدادية المعاصرة,https://shamela.ws/book/95844
26,التراجم والطبقات,133395,تتمة الأعلام - محمد خير رمضان,https://shamela.ws/book/133395
26,التراجم والطبقات,36031,تكملة معجم المؤلفين - ط 1,https://shamela.ws/book/36031
26,التراجم والطبقات,37651,جلال الدين السيوطي عصره وحياته وآثاره وجهوده في الدرس اللغوي,https://shamela.ws/book/37651
26,التراجم والطبقات,11524,اللواء الركن محمود شيت خطاب,https://shamela.ws/book/11524
26,التراجم والطبقات,10438,الجامع لكتب الضعفاء والمتروكين والكذابين,https://shamela.ws/book/10438
26,التراجم والطبقات,96603,معجم أعلام الجزائر,https://shamela.ws/book/96603
26,التراجم والطبقات,13846,معجم المفسرين «من صدر الإسلام وحتى العصر الحاضر»,https://shamela.ws/book/13846
26,التراجم والطبقات,96856,ألفية أم المؤمنين عائشة - الروضة الأنيقة في نصرة العفيفة الصديقة,https://shamela.ws/book/96856
26,التراجم والطبقات,48,المختصر من أخبار فاطمة بنت سيد البشر صلى الله عليه وآله وسلم,https://shamela.ws/book/48
26,التراجم والطبقات,50,فاطمة بنت النبي - صلى الله عليه وسلم - سيرتها، فضائلها، مسندها - رضي الله عنها -,https://shamela.ws/book/50
26,التراجم والطبقات,115128,لمحات من حياة الشيخ عمر العرباوي,https://shamela.ws/book/115128
26,التراجم والطبقات,121374,إمتاع الفضلاء بتراجم القراء فيما بعد القرن الثامن الهجري,https://shamela.ws/book/121374
26,التراجم والطبقات,123666,إتحاف المرتقي بتراجم شيوخ البيهقي,https://shamela.ws/book/123666
26,التراجم والطبقات,4324,جمهرة تراجم الفقهاء المالكية,https://shamela.ws/book/4324
26,التراجم والطبقات,13553,سيرة الصحابي الجليل مصعب بن عمير - رضي الله عنه -,https://shamela.ws/book/13553
26,التراجم والطبقات,124590,البلاغة العمرية,https://shamela.ws/book/124590
26,التراجم والطبقات,18641,المتفق والمفترق فيمن ذكر بكنيته من الرواة في الكتب الستة,https://shamela.ws/book/18641
26,التراجم والطبقات,14132,مائة من عظماء أمة الإسلام غيروا مجرى التاريخ,https://shamela.ws/book/14132
26,التراجم والطبقات,17900,مصباح الأريب في تقريب الرواة الذين ليسوا في تقريب التهذيب,https://shamela.ws/book/17900
26,التراجم والطبقات,1498,ري الظمآن بتراجم شيوخ ابن حبان,https://shamela.ws/book/1498
26,التراجم والطبقات,256,أم المؤمنين جويرية بنت الحارث,https://shamela.ws/book/256
26,التراجم والطبقات,36386,أم المؤمنين حفصة بنت عمر بن الخطاب,https://shamela.ws/book/36386
26,التراجم والطبقات,95680,أم المؤمنين خديجة بنت خويلد,https://shamela.ws/book/95680
26,التراجم والطبقات,36567,أم المؤمنين زينب بنت جحش,https://shamela.ws/book/36567
26,التراجم والطبقات,23230,أم المؤمنين زينب بنت خزيمة,https://shamela.ws/book/23230
26,التراجم والطبقات,95676,أم المؤمنين سودة بنت زمعة,https://shamela.ws/book/95676
26,التراجم والطبقات,36561,أم المؤمنين عائشة بنت أبي بكر,https://shamela.ws/book/36561
26,التراجم والطبقات,36566,أم المؤمنين مارية القبطية,https://shamela.ws/book/36566
26,التراجم والطبقات,95679,أم المؤمنين ميمونة بنت الحارث,https://shamela.ws/book/95679
26,التراجم والطبقات,127715,تحرير تقريب التهذيب,https://shamela.ws/book/127715
26,التراجم والطبقات,132970,تحفة اللبيب بمن تكلم فيهم الحافظ ابن حجر من الرواة في غير «التقريب»,https://shamela.ws/book/132970
26,التراجم والطبقات,147072,إضافات للنعت الأكمل لأصحاب الإمام أحمد بن حنبل,https://shamela.ws/book/147072
26,التراجم والطبقات,30161,التكميل على تحفة التحصيل,https://shamela.ws/book/30161
26,التراجم والطبقات,539,الأثر الثمين في نصرة عائشة - رضي الله عنها - أم المؤمنين,https://shamela.ws/book/539
26,التراجم والطبقات,609,فتح المنان بسيرة أمير المؤمنين معاوية بن أبي سفيان,https://shamela.ws/book/609
26,التراجم والطبقات,30278,عبق الرياحين في سيرة ذي الجناحين,https://shamela.ws/book/30278
26,التراجم والطبقات,30277,الروض الناضر في سيرة الإمام أبي جعفر الباقر,https://shamela.ws/book/30277
26,التراجم والطبقات,30091,أبو شامة مؤرخ دمشق في عصر الأيوبيين,https://shamela.ws/book/30091
26,التراجم والطبقات,30094,سبط ابن الجوزي المؤرخ الواعظ,https://shamela.ws/book/30094
26,التراجم والطبقات,30136,صفحات مضيئة من حياة عبد الله القصير,https://shamela.ws/book/30136
27,الأنساب,496,حذف من نسب قريش,https://shamela.ws/book/496
27,الأنساب,1486,جمهرة النسب - ابن الكلبي - ت علي عمر,https://shamela.ws/book/1486
27,الأنساب,504,جمهرة النسب - ابن الكلبي - ت فراج,https://shamela.ws/book/504
27,الأنساب,919,جمهرة النسب - ابن الكلبي - ت ناجي,https://shamela.ws/book/919
27,الأنساب,28172,نسب معد واليمن الكبير,https://shamela.ws/book/28172
27,الأنساب,1167,تسمية من روي عنه من أولاد العشرة - ت الجوابرة,https://shamela.ws/book/1167
27,الأنساب,2922,نسب قريش,https://shamela.ws/book/2922
27,الأنساب,26540,مختلف القبائل ومؤتلفها,https://shamela.ws/book/26540
27,الأنساب,26525,جمهرة نسب قريش وأخبارها,https://shamela.ws/book/26525
27,الأنساب,1166,تسمية الإخوة الذين روي عنهم الحديث,https://shamela.ws/book/1166
27,الأنساب,1379,أنساب الأشراف - ت حميد الله,https://shamela.ws/book/1379
27,الأنساب,9773,أنساب الأشراف - ط الفكر,https://shamela.ws/book/9773
27,الأنساب,28170,نسب عدنان وقحطان,https://shamela.ws/book/28170
27,الأنساب,352,الإكليل,https://shamela.ws/book/352
27,الأنساب,26,الإخوة والأخوات - الدارقطني,https://shamela.ws/book/26
27,الأنساب,492,الإيناس بعلم الأنساب,https://shamela.ws/book/492
27,الأنساب,9793,جمهرة أنساب العرب - ابن حزم,https://shamela.ws/book/9793
27,الأنساب,6696,الإنباه على قبائل الرواة - ت الإبياري,https://shamela.ws/book/6696
27,الأنساب,1494,الإنباه فى ذكر القبائل الرواة - ت التركي,https://shamela.ws/book/1494
27,الأنساب,21552,الأنساب المتفقة - ط ليدن,https://shamela.ws/book/21552
27,الأنساب,5794,الأنساب المتفقة = المؤتلف والمختلف - ت الحوت,https://shamela.ws/book/5794
27,الأنساب,491,الأنساب للصحاري,https://shamela.ws/book/491
27,الأنساب,1656,الأنساب - السمعاني - ط أمين دمج,https://shamela.ws/book/1656
27,الأنساب,1660,الأنساب - السمعاني - ط الجنان والفكر,https://shamela.ws/book/1660
27,الأنساب,12317,الأنساب - السمعاني - ط الهندية,https://shamela.ws/book/12317
27,الأنساب,355,لباب الأنساب والألقاب والأعقاب,https://shamela.ws/book/355
27,الأنساب,96966,عجالة المبتدي وفضالة المنتهي في النسب,https://shamela.ws/book/96966
27,الأنساب,487,التعريف بالأنساب والتنويه بذوي الأحساب,https://shamela.ws/book/487
27,الأنساب,5793,اللباب في تهذيب الأنساب,https://shamela.ws/book/5793
27,الأنساب,26484,الجوهرة في نسب النبي وأصحابه العشرة,https://shamela.ws/book/26484
27,الأنساب,948,أخبار قبائل الخزرج,https://shamela.ws/book/948
27,الأنساب,315,قلائد الجمان في التعريف بقبائل عرب الزمان,https://shamela.ws/book/315
27,الأنساب,31382,نهاية الأرب في معرفة أنساب العرب,https://shamela.ws/book/31382
27,الأنساب,7418,لب اللباب في تحرير الأنساب,https://shamela.ws/book/7418
27,الأنساب,96236,ذيل لب اللباب في تحرير الأنساب,https://shamela.ws/book/96236
27,الأنساب,30744,تحفة المحبين والأصحاب فى معرفة ما للمدنيين من الأنساب,https://shamela.ws/book/30744
27,الأنساب,410,الدرر المفاخر في أخبار العرب الأواخر,https://shamela.ws/book/410
27,الأنساب,31381,مختصر فتح رب الأرباب بما أهمل في لب اللباب من واجب الأنساب,https://shamela.ws/book/31381
27,الأنساب,494,المنتخب في ذكر نسب قبائل العرب,https://shamela.ws/book/494
27,الأنساب,498,عشائر العراق,https://shamela.ws/book/498
27,الأنساب,12402,معجم قبائل العرب القديمة والحديثة,https://shamela.ws/book/12402
27,الأنساب,490,إسعاف الأعيان في أنساب أهل عمان,https://shamela.ws/book/490
27,الأنساب,26574,معجم قبائل المملكة العربية السعودية,https://shamela.ws/book/26574
27,الأنساب,95861,إرشاد الحائر إلى معرفة قبيلة فلان في جنوب الجزائر,https://shamela.ws/book/95861
27,الأنساب,897,موسوعة القبائل العربية,https://shamela.ws/book/897
27,الأنساب,147374,معجم أسر بريدة,https://shamela.ws/book/147374
27,الأنساب,318,آل الجرباء في التاريخ والأدب,https://shamela.ws/book/318
27,الأنساب,36105,الجوس في المنسوب إلى دوس,https://shamela.ws/book/36105
27,الأنساب,132412,نسبة ومنسوب,https://shamela.ws/book/132412
27,الأنساب,1164,استدراك ما فات من الإخوة والأخوات,https://shamela.ws/book/1164
27,الأنساب,145423,التصغير في ألقاب الأسر,https://shamela.ws/book/145423
27,الأنساب,370,الحمادية,https://shamela.ws/book/370
28,البلدان والرحلات,6956,التبصرة بالتجارة في وصف ما يستظرف في البلدان من الأمتعة الرفيعة والأعلاق النفيسة والجواهر الثمينة,https://shamela.ws/book/6956
28,البلدان والرحلات,992,أسماء جبال تهامة وسكانها - ضمن نوادر المخطوطات,https://shamela.ws/book/992
28,البلدان والرحلات,11800,المسالك والممالك لابن خرداذبة,https://shamela.ws/book/11800
28,البلدان والرحلات,10808,البلدان لليعقوبي,https://shamela.ws/book/10808
28,البلدان والرحلات,11772,رساله ابن فضلان = رحلة ابن فضلان الى بلاد الترك والروس والصقالبة,https://shamela.ws/book/11772
28,البلدان والرحلات,11269,رحلة السيرافى,https://shamela.ws/book/11269
28,البلدان والرحلات,12521,صفة جزيرة العرب,https://shamela.ws/book/12521
28,البلدان والرحلات,11685,البلدان لابن الفقيه,https://shamela.ws/book/11685
28,البلدان والرحلات,10791,المسالك والممالك للاصطخري أو مسالك الممالك - ليدن,https://shamela.ws/book/10791
28,البلدان والرحلات,11680,المسالك والممالك للاصطخري أو مسالك الممالك - مصر,https://shamela.ws/book/11680
28,البلدان والرحلات,11568,آكام المرجان فى ذكر المدائن المشهورة فى كل مكان,https://shamela.ws/book/11568
28,البلدان والرحلات,725,الديارات للأصبهاني,https://shamela.ws/book/725
28,البلدان والرحلات,405,فضائل مصر المحروسة,https://shamela.ws/book/405
28,البلدان والرحلات,11780,صورة الأرض,https://shamela.ws/book/11780
28,البلدان والرحلات,10809,حدود العالم من المشرق الى المغرب,https://shamela.ws/book/10809
28,البلدان والرحلات,23696,أحسن التقاسيم في معرفة الأقاليم,https://shamela.ws/book/23696
28,البلدان والرحلات,11785,المسالك والممالك للمهلبي = العزيزي,https://shamela.ws/book/11785
28,البلدان والرحلات,589,الديارات للشابشتي,https://shamela.ws/book/589
28,البلدان والرحلات,11655,تحقيق ما للهند من مقولة مقبولة في العقل أو مرذولة,https://shamela.ws/book/11655
28,البلدان والرحلات,6707,سفر نامه,https://shamela.ws/book/6707
28,البلدان والرحلات,23849,المسالك والممالك للبكري,https://shamela.ws/book/23849
28,البلدان والرحلات,11802,معجم ما استعجم من اسماء البلاد والمواضع,https://shamela.ws/book/11802
28,البلدان والرحلات,957,الرسالة المصرية - ضمن نوادر المخطوطات,https://shamela.ws/book/957
28,البلدان والرحلات,7287,الجبال والأمكنة والمياه,https://shamela.ws/book/7287
28,البلدان والرحلات,11684,الاستبصار فى عجائب الامصار,https://shamela.ws/book/11684
28,البلدان والرحلات,11787,نزهة المشتاق فى اختراق الآفاق,https://shamela.ws/book/11787
28,البلدان والرحلات,11681,رحلة بنيامين التطيلى,https://shamela.ws/book/11681
28,البلدان والرحلات,122,الأماكن، ما اتفق لفظه وافترق مسماه,https://shamela.ws/book/122
28,البلدان والرحلات,1599,فضائل بيت المقدس - ابن الجوزي - ط الآفاق,https://shamela.ws/book/1599
28,البلدان والرحلات,26674,مثير العزم الساكن إلى أشرف الأماكن ط الراية,https://shamela.ws/book/26674
28,البلدان والرحلات,10437,مثير الغرام الساكن إلى أشرف الأماكن ط دار الحديث,https://shamela.ws/book/10437
28,البلدان والرحلات,10797,الاشارات الى معرفة الزيارات,https://shamela.ws/book/10797
28,البلدان والرحلات,10883,رحلة ابن جبير ط دار الهلال,https://shamela.ws/book/10883
28,البلدان والرحلات,11203,رحلة ابن جبير ط دار بيروت,https://shamela.ws/book/11203
28,البلدان والرحلات,11789,مرشد الزوار الى قبور الابرار,https://shamela.ws/book/11789
28,البلدان والرحلات,5379,الخزل والدأل بين الدور والدارات والديرة,https://shamela.ws/book/5379
28,البلدان والرحلات,23735,معجم البلدان,https://shamela.ws/book/23735
28,البلدان والرحلات,37031,الإفادة والاعتبار في الأمور المشاهدة والحوادث المعاينة بأرض مصر,https://shamela.ws/book/37031
28,البلدان والرحلات,557,الدرة الثمينة في أخبار المدينة - ط بحوث المدينة,https://shamela.ws/book/557
28,البلدان والرحلات,26662,الدرة الثمينة في أخبار المدينة - ط دار الأرقم,https://shamela.ws/book/26662
28,البلدان والرحلات,9631,آثار البلاد وأخبار العباد,https://shamela.ws/book/9631
28,البلدان والرحلات,30006,عجائب المخلوقات وغرائب الموجودات,https://shamela.ws/book/30006
28,البلدان والرحلات,758,الأعلاق الخطيرة في ذكر أمراء الشام والجزيرة,https://shamela.ws/book/758
28,البلدان والرحلات,463,الجغرافيا,https://shamela.ws/book/463
28,البلدان والرحلات,471,تاريخ المستبصر,https://shamela.ws/book/471
28,البلدان والرحلات,11484,مراصد الاطلاع على أسماء الأمكنة والبقاع,https://shamela.ws/book/11484
28,البلدان والرحلات,215,التعريف بما أنست الهجرة من معالم دار الهجرة,https://shamela.ws/book/215
28,البلدان والرحلات,30189,مسالك الأبصار في ممالك الأمصار - ط العلمية,https://shamela.ws/book/30189
28,البلدان والرحلات,11790,مسالك الأبصار في ممالك الأمصار - ط المجمع الثقافي,https://shamela.ws/book/11790
28,البلدان والرحلات,30188,مسالك الأبصار في ممالك الأمصار - ط عالم الكتب,https://shamela.ws/book/30188
28,البلدان والرحلات,478,تاج المفرق في تحلية علماء المشرق,https://shamela.ws/book/478
28,البلدان والرحلات,1042,بهجة النفوس والأسرار في تاريخ دار هجرة النبي المختار,https://shamela.ws/book/1042
28,البلدان والرحلات,474,خطرة الطيف في رحلة الشتاء والصيف,https://shamela.ws/book/474
28,البلدان والرحلات,11940,معيار الاختيار فى ذكر المعاهد والديار,https://shamela.ws/book/11940
28,البلدان والرحلات,477,نفاضة الجراب في علالة الاغتراب,https://shamela.ws/book/477
28,البلدان والرحلات,11769,رحلة ابن بطوطة ط أكاديمية المملكة المغربية,https://shamela.ws/book/11769
28,البلدان والرحلات,12009,رحلة ابن بطوطة ط دار الشرق العربي,https://shamela.ws/book/12009
28,البلدان والرحلات,151143,فضائل الشام,https://shamela.ws/book/151143
28,البلدان والرحلات,37022,رحلة ابن خلدون,https://shamela.ws/book/37022
28,البلدان والرحلات,1172,المغانم المطابة في معالم طابة,https://shamela.ws/book/1172
28,البلدان والرحلات,36150,اختصار الأخبار عما كان بثغر سبتة من سني الآثار,https://shamela.ws/book/36150
28,البلدان والرحلات,11566,المواعظ والاعتبار بذكر الخطط والآثار - ط العلمية,https://shamela.ws/book/11566
28,البلدان والرحلات,11500,المواعظ والاعتبار في ذكر الخطط والآثار - ت أيمن فؤاد سيد,https://shamela.ws/book/11500
28,البلدان والرحلات,3298,خريدة العجائب وفريدة الغرائب,https://shamela.ws/book/3298
28,البلدان والرحلات,14045,إتحاف الأخصا بفضائل المسجد الأقصى - ت أحمد رمضان,https://shamela.ws/book/14045
28,البلدان والرحلات,1043,الروض المعطار في خبر الأقطار,https://shamela.ws/book/1043
28,البلدان والرحلات,1344,صفة جزيرة الأندلس,https://shamela.ws/book/1344
28,البلدان والرحلات,1050,التحفة اللطيفة في تاريخ المدينة الشريفة - ط مركز دراسات المدينة,https://shamela.ws/book/1050
28,البلدان والرحلات,23695,وفاء الوفاء بأخبار دار المصطفى,https://shamela.ws/book/23695
28,البلدان والرحلات,30144,بلاد العرب,https://shamela.ws/book/30144
28,البلدان والرحلات,37060,المطالع البدرية في المنازل الرومية,https://shamela.ws/book/37060
28,البلدان والرحلات,476,حادي الأظعان النجدية إلى الديار المصرية,https://shamela.ws/book/476
28,البلدان والرحلات,37345,رحلة الشتاء والصيف,https://shamela.ws/book/37345
28,البلدان والرحلات,12086,النفحة المسكية فى الرحلة المكية,https://shamela.ws/book/12086
28,البلدان والرحلات,475,غرائب الاغتراب,https://shamela.ws/book/475
28,البلدان والرحلات,1468,الخطط التوفيقية الجديدة,https://shamela.ws/book/1468
28,البلدان والرحلات,37007,رسائل البشرى في السياحة بألمانيا وسويسرا,https://shamela.ws/book/37007
28,البلدان والرحلات,6710,منادمة الأطلال ومسامرة الخيال,https://shamela.ws/book/6710
28,البلدان والرحلات,11788,نهر الذهب فى تاريخ حلب,https://shamela.ws/book/11788
28,البلدان والرحلات,38159,الرحلة التتويجية لعاصمة البلاد الإنجليزية,https://shamela.ws/book/38159
28,البلدان والرحلات,37063,خطط الشام,https://shamela.ws/book/37063
28,البلدان والرحلات,37027,الرحلة الشامية,https://shamela.ws/book/37027
28,البلدان والرحلات,20555,الرحلة إلى إفريقيا,https://shamela.ws/book/20555
28,البلدان والرحلات,292,رحلة الحج إلى بيت الله الحرام,https://shamela.ws/book/292
28,البلدان والرحلات,9287,الجامع الأموي في دمشق,https://shamela.ws/book/9287
28,البلدان والرحلات,38107,معالم مكة التأريخية والأثرية,https://shamela.ws/book/38107
28,البلدان والرحلات,9777,معجم المعالم الجغرافية في السيرة النبوية,https://shamela.ws/book/9777
28,البلدان والرحلات,23677,المعالم الأثيرة في السنة والسيرة,https://shamela.ws/book/23677
28,البلدان والرحلات,10257,ذكرياتي في إفريقيا,https://shamela.ws/book/10257
28,البلدان والرحلات,6701,فضائل الأندلس وأهلها,https://shamela.ws/book/6701
28,البلدان والرحلات,429,تعريف بالأماكن الواردة في البداية والنهاية لابن كثير,https://shamela.ws/book/429
28,البلدان والرحلات,12054,قواعد الجغرافيا العامة الطبيعية والبشرية,https://shamela.ws/book/12054
28,البلدان والرحلات,7468,المدخل إلى علم الجغرافيا والبيئة,https://shamela.ws/book/7468
28,البلدان والرحلات,2021,الجغرافيا المناخية والنباتية,https://shamela.ws/book/2021
28,البلدان والرحلات,8569,المقدمات في الجغرافيا الطبيعية,https://shamela.ws/book/8569
28,البلدان والرحلات,2094,جغرافية المناخ والنبات,https://shamela.ws/book/2094
28,البلدان والرحلات,145427,سبب تسمية «الشقة» بهذا الاسم,https://shamela.ws/book/145427
29,كتب اللغة,133417,النوادر في اللغة لأبي زيد الأنصاري,https://shamela.ws/book/133417
29,كتب اللغة,7508,إصلاح المنطق,https://shamela.ws/book/7508
29,كتب اللغة,5420,القلب والإبدال,https://shamela.ws/book/5420
29,كتب اللغة,29605,الملاحن,https://shamela.ws/book/29605
29,كتب اللغة,17819,المذكر والمؤنث,https://shamela.ws/book/17819
29,كتب اللغة,6925,الألفاظ = الكتابة والتعبير,https://shamela.ws/book/6925
29,كتب اللغة,14565,المقصور والممدود لابن ولاد,https://shamela.ws/book/14565
29,كتب اللغة,14569,المقصور والممدود المنسوب لأبي عمر الزاهد,https://shamela.ws/book/14569
29,كتب اللغة,14443,تصحيح الفصيح وشرحه,https://shamela.ws/book/14443
29,كتب اللغة,37469,الإتباع - أبو الطيب اللغوي,https://shamela.ws/book/37469
29,كتب اللغة,6934,الإتباع - أبو علي القالي,https://shamela.ws/book/6934
29,كتب اللغة,20949,المقصور والممدود لأبي علي القالي,https://shamela.ws/book/20949
29,كتب اللغة,6722,أخبار المصحفين,https://shamela.ws/book/6722
29,كتب اللغة,2449,تصحيفات المحدثين - العسكري,https://shamela.ws/book/2449
29,كتب اللغة,12017,سر صناعة الإعراب,https://shamela.ws/book/12017
29,كتب اللغة,9977,الصاحبي في فقه اللغة العربية ومسائلها وسنن العرب في كلامها,https://shamela.ws/book/9977
29,كتب اللغة,11235,فقه اللغة وسر العربية,https://shamela.ws/book/11235
29,كتب اللغة,11724,إسفار الفصيح,https://shamela.ws/book/11724
29,كتب اللغة,6920,درة الغواص في أوهام الخواص,https://shamela.ws/book/6920
29,كتب اللغة,18275,رسائل في اللغة (رسائل ابن السيد البطليوسي),https://shamela.ws/book/18275
29,كتب اللغة,29604,التكملة والذيل على درة الغواص = التكملة فيما يلحن فيه العامة,https://shamela.ws/book/29604
29,كتب اللغة,9250,إيضاح شواهد الإيضاح,https://shamela.ws/book/9250
29,كتب اللغة,7502,أسرار العربية,https://shamela.ws/book/7502
29,كتب اللغة,148096,المدخل إلى تقويم اللسان,https://shamela.ws/book/148096
29,كتب اللغة,29601,الحواشي على درة الغواص لابن بري وابن ظفر,https://shamela.ws/book/29601
29,كتب اللغة,14567,معرفة الفرق بين الضاد والظاء,https://shamela.ws/book/14567
29,كتب اللغة,37482,متن موطأة الفصيح نظم فصيح ثعلب,https://shamela.ws/book/37482
29,كتب اللغة,14568,منظومة المقصور والممدود,https://shamela.ws/book/14568
29,كتب اللغة,14603,الفرق بين الضاد والظاء,https://shamela.ws/book/14603
29,كتب اللغة,6935,الإتباع - السيوطي,https://shamela.ws/book/6935
29,كتب اللغة,6936,المزهر في علوم اللغة وأنواعها,https://shamela.ws/book/6936
29,كتب اللغة,6921,سهم الألحاظ في وهم الألفاظ,https://shamela.ws/book/6921
29,كتب اللغة,29600,شرح درة الغواص للشهاب الخفاجي,https://shamela.ws/book/29600
29,كتب اللغة,95576,حكمة الإشراق إلى كتاب الآفاق - ط المدني,https://shamela.ws/book/95576
29,كتب اللغة,984,حكمة الإشراق في كتاب الآفاق - ضمن نوادر المخطوطات,https://shamela.ws/book/984
29,كتب اللغة,97799,المطالع النصرية للمطابع المصرية في الأصول الخطية,https://shamela.ws/book/97799
29,كتب اللغة,35073,البلغة الى أصول اللغة,https://shamela.ws/book/35073
29,كتب اللغة,150964,معجم تيمور الكبير في الألفاظ العامية,https://shamela.ws/book/150964
29,كتب اللغة,11563,اللغة,https://shamela.ws/book/11563
29,كتب اللغة,325,أنظام لغوية - ضمن «آثار المعلمي»,https://shamela.ws/book/325
29,كتب اللغة,507,اختصار كتاب «درة الغواص» - ضمن «آثار المعلمي»,https://shamela.ws/book/507
29,كتب اللغة,532,الفوائد اللغوية - ضمن «آثار المعلمي»,https://shamela.ws/book/532
29,كتب اللغة,505,ضبط فعلين في متن الأزهار و (فائدتان) - ضمن «آثار المعلمي»,https://shamela.ws/book/505
29,كتب اللغة,501,طرائف في العربية - ضمن «آثار المعلمي»,https://shamela.ws/book/501
29,كتب اللغة,508,فوائد منتقاة من كتاب الكنز المدفون - ضمن «آثار المعلمي»,https://shamela.ws/book/508
29,كتب اللغة,7818,الإملاء والترقيم في الكتابة العربية,https://shamela.ws/book/7818
29,كتب اللغة,11422,أسس علم اللغة,https://shamela.ws/book/11422
29,كتب اللغة,150601,تقويم اللسانين,https://shamela.ws/book/150601
29,كتب اللغة,10141,حديث مع زائر كريم = بحث في اشتقاق كلمة تلمود,https://shamela.ws/book/10141
29,كتب اللغة,9998,دراسات في فقه اللغة,https://shamela.ws/book/9998
29,كتب اللغة,38212,قواعد الإملاء,https://shamela.ws/book/38212
29,كتب اللغة,11490,علم اللغة,https://shamela.ws/book/11490
29,كتب اللغة,11541,المدخل إلى علم اللغة ومناهج البحث اللغوي,https://shamela.ws/book/11541
29,كتب اللغة,15043,بحوث ومقالات في اللغة,https://shamela.ws/book/15043
29,كتب اللغة,2053,أخطاء اللغة العربية المعاصرة عند الكتاب والإذاعيين,https://shamela.ws/book/2053
29,كتب اللغة,8670,البحث اللغوي عند العرب,https://shamela.ws/book/8670
29,كتب اللغة,9970,اللغة العربية معناها ومبناها,https://shamela.ws/book/9970
29,كتب اللغة,11540,مناهج البحث في اللغة,https://shamela.ws/book/11540
29,كتب اللغة,10376,الراغب الأصفهاني وجهوده في اللغة,https://shamela.ws/book/10376
29,كتب اللغة,9996,دراسات في علم اللغة,https://shamela.ws/book/9996
29,كتب اللغة,11299,علم اللغة العربية,https://shamela.ws/book/11299
29,كتب اللغة,10206,دراسات في أصول اللغات العربية,https://shamela.ws/book/10206
29,كتب اللغة,2112,قاموس الإملاء,https://shamela.ws/book/2112
29,كتب اللغة,2219,معجم تصحيح لغة الإعلام العربي,https://shamela.ws/book/2219
29,كتب اللغة,3598,الأزمنة في اللغة العربية بالمقارنة مع اللغات الأجنبية,https://shamela.ws/book/3598
29,كتب اللغة,11751,دراسات لغوية في أمهات كتب اللغة,https://shamela.ws/book/11751
29,كتب اللغة,22640,أبو تراب اللغوي وكتابه الاعتقاب,https://shamela.ws/book/22640
29,كتب اللغة,11191,أصول علم العربية في المدينة,https://shamela.ws/book/11191
29,كتب اللغة,1539,موت الألفاظ في العربية,https://shamela.ws/book/1539
29,كتب اللغة,1122,مغالطات لغوية,https://shamela.ws/book/1122
29,كتب اللغة,1443,الدرة الأرجوزة فى رسم الكلم المهموزة,https://shamela.ws/book/1443
29,كتب اللغة,4,الطريق المستقيم في نظم علامات الترقيم,https://shamela.ws/book/4
29,كتب اللغة,10019,علم اللغة مقدمة للقارئ العربي,https://shamela.ws/book/10019
29,كتب اللغة,10748,اللغة وعلم اللغة,https://shamela.ws/book/10748
29,كتب اللغة,8709,الآثار التربوية لدراسة اللغة العربية,https://shamela.ws/book/8709
29,كتب اللغة,8707,الإبدال في لغات الأزد دراسة صوتية في ضوء علم اللغة الحديث,https://shamela.ws/book/8707
29,كتب اللغة,3538,اللباب في قواعد اللغة وآلات الأدب النحو والصرف والبلاغة والعروض واللغة والمثل,https://shamela.ws/book/3538
29,كتب اللغة,36322,أثر القراءات القرآنية في الصناعة المعجمية تاج العروس نموذجا,https://shamela.ws/book/36322
29,كتب اللغة,150958,أعجمي فالعب به,https://shamela.ws/book/150958
30,الغريب والمعاجم,1682,العين,https://shamela.ws/book/1682
30,الغريب والمعاجم,7302,الجيم,https://shamela.ws/book/7302
30,الغريب والمعاجم,7048,الأزمنة وتلبية الجاهلية,https://shamela.ws/book/7048
30,الغريب والمعاجم,8826,الشاء,https://shamela.ws/book/8826
30,الغريب والمعاجم,5405,خلق الإنسان,https://shamela.ws/book/5405
30,الغريب والمعاجم,1750,الغريب المصنف - ت العبيدي,https://shamela.ws/book/1750
30,الغريب والمعاجم,1536,الغريب المصنف - قطعة ضمن مجلة الجامعة الإسلامية,https://shamela.ws/book/1536
30,الغريب والمعاجم,32196,غريب الحديث - أبو عبيد - ط المصرية,https://shamela.ws/book/32196
30,الغريب والمعاجم,1309,غريب الحديث - أبو عبيد - ط الهندية,https://shamela.ws/book/1309
30,الغريب والمعاجم,7052,كتاب السلاح من «الغريب المصنف» ت الضامن,https://shamela.ws/book/7052
30,الغريب والمعاجم,5376,نوادر أبي مسحل,https://shamela.ws/book/5376
30,الغريب والمعاجم,8533,الكنز اللغوي في اللسان العربي,https://shamela.ws/book/8533
30,الغريب والمعاجم,13249,كتاب الألفاظ لابن السكيت,https://shamela.ws/book/13249
30,الغريب والمعاجم,7056,الفرق للسجستاني,https://shamela.ws/book/7056
30,الغريب والمعاجم,18197,إصلاح غلط أبي عبيد في غريب الحديث,https://shamela.ws/book/18197
30,الغريب والمعاجم,9228,الجراثيم,https://shamela.ws/book/9228
30,الغريب والمعاجم,5357,رسالة الخط والقلم,https://shamela.ws/book/5357
30,الغريب والمعاجم,7012,غريب الحديث - ابن قتيبة,https://shamela.ws/book/7012
30,الغريب والمعاجم,14041,التقفية في اللغة,https://shamela.ws/book/14041
30,الغريب والمعاجم,13133,غريب الحديث - إبراهيم الحربي,https://shamela.ws/book/13133
30,الغريب والمعاجم,96608,الفصيح,https://shamela.ws/book/96608
30,الغريب والمعاجم,9654,الدلائل في غريب الحديث,https://shamela.ws/book/9654
30,الغريب والمعاجم,14323,المنتخب من كلام العرب,https://shamela.ws/book/14323
30,الغريب والمعاجم,36950,المنجد في اللغة,https://shamela.ws/book/36950
30,الغريب والمعاجم,7032,جمهرة اللغة,https://shamela.ws/book/7032
30,الغريب والمعاجم,17077,الأضداد لابن الأنباري,https://shamela.ws/book/17077
30,الغريب والمعاجم,5644,الزاهر في معاني كلمات الناس,https://shamela.ws/book/5644
30,الغريب والمعاجم,7053,العشرات في غريب اللغة,https://shamela.ws/book/7053
30,الغريب والمعاجم,9263,معجم ديوان الأدب,https://shamela.ws/book/9263
30,الغريب والمعاجم,14320,البارع في اللغة,https://shamela.ws/book/14320
30,الغريب والمعاجم,99,المذكر والمؤنث,https://shamela.ws/book/99
30,الغريب والمعاجم,16406,الأفعال - ابن القوطية,https://shamela.ws/book/16406
30,الغريب والمعاجم,11319,الزاهر في غريب ألفاظ الشافعي,https://shamela.ws/book/11319
30,الغريب والمعاجم,7031,تهذيب اللغة,https://shamela.ws/book/7031
30,الغريب والمعاجم,83,المحيط في اللغة,https://shamela.ws/book/83
30,الغريب والمعاجم,12077,مفاتيح العلوم,https://shamela.ws/book/12077
30,الغريب والمعاجم,6923,إصلاح غلط المحدثين,https://shamela.ws/book/6923
30,الغريب والمعاجم,12042,غريب الحديث - الخطابي,https://shamela.ws/book/12042
30,الغريب والمعاجم,23235,الصحاح تاج اللغة وصحاح العربية,https://shamela.ws/book/23235
30,الغريب والمعاجم,28100,تجديد الصحاح,https://shamela.ws/book/28100
30,الغريب والمعاجم,37471,التلخيص في معرفة أسماء الأشياء,https://shamela.ws/book/37471
30,الغريب والمعاجم,10414,الفروق اللغوية - ت محمد سليم,https://shamela.ws/book/10414
30,الغريب والمعاجم,1736,معجم الفروق اللغوية الحاوي لكتابي العسكري والجزائري - ط قم,https://shamela.ws/book/1736
30,الغريب والمعاجم,6933,الإتباع والمزاوجة,https://shamela.ws/book/6933
30,الغريب والمعاجم,13256,حلية الفقهاء,https://shamela.ws/book/13256
30,الغريب والمعاجم,14264,متخير الألفاظ,https://shamela.ws/book/14264
30,الغريب والمعاجم,9252,مجمل اللغة لابن فارس,https://shamela.ws/book/9252
30,الغريب والمعاجم,21710,معجم مقاييس اللغة,https://shamela.ws/book/21710
30,الغريب والمعاجم,16782,الغريبين في القرآن والحديث,https://shamela.ws/book/16782
30,الغريب والمعاجم,26988,الفرق بين الضاد والظاء فى كتاب الله عز وجل وفى المشهور من الكلام,https://shamela.ws/book/26988
30,الغريب والمعاجم,14607,شرح غريب ألفاظ المدونة,https://shamela.ws/book/14607
30,الغريب والمعاجم,9757,المحكم والمحيط الأعظم,https://shamela.ws/book/9757
30,الغريب والمعاجم,3590,المخصص,https://shamela.ws/book/3590
30,الغريب والمعاجم,7061,كفاية المتحفظ ونهاية المتلفظ في اللغة العربية,https://shamela.ws/book/7061
30,الغريب والمعاجم,1150,حصر حرف الظاء,https://shamela.ws/book/1150
30,الغريب والمعاجم,7014,تفسير غريب ما في الصحيحين البخاري ومسلم,https://shamela.ws/book/7014
30,الغريب والمعاجم,17879,الإبانة في اللغة العربية,https://shamela.ws/book/17879
30,الغريب والمعاجم,12050,الأفعال - ابن القطاع الصقلي,https://shamela.ws/book/12050
30,الغريب والمعاجم,30176,مجمع الغرائب ومنبع الرغائب,https://shamela.ws/book/30176
30,الغريب والمعاجم,6039,طلبة الطلبة,https://shamela.ws/book/6039
30,الغريب والمعاجم,21568,أساس البلاغة,https://shamela.ws/book/21568
30,الغريب والمعاجم,7015,الفائق في غريب الحديث,https://shamela.ws/book/7015
30,الغريب والمعاجم,7062,ما جاء على فعلت وأفعلت بمعنى واحد,https://shamela.ws/book/7062
30,الغريب والمعاجم,10554,مشارق الأنوار على صحاح الآثار - ت الشامي,https://shamela.ws/book/10554
30,الغريب والمعاجم,105571,مشارق الأنوار على صحاح الآثار - ط العلمية,https://shamela.ws/book/105571
30,الغريب والمعاجم,10527,مشارق الأنوار على صحاح الآثار - ط المغرب,https://shamela.ws/book/10527
30,الغريب والمعاجم,10005,مشارق الأنوار على صحاح الآثار - ط عطاءات العلم,https://shamela.ws/book/10005
30,الغريب والمعاجم,38160,التنبيه على الألفاظ في الغريبين,https://shamela.ws/book/38160
30,الغريب والمعاجم,23358,شمس العلوم ودواء كلام العرب من الكلوم,https://shamela.ws/book/23358
30,الغريب والمعاجم,20973,شرح الفصيح لابن هشام اللخمي,https://shamela.ws/book/20973
30,الغريب والمعاجم,17124,المجموع المغيث في غريبي القرآن والحديث,https://shamela.ws/book/17124
30,الغريب والمعاجم,6922,غلط الفقهاء,https://shamela.ws/book/6922
30,الغريب والمعاجم,7060,في التعريب والمعرب وهو المعروف بحاشية ابن بري,https://shamela.ws/book/7060
30,الغريب والمعاجم,16541,تقويم اللسان,https://shamela.ws/book/16541
30,الغريب والمعاجم,2911,غريب الحديث - ابن الجوزي,https://shamela.ws/book/2911
30,الغريب والمعاجم,23691,النهاية في غريب الحديث والأثر,https://shamela.ws/book/23691
30,الغريب والمعاجم,1406,المغرب في ترتيب المعرب - ت فاخوري ومختار,https://shamela.ws/book/1406
30,الغريب والمعاجم,8459,المغرب في ترتيب المعرب - ط الكتاب العربي,https://shamela.ws/book/8459
30,الغريب والمعاجم,7046,اتفاق المباني وافتراق المعاني,https://shamela.ws/book/7046
30,الغريب والمعاجم,17104,النظم المستعذب في تفسير غريب ألفاظ المهذب,https://shamela.ws/book/17104
30,الغريب والمعاجم,18254,التكملة والذيل والصلة للصغاني,https://shamela.ws/book/18254
30,الغريب والمعاجم,23427,الشوارد = ما تفرد به بعض أئمة اللغة,https://shamela.ws/book/23427
30,الغريب والمعاجم,761,العباب الزاخر,https://shamela.ws/book/761
30,الغريب والمعاجم,23193,مختار الصحاح,https://shamela.ws/book/23193
30,الغريب والمعاجم,7047,إكمال الإعلام بتثليث الكلام,https://shamela.ws/book/7047
30,الغريب والمعاجم,7049,الألفاظ المختلفة في المعاني المؤتلفة,https://shamela.ws/book/7049
30,الغريب والمعاجم,5368,الاعتماد في نظائر الظاء والضاد,https://shamela.ws/book/5368
30,الغريب والمعاجم,29575,ذكر معاني أبنية الأسماء الموجودة في المفصل,https://shamela.ws/book/29575
30,الغريب والمعاجم,7043,تحرير ألفاظ التنبيه,https://shamela.ws/book/7043
30,الغريب والمعاجم,13274,تحفة المجد الصريح في شرح كتاب الفصيح,https://shamela.ws/book/13274
30,الغريب والمعاجم,11809,المطلع على ألفاظ المقنع,https://shamela.ws/book/11809
30,الغريب والمعاجم,1687,لسان العرب,https://shamela.ws/book/1687
30,الغريب والمعاجم,13304,تحفة الأريب بما في القرآن من الغريب,https://shamela.ws/book/13304
30,الغريب والمعاجم,31370,تصحيح التصحيف وتحرير التحريف,https://shamela.ws/book/31370
30,الغريب والمعاجم,12145,المصباح المنير في غريب الشرح الكبير,https://shamela.ws/book/12145
30,الغريب والمعاجم,7312,التعريفات,https://shamela.ws/book/7312
30,الغريب والمعاجم,7283,القاموس المحيط,https://shamela.ws/book/7283
30,الغريب والمعاجم,7051,الراموز على الصحاح,https://shamela.ws/book/7051
30,الغريب والمعاجم,21610,شرح حدود ابن عرفة,https://shamela.ws/book/21610
30,الغريب والمعاجم,131003,الدر النقي في شرح ألفاظ الخرقي,https://shamela.ws/book/131003
30,الغريب والمعاجم,7039,معجم مقاليد العلوم في الحدود والرسوم,https://shamela.ws/book/7039
30,الغريب والمعاجم,7036,الحدود الأنيقة والتعريفات الدقيقة,https://shamela.ws/book/7036
30,الغريب والمعاجم,10930,أنيس الفقهاء في تعريفات الألفاظ المتداولة بين الفقهاء,https://shamela.ws/book/10930
30,الغريب والمعاجم,13631,مجمع بحار الأنوار,https://shamela.ws/book/13631
30,الغريب والمعاجم,310,خير الكلام في التقصي عن أغلاط العوام,https://shamela.ws/book/310
30,الغريب والمعاجم,10640,التوقيف على مهمات التعاريف,https://shamela.ws/book/10640
30,الغريب والمعاجم,7037,الكليات,https://shamela.ws/book/7037
30,الغريب والمعاجم,32194,شرح كفاية المتحفظ تحرير الرواية في تقرير الكفاية,https://shamela.ws/book/32194
30,الغريب والمعاجم,7038,دستور العلماء = جامع العلوم في اصطلاحات الفنون,https://shamela.ws/book/7038
30,الغريب والمعاجم,2573,كشاف اصطلاحات الفنون والعلوم,https://shamela.ws/book/2573
30,الغريب والمعاجم,7030,تاج العروس من جواهر القاموس,https://shamela.ws/book/7030
30,الغريب والمعاجم,7059,فلك القاموس,https://shamela.ws/book/7059
30,الغريب والمعاجم,7055,الفرق لابن أبي ثابت,https://shamela.ws/book/7055
30,الغريب والمعاجم,15555,تكملة المعاجم العربية,https://shamela.ws/book/15555
30,الغريب والمعاجم,3742,الجاسوس على القاموس,https://shamela.ws/book/3742
30,الغريب والمعاجم,7057,اللطائف في اللغة = معجم أسماء الأشياء,https://shamela.ws/book/7057
30,الغريب والمعاجم,7063,تصحيح لسان العرب,https://shamela.ws/book/7063
30,الغريب والمعاجم,29613,معجم متن اللغة,https://shamela.ws/book/29613
30,الغريب والمعاجم,13939,التعريفات الفقهية,https://shamela.ws/book/13939
30,الغريب والمعاجم,7517,معجم الصواب اللغوي,https://shamela.ws/book/7517
30,الغريب والمعاجم,29511,معجم اللغة العربية المعاصرة,https://shamela.ws/book/29511
30,الغريب والمعاجم,1214,معجم لغة الفقهاء,https://shamela.ws/book/1214
30,الغريب والمعاجم,21017,المعجم الاشتقاقي المؤصل,https://shamela.ws/book/21017
30,الغريب والمعاجم,148181,معجم الدخيل في اللغة العربية الحديثة ولهجاتها,https://shamela.ws/book/148181
30,الغريب والمعاجم,7028,المعجم الوسيط,https://shamela.ws/book/7028
30,الغريب والمعاجم,2918,القاموس الفقهي لغة واصطلاحا,https://shamela.ws/book/2918
30,الغريب والمعاجم,12098,منهج ابن الأثير الجزري في مصنفه النهاية في غريب الحديث والأثر,https://shamela.ws/book/12098
30,الغريب والمعاجم,23686,موسوعة الطير والحيوان في الحديث النبوي,https://shamela.ws/book/23686
30,الغريب والمعاجم,11339,كتاب جمل الغرائب للنيسابوري وأهميته في علم غريب الحديث,https://shamela.ws/book/11339
30,الغريب والمعاجم,22867,المعاجم العربية مع اعتناء خاص بمعجم العين للخليل بن أحمد,https://shamela.ws/book/22867
30,الغريب والمعاجم,1878,أثر التوجيه الشرعي في الدلالة اللغوية لبعض المناهي اللفظية,https://shamela.ws/book/1878
30,الغريب والمعاجم,145421,أصل كلمة «شاطر»,https://shamela.ws/book/145421
30,الغريب والمعاجم,145425,الموازنة بين «الفائق» للزمخشري (ت 538 هـ) و «النهاية» لابن الأثير (ت 606 هـ),https://shamela.ws/book/145425
30,الغريب والمعاجم,18108,المعجم العربي لأسماء الملابس,https://shamela.ws/book/18108
30,الغريب والمعاجم,30087,معجم المصطلحات والألفاظ الفقهية,https://shamela.ws/book/30087
31,النحو والصرف,6961,الجمل في النحو,https://shamela.ws/book/6961
31,النحو والصرف,23018,الكتاب لسيبويه,https://shamela.ws/book/23018
31,النحو والصرف,6965,المقتضب,https://shamela.ws/book/6965
31,النحو والصرف,7365,الأصول في النحو,https://shamela.ws/book/7365
31,النحو والصرف,29555,الانتصار لسيبويه على المبرد,https://shamela.ws/book/29555
31,النحو والصرف,666,أخبار أبي القاسم الزجاجي,https://shamela.ws/book/666
31,النحو والصرف,143170,الإيضاح في علل النحو,https://shamela.ws/book/143170
31,النحو والصرف,6966,اللامات,https://shamela.ws/book/6966
31,النحو والصرف,6989,حروف المعاني والصفات,https://shamela.ws/book/6989
31,النحو والصرف,26803,عمدة الكتاب لأبي جعفر النحاس,https://shamela.ws/book/26803
31,النحو والصرف,17726,شرح كتاب سيبويه للسيرافي,https://shamela.ws/book/17726
31,النحو والصرف,18283,فوائت كتاب سيبويه,https://shamela.ws/book/18283
31,النحو والصرف,13239,ليس في كلام العرب,https://shamela.ws/book/13239
31,النحو والصرف,20961,الإيضاح العضدي,https://shamela.ws/book/20961
31,النحو والصرف,13245,التعليقة على كتاب سيبويه,https://shamela.ws/book/13245
31,النحو والصرف,1165,التكملة للفارسي,https://shamela.ws/book/1165
31,النحو والصرف,16775,المسائل البصريات,https://shamela.ws/book/16775
31,النحو والصرف,18265,المسائل الحلبيات,https://shamela.ws/book/18265
31,النحو والصرف,18267,المسائل العسكريات في النحو العربي,https://shamela.ws/book/18267
31,النحو والصرف,7003,علل النحو,https://shamela.ws/book/7003
31,النحو والصرف,6981,رسالة الحدود,https://shamela.ws/book/6981
31,النحو والصرف,18282,شرح كتاب سيبويه للرماني - جزء منه,https://shamela.ws/book/18282
31,النحو والصرف,5353,معاني الحروف,https://shamela.ws/book/5353
31,النحو والصرف,6997,منازل الحروف,https://shamela.ws/book/6997
31,النحو والصرف,37487,شرح أبيات سيبويه,https://shamela.ws/book/37487
31,النحو والصرف,6979,الألفاظ المهموزة,https://shamela.ws/book/6979
31,النحو والصرف,9986,الخصائص,https://shamela.ws/book/9986
31,النحو والصرف,6987,اللمع في العربية لابن جني,https://shamela.ws/book/6987
31,النحو والصرف,10545,المنصف لابن جني، شرح كتاب التصريف لأبي عثمان المازني,https://shamela.ws/book/10545
31,النحو والصرف,6994,عقود الهمز,https://shamela.ws/book/6994
31,النحو والصرف,6995,علل التثنية,https://shamela.ws/book/6995
31,النحو والصرف,17667,الأفعال - سعيد المعافري,https://shamela.ws/book/17667
31,النحو والصرف,124334,شرح التصريف للثمانيني,https://shamela.ws/book/124334
31,النحو والصرف,18276,رسالة الملائكة - ت الجندي,https://shamela.ws/book/18276
31,النحو والصرف,12817,رسالة الملائكة - ت الميمني - ط العلمية,https://shamela.ws/book/12817
31,النحو والصرف,6983,العدد في اللغة,https://shamela.ws/book/6983
31,النحو والصرف,18278,شرح المقدمة المحسبة,https://shamela.ws/book/18278
31,النحو والصرف,11562,المفتاح في الصرف,https://shamela.ws/book/11562
31,النحو والصرف,16421,تثقيف اللسان وتلقيح الجنان,https://shamela.ws/book/16421
31,النحو والصرف,18251,أبنية الأسماء والأفعال والمصادر,https://shamela.ws/book/18251
31,النحو والصرف,7840,ملحة الإعراب,https://shamela.ws/book/7840
31,النحو والصرف,634,الحلل في شرح أبيات الجمل,https://shamela.ws/book/634
31,النحو والصرف,759,المفصل في صنعة الإعراب,https://shamela.ws/book/759
31,النحو والصرف,774,المصباح لما أعتم من شواهد الإيضاح,https://shamela.ws/book/774
31,النحو والصرف,18262,المرتجل في شرح الجمل لابن الخشاب,https://shamela.ws/book/18262
31,النحو والصرف,7362,الإنصاف في مسائل الخلاف بين النحويين البصريين والكوفيين,https://shamela.ws/book/7362
31,النحو والصرف,7002,البلغة في الفرق بين المذكر والمؤنث,https://shamela.ws/book/7002
31,النحو والصرف,613,نتائج الفكر في النحو,https://shamela.ws/book/613
31,النحو والصرف,37476,الرد على النحاة,https://shamela.ws/book/37476
31,النحو والصرف,17905,البديع في علم العربية,https://shamela.ws/book/17905
31,النحو والصرف,124338,المقدمة الجزولية في النحو,https://shamela.ws/book/124338
31,النحو والصرف,14469,إتحاف الحثيث بإعراب ما يشكل من ألفاظ الحديث,https://shamela.ws/book/14469
31,النحو والصرف,6998,إعراب لامية الشنفرى,https://shamela.ws/book/6998
31,النحو والصرف,7001,إعراب ما يشكل من ألفاظ الحديث,https://shamela.ws/book/7001
31,النحو والصرف,13786,التبيين عن مذاهب النحويين البصريين والكوفيين,https://shamela.ws/book/13786
31,النحو والصرف,6986,اللباب في علل البناء والإعراب,https://shamela.ws/book/6986
31,النحو والصرف,6996,مسائل خلافية في النحو,https://shamela.ws/book/6996
31,النحو والصرف,1011,التخمير شرح المفصل في صنعة الإعراب,https://shamela.ws/book/1011
31,النحو والصرف,18273,توجيه اللمع,https://shamela.ws/book/18273
31,النحو والصرف,17823,سفر السعادة وسفير الإفادة,https://shamela.ws/book/17823
31,النحو والصرف,13301,شرح المفصل لابن يعيش,https://shamela.ws/book/13301
31,النحو والصرف,124755,أمالي ابن الحاجب,https://shamela.ws/book/124755
31,النحو والصرف,22391,الشافية في علم التصريف - معها الوافية نظم الشافية,https://shamela.ws/book/22391
31,النحو والصرف,122235,الشافية في علمي التصريف والخط,https://shamela.ws/book/122235
31,النحو والصرف,122234,الكافية في علم النحو,https://shamela.ws/book/122234
31,النحو والصرف,6974,الفعلان - المطبوع خطأ باسم «نقعة الصديان»,https://shamela.ws/book/6974
31,النحو والصرف,6999,الانتخاب لكشف الأبيات المشكلة الإعراب,https://shamela.ws/book/6999
31,النحو والصرف,8667,الممتع الكبير في التصريف,https://shamela.ws/book/8667
31,النحو والصرف,356,ألفية ابن مالك - ت القاسم,https://shamela.ws/book/356
31,النحو والصرف,8522,ألفية ابن مالك - ط التعاون,https://shamela.ws/book/8522
31,النحو والصرف,10915,إيجاز التعريف في علم التصريف,https://shamela.ws/book/10915
31,النحو والصرف,13247,تسهيل الفوائد وتكميل المقاصد,https://shamela.ws/book/13247
31,النحو والصرف,13257,شرح التسهيل لابن مالك,https://shamela.ws/book/13257
31,النحو والصرف,12024,شرح الكافية الشافية,https://shamela.ws/book/12024
31,النحو والصرف,344,لامية الأفعال - ت القاسم,https://shamela.ws/book/344
31,النحو والصرف,3654,من ذخائر ابن مالك في اللغة مسألة من كلام الإمام ابن مالك في الاشتقاق,https://shamela.ws/book/3654
31,النحو والصرف,18277,شرح التعريف بضروري التصريف,https://shamela.ws/book/18277
31,النحو والصرف,21567,شرح شافية ابن الحاجب - الرضي الأستراباذي,https://shamela.ws/book/21567
31,النحو والصرف,18115,شرح ابن الناظم على ألفية ابن مالك,https://shamela.ws/book/18115
31,النحو والصرف,11750,شرح شافية ابن الحاجب - ركن الدين الاستراباذي,https://shamela.ws/book/11750
31,النحو والصرف,7341,اللمحة في شرح الملحة,https://shamela.ws/book/7341
31,النحو والصرف,11371,الآجرومية,https://shamela.ws/book/11371
31,النحو والصرف,17687,الكناش في فني النحو والصرف,https://shamela.ws/book/17687
31,النحو والصرف,16595,ارتشاف الضرب من لسان العرب,https://shamela.ws/book/16595
31,النحو والصرف,17116,التذييل والتكميل في شرح كتاب التسهيل,https://shamela.ws/book/17116
31,النحو والصرف,17715,شرح ألفية ابن مالك المسمى تحرير الخصاصة في تيسير الخلاصة,https://shamela.ws/book/17715
31,النحو والصرف,26099,الجنى الداني في حروف المعاني,https://shamela.ws/book/26099
31,النحو والصرف,9988,توضيح المقاصد والمسالك بشرح ألفية ابن مالك,https://shamela.ws/book/9988
31,النحو والصرف,6984,الفصول المفيدة في الواو المزيدة,https://shamela.ws/book/6984
31,النحو والصرف,11825,أوضح المسالك إلى ألفية ابن مالك - ت هبود,https://shamela.ws/book/11825
31,النحو والصرف,6978,اعتراض الشرط على الشرط,https://shamela.ws/book/6978
31,النحو والصرف,6988,المسائل السفرية,https://shamela.ws/book/6988
31,النحو والصرف,17916,تخليص الشواهد وتلخيص الفوائد,https://shamela.ws/book/17916
31,النحو والصرف,560,حاشيتان لابن هشام على ألفية ابن مالك,https://shamela.ws/book/560
31,النحو والصرف,6991,رسالة المباحث المرضية,https://shamela.ws/book/6991
31,النحو والصرف,6969,شرح شذور الذهب لابن هشام,https://shamela.ws/book/6969
31,النحو والصرف,6970,شرح قطر الندى وبل الصدى,https://shamela.ws/book/6970
31,النحو والصرف,96770,متن شذور الذهب,https://shamela.ws/book/96770
31,النحو والصرف,11376,متن قطر الندى وبل الصدى,https://shamela.ws/book/11376
31,النحو والصرف,6972,مغني اللبيب عن كتب الأعاريب,https://shamela.ws/book/6972
31,النحو والصرف,5352,نكت الإعراب = قواعد الإعراب ونزهة الطلاب,https://shamela.ws/book/5352
31,النحو والصرف,17378,إرشاد السالك إلى حل ألفية ابن مالك,https://shamela.ws/book/17378
31,النحو والصرف,133358,المساعد على تسهيل الفوائد,https://shamela.ws/book/133358
31,النحو والصرف,9904,شرح ابن عقيل على ألفية ابن مالك,https://shamela.ws/book/9904
31,النحو والصرف,150600,العدة في إعراب العمدة,https://shamela.ws/book/150600
31,النحو والصرف,16826,تمهيد القواعد بشرح تسهيل الفوائد,https://shamela.ws/book/16826
31,النحو والصرف,6982,اقتطاف الأزاهر والتقاط الجواهر,https://shamela.ws/book/6982
31,النحو والصرف,20562,شرح ألفية ابن مالك للشاطبي = المقاصد الشافية,https://shamela.ws/book/20562
31,النحو والصرف,17719,شرح المكودي على الألفية في علمي الصرف والنحو,https://shamela.ws/book/17719
31,النحو والصرف,38149,نحو مير = مبادئ قواعد اللغة العربية,https://shamela.ws/book/38149
31,النحو والصرف,20985,شرح التسهيل = تعليق الفرائد على تسهيل الفوائد - ق 1,https://shamela.ws/book/20985
31,النحو والصرف,23140,شرحان على مراح الأرواح في علم الصرف,https://shamela.ws/book/23140
31,النحو والصرف,10340,الحدود في علم النحو,https://shamela.ws/book/10340
31,النحو والصرف,9134,شرح شذور الذهب للجوجري,https://shamela.ws/book/9134
31,النحو والصرف,11742,شرح الأشمونى لألفية ابن مالك,https://shamela.ws/book/11742
31,النحو والصرف,96610,شرح الأزهرية,https://shamela.ws/book/96610
31,النحو والصرف,9985,شرح التصريح على التوضيح أو التصريح بمضمون التوضيح في النحو,https://shamela.ws/book/9985
31,النحو والصرف,6973,موصل الطلاب إلى قواعد الإعراب,https://shamela.ws/book/6973
31,النحو والصرف,8959,المنهل المأهول بالبناء للمجهول لأبي الخير محمد بن ظهيرة تحقيق ودراسة,https://shamela.ws/book/8959
31,النحو والصرف,29729,الألغاز النحوية = الطراز في الألغاز,https://shamela.ws/book/29729
31,النحو والصرف,95692,الاقتراح في أصول النحو ط البيروتي,https://shamela.ws/book/95692
31,النحو والصرف,14246,الاقتراح في أصول النحو ط القلم,https://shamela.ws/book/14246
31,النحو والصرف,105,الوفية باختصار الألفية,https://shamela.ws/book/105
31,النحو والصرف,6993,سبب وضع علم العربية,https://shamela.ws/book/6993
31,النحو والصرف,6975,همع الهوامع في شرح جمع الجوامع,https://shamela.ws/book/6975
31,النحو والصرف,133416,فتح الأقفال وحل الإشكال بشرح لامية الأفعال المشهور بالشرح الكبير,https://shamela.ws/book/133416
31,النحو والصرف,19236,شرح قواعد الإعراب,https://shamela.ws/book/19236
31,النحو والصرف,4234,متممة الأجرومية,https://shamela.ws/book/4234
31,النحو والصرف,18280,شرح كتاب الحدود في النحو,https://shamela.ws/book/18280
31,النحو والصرف,174,شرح الفارضي على ألفية ابن مالك,https://shamela.ws/book/174
31,النحو والصرف,102,البهجة الوفية بحجة الخلاصة الألفية,https://shamela.ws/book/102
31,النحو والصرف,6992,رسالة في اسم الفاعل,https://shamela.ws/book/6992
31,النحو والصرف,2084,الدرة البهية نظم الآجرومية,https://shamela.ws/book/2084
31,النحو والصرف,254,دليل الطالبين لكلام النحويين,https://shamela.ws/book/254
31,النحو والصرف,6977,اتحاف الفاضل بالفعل المبني لغير الفاعل,https://shamela.ws/book/6977
31,النحو والصرف,150966,شرح أبيات مغني اللبيب,https://shamela.ws/book/150966
31,النحو والصرف,6990,رسالة أي المشددة,https://shamela.ws/book/6990
31,النحو والصرف,125,الكوكب المنير في شرح الألفية بالتشطير,https://shamela.ws/book/125
31,النحو والصرف,11539,حاشية الصبان على شرح الأشمونى لألفية ابن مالك,https://shamela.ws/book/11539
31,النحو والصرف,3863,فتح المتعال على القصيدة المسماة بلامية الأفعال,https://shamela.ws/book/3863
31,النحو والصرف,1638,الفوائد العجيبة في إعراب الكلمات الغربية - ط إسطنبول,https://shamela.ws/book/1638
31,النحو والصرف,7000,الفوائد العجيبة في إعراب الكلمات الغريبة - ت حاتم الضامن,https://shamela.ws/book/7000
31,النحو والصرف,37477,السماع والقياس,https://shamela.ws/book/37477
31,النحو والصرف,11243,شذا العرف في فن الصرف,https://shamela.ws/book/11243
31,النحو والصرف,3284,جامع الدروس العربية,https://shamela.ws/book/3284
31,النحو والصرف,10018,النحو الواضح في قواعد اللغة العربية,https://shamela.ws/book/10018
31,النحو والصرف,503,إشكال صرفي وجوابه - ضمن «آثار المعلمي»,https://shamela.ws/book/503
31,النحو والصرف,502,الكلام على تصريف «ذو» - ضمن «آثار المعلمي»,https://shamela.ws/book/502
31,النحو والصرف,488,اللطيفة البكرية والنتيجة الفكرية في المهمات النحوية - ضمن «آثار المعلمي»,https://shamela.ws/book/488
31,النحو والصرف,493,حقائق في النحو مستقربة - ضمن «آثار المعلمي»,https://shamela.ws/book/493
31,النحو والصرف,495,مختصر شرح ابن جماعة على القواعد الصغرى - ضمن «آثار المعلمي»,https://shamela.ws/book/495
31,النحو والصرف,500,نظم قواعد الإعراب الصغرى - ضمن «آثار المعلمي»,https://shamela.ws/book/500
31,النحو والصرف,2099,النحو المصفى,https://shamela.ws/book/2099
31,النحو والصرف,7368,حاشية الآجرومية,https://shamela.ws/book/7368
31,النحو والصرف,12037,ضياء السالك إلى أوضح المسالك,https://shamela.ws/book/12037
31,النحو والصرف,10641,النحو الوافي,https://shamela.ws/book/10641
31,النحو والصرف,8653,المغني في تصريف الأفعال,https://shamela.ws/book/8653
31,النحو والصرف,8570,الموجز في قواعد اللغة العربية,https://shamela.ws/book/8570
31,النحو والصرف,9937,من تاريخ النحو العربي,https://shamela.ws/book/9937
31,النحو والصرف,36954,شرح ألفية ابن مالك للعثيمين,https://shamela.ws/book/36954
31,النحو والصرف,11389,مختصر مغني اللبيب عن كتاب الأعاريب,https://shamela.ws/book/11389
31,النحو والصرف,2120,دراسات في النحو,https://shamela.ws/book/2120
31,النحو والصرف,12933,معجم القواعد العربية,https://shamela.ws/book/12933
31,النحو والصرف,10546,المدارس النحوية,https://shamela.ws/book/10546
31,النحو والصرف,151017,فتح الكبير المتعال إعراب المعلقات العشر الطوال,https://shamela.ws/book/151017
31,النحو والصرف,96175,التحفة الوسيمة شرح على الدرة اليتيمة,https://shamela.ws/book/96175
31,النحو والصرف,95866,اللؤلؤ المنظوم في نظم منثور ابن آجروم,https://shamela.ws/book/95866
31,النحو والصرف,9976,التطبيق النحوي,https://shamela.ws/book/9976
31,النحو والصرف,150578,الإعراب المفصل لكتاب الله المرتل,https://shamela.ws/book/150578
31,النحو والصرف,17801,معاني النحو,https://shamela.ws/book/17801
31,النحو والصرف,2121,شرح الأجرومية للأسمري,https://shamela.ws/book/2121
31,النحو والصرف,2122,شرح الآجرومية - حسن حفظي,https://shamela.ws/book/2122
31,النحو والصرف,2135,تعجيل الندى بشرح قطر الندى,https://shamela.ws/book/2135
31,النحو والصرف,10301,التعجب من فعل المفعول بين المانعين والمجيزين,https://shamela.ws/book/10301
31,النحو والصرف,21509,شرح الآجرومية - عبد الكريم الخضير,https://shamela.ws/book/21509
31,النحو والصرف,1560,التبيان في قواعد النحو وتقويم اللسان,https://shamela.ws/book/1560
31,النحو والصرف,23652,العمدة في إعراب البردة قصيدة البوصيري,https://shamela.ws/book/23652
31,النحو والصرف,11986,تداخل الأصول اللغوية وأثره في بناء المعجم,https://shamela.ws/book/11986
31,النحو والصرف,10424,الضرورة الشعرية ومفهومها لدى النحويين دراسة على ألفية بن مالك,https://shamela.ws/book/10424
31,النحو والصرف,8952,المنصوب على التقريب,https://shamela.ws/book/8952
31,النحو والصرف,8953,المنصوب على نزع الخافض في القرآن,https://shamela.ws/book/8953
31,النحو والصرف,22992,بحث في صيغة أفعل بين النحويين واللغويين واستعمالاتها في العربية,https://shamela.ws/book/22992
31,النحو والصرف,23075,صيغة فعلان واستعمالاتها في اللغة العربية,https://shamela.ws/book/23075
31,النحو والصرف,23076,ظاهرة التقارض في النحو العربي,https://shamela.ws/book/23076
31,النحو والصرف,121373,المنهاج المختصر في علمي النحو والصرف,https://shamela.ws/book/121373
31,النحو والصرف,10374,الرابط وأثره في التراكيب في العربية,https://shamela.ws/book/10374
31,النحو والصرف,10142,حركة حروف المضارعة,https://shamela.ws/book/10142
31,النحو والصرف,8697,إعراب لا إله إلا الله,https://shamela.ws/book/8697
31,النحو والصرف,8891,الكشف عن صاحب البسيط في النحو,https://shamela.ws/book/8891
31,النحو والصرف,10193,خطاب الماردي ومنهجه في النحو,https://shamela.ws/book/10193
31,النحو والصرف,3545,مسائل (إذن),https://shamela.ws/book/3545
31,النحو والصرف,4215,ظاهرة التقاص في النحو العربي,https://shamela.ws/book/4215
31,النحو والصرف,13679,إيناس الناس بتفاحة أبي جعفر النحاس,https://shamela.ws/book/13679
31,النحو والصرف,132514,الأنشوطة في النحو,https://shamela.ws/book/132514
31,النحو والصرف,132515,البرعومة في النحو,https://shamela.ws/book/132515
31,النحو والصرف,162,القطارة النحوية على المقدمة الآجرومية,https://shamela.ws/book/162
31,النحو والصرف,132518,الورقة النحوية,https://shamela.ws/book/132518
31,النحو والصرف,36106,الشرح المختصر على نظم الآجرومية,https://shamela.ws/book/36106
31,النحو والصرف,36120,الشرح المختصر على نظم المقصود,https://shamela.ws/book/36120
31,النحو والصرف,36130,شرح ألفية ابن مالك للحازمي,https://shamela.ws/book/36130
31,النحو والصرف,36087,فتح رب البرية في شرح نظم الآجرومية,https://shamela.ws/book/36087
31,النحو والصرف,37704,شرح الآجرومية - محمد حسن عبد الغفار,https://shamela.ws/book/37704
31,النحو والصرف,11199,أصول النحو 1 - جامعة المدينة,https://shamela.ws/book/11199
31,النحو والصرف,11321,أصول النحو 2 - جامعة المدينة,https://shamela.ws/book/11321
31,النحو والصرف,95584,الأفعال الناسخة,https://shamela.ws/book/95584
31,النحو والصرف,145428,مجيء (أبو) في موضع نصب أو جر على الحكاية,https://shamela.ws/book/145428
31,النحو والصرف,13595,شرحا أبي العلاء والخطيب التبريزي على ديوان أبي تمام دراسة نحوية صرفية,https://shamela.ws/book/13595
31,النحو والصرف,132406,قرينة السياق ودورها في التقعيد النحوي والتوجيه الإعرابي في كتاب سيبويه,https://shamela.ws/book/132406
31,النحو والصرف,17418,أدوات الإعراب,https://shamela.ws/book/17418
31,النحو والصرف,17673,القواعد التطبيقية في اللغة العربية,https://shamela.ws/book/17673
31,النحو والصرف,30012,نحو الفقهاء = مجرد مقالات أبي إسحاق الشاطبي في العربية,https://shamela.ws/book/30012
31,النحو والصرف,36113,المسائل النحوية في كتاب التوضيح لشرح الجامع الصحيح,https://shamela.ws/book/36113
31,النحو والصرف,238,فتح الكريم اللطيف في شرح باكورة التعريف بالمهم من التصريف,https://shamela.ws/book/238
32,الأدب,964,خطبة واصل بن عطاء - ضمن نوادر المخطوطات,https://shamela.ws/book/964
32,الأدب,37540,الأدب الصغير ت خلف,https://shamela.ws/book/37540
32,الأدب,26537,كليلة ودمنة,https://shamela.ws/book/26537
32,الأدب,17869,الأدب والمروءة,https://shamela.ws/book/17869
32,الأدب,1034,أمثال العرب ت إحسان عباس,https://shamela.ws/book/1034
32,الأدب,9081,أمثال العرب ط الهلال,https://shamela.ws/book/9081
32,الأدب,6904,المفضليات,https://shamela.ws/book/6904
32,الأدب,1487,جمهرة أشعار العرب,https://shamela.ws/book/1487
32,الأدب,673,الأمثال - مؤرج,https://shamela.ws/book/673
32,الأدب,9249,أنساب الخيل في الجاهلية والإسلام وأخبارها,https://shamela.ws/book/9249
32,الأدب,21574,شرح المعلقات التسع,https://shamela.ws/book/21574
32,الأدب,790,الخيل,https://shamela.ws/book/790
32,الأدب,636,الديباج لأبي عبيدة,https://shamela.ws/book/636
32,الأدب,991,العققة والبررة - ضمن نوادر المخطوطات,https://shamela.ws/book/991
32,الأدب,13609,شرح نقائض جرير والفرزدق,https://shamela.ws/book/13609
32,الأدب,6905,الأصمعيات,https://shamela.ws/book/6905
32,الأدب,9208,الإبل,https://shamela.ws/book/9208
32,الأدب,1597,فحولة الشعراء,https://shamela.ws/book/1597
32,الأدب,135,الأمثال - أبو عبيد,https://shamela.ws/book/135
32,الأدب,770,أسماء خيل العرب وفرسانها,https://shamela.ws/book/770
32,الأدب,36082,الوحشيات = الحماسة الصغرى,https://shamela.ws/book/36082
32,الأدب,741,وصايا الملوك,https://shamela.ws/book/741
32,الأدب,671,المعمرون والوصايا,https://shamela.ws/book/671
32,الأدب,10501,البخلاء للجاحظ,https://shamela.ws/book/10501
32,الأدب,10538,البرصان والعرجان والعميان والحولان,https://shamela.ws/book/10538
32,الأدب,10506,البغال,https://shamela.ws/book/10506
32,الأدب,10614,البيان والتبيين,https://shamela.ws/book/10614
32,الأدب,22623,التاج في أخلاق الملوك,https://shamela.ws/book/22623
32,الأدب,23775,الحيوان,https://shamela.ws/book/23775
32,الأدب,10670,الرسائل الأدبية,https://shamela.ws/book/10670
32,الأدب,10709,الرسائل السياسية,https://shamela.ws/book/10709
32,الأدب,10428,الرسائل للجاحظ,https://shamela.ws/book/10428
32,الأدب,10511,المحاسن والأضداد,https://shamela.ws/book/10511
32,الأدب,5369,أخبار أبي نواس,https://shamela.ws/book/5369
32,الأدب,26349,أدب الكاتب = أدب الكتاب لابن قتيبة,https://shamela.ws/book/26349
32,الأدب,23785,الشعر والشعراء,https://shamela.ws/book/23785
32,الأدب,25837,المعاني الكبير في أبيات المعاني,https://shamela.ws/book/25837
32,الأدب,23790,عيون الأخبار,https://shamela.ws/book/23790
32,الأدب,785,المختار من كتاب اللهو والملاهي,https://shamela.ws/book/785
32,الأدب,12848,بلاغات النساء,https://shamela.ws/book/12848
32,الأدب,148535,حماسة البحتري,https://shamela.ws/book/148535
32,الأدب,21554,التعازي [والمراثي والمواعظ والوصايا],https://shamela.ws/book/21554
32,الأدب,10508,الفاضل,https://shamela.ws/book/10508
32,الأدب,8505,الكامل في اللغة والأدب,https://shamela.ws/book/8505
32,الأدب,966,رسالة فى أعجاز أبيات تغنى فى التمثيل عن صدورها - ضمن نوادر المخطوطات,https://shamela.ws/book/966
32,الأدب,9236,الفاخر,https://shamela.ws/book/9236
32,الأدب,3018,قواعد الشعر,https://shamela.ws/book/3018
32,الأدب,605,مجالس ثعلب,https://shamela.ws/book/605
32,الأدب,618,الورقة,https://shamela.ws/book/618
32,الأدب,738,الزهرة,https://shamela.ws/book/738
32,الأدب,664,التعليقات والنوادر,https://shamela.ws/book/664
32,الأدب,651,أمالي ابن المزرع,https://shamela.ws/book/651
32,الأدب,11342,فضل الكلاب على كثير ممن لبس الثياب,https://shamela.ws/book/11342
32,الأدب,8196,أمالي اليزيدي,https://shamela.ws/book/8196
32,الأدب,136,الاختيارين المفضليات والأصمعيات,https://shamela.ws/book/136
32,الأدب,6893,الأمثال من الكتاب والسنة,https://shamela.ws/book/6893
32,الأدب,564,المحاسن والمساوئ,https://shamela.ws/book/564
32,الأدب,13665,المجتنى,https://shamela.ws/book/13665
32,الأدب,593,المطر والسحاب,https://shamela.ws/book/593
32,الأدب,26237,تعليق من أمالي ابن دريد,https://shamela.ws/book/26237
32,الأدب,6911,عيار الشعر,https://shamela.ws/book/6911
32,الأدب,734,التشبيهات لابن أبي عون,https://shamela.ws/book/734
32,الأدب,26102,الموشى = الظرف والظرفاء,https://shamela.ws/book/26102
32,الأدب,23789,العقد الفريد,https://shamela.ws/book/23789
32,الأدب,6945,طبائع النساء وما جاء فيها من عجائب وأخبار وأسرار,https://shamela.ws/book/6945
32,الأدب,124335,شرح القصائد السبع الطوال الجاهليات,https://shamela.ws/book/124335
32,الأدب,594,الآمل والمأمول,https://shamela.ws/book/594
32,الأدب,515,أخبار أبي تمام,https://shamela.ws/book/515
32,الأدب,1601,أدب الكتاب للصولي,https://shamela.ws/book/1601
32,الأدب,7822,أشعار أولاد الخلفاء وأخبارهم,https://shamela.ws/book/7822
32,الأدب,10532,الأوراق قسم أخبار الشعراء,https://shamela.ws/book/10532
32,الأدب,20986,البرهان في وجوه البيان,https://shamela.ws/book/20986
32,الأدب,1336,أمالي الزجاجي,https://shamela.ws/book/1336
32,الأدب,28181,نقد الشعر,https://shamela.ws/book/28181
32,الأدب,3944,البيزرة,https://shamela.ws/book/3944
32,الأدب,8305,مرزبان نامه,https://shamela.ws/book/8305
32,الأدب,9221,الإماء الشواعر,https://shamela.ws/book/9221
32,الأدب,9160,أمالي القالي,https://shamela.ws/book/9160
32,الأدب,18257,التنبيه على حدوث التصحيف,https://shamela.ws/book/18257
32,الأدب,731,المحب والمحبوب والمشموم والمشروب,https://shamela.ws/book/731
32,الأدب,26183,الموازنة بين شعر أبي تمام والبحتري,https://shamela.ws/book/26183
32,الأدب,5429,التحف والهدايا,https://shamela.ws/book/5429
32,الأدب,10806,حماسة الخالديين = الأشباه والنظائر من أشعار المتقدمين والجاهليين والمخضرمين,https://shamela.ws/book/10806
32,الأدب,226,التنبيهات على أغاليط الرواة,https://shamela.ws/book/226
32,الأدب,601,الأنوار ومحاسن الأشعار,https://shamela.ws/book/601
32,الأدب,37492,كتاب الشعر أو شرح الأبيات المشكلة الإعراب,https://shamela.ws/book/37492
32,الأدب,5430,التحف والظرف,https://shamela.ws/book/5430
32,الأدب,779,الواضح في مشكلات شعر المتنبي,https://shamela.ws/book/779
32,الأدب,5502,المصون في الأدب,https://shamela.ws/book/5502
32,الأدب,10497,الأمثال المولدة,https://shamela.ws/book/10497
32,الأدب,10262,مفيد العلوم ومبيد الهموم,https://shamela.ws/book/10262
32,الأدب,8189,أشعار النساء,https://shamela.ws/book/8189
32,الأدب,9427,الموشح في مآخذ العلماء على الشعراء,https://shamela.ws/book/9427
32,الأدب,12828,الفرج بعد الشدة للتنوخي,https://shamela.ws/book/12828
32,الأدب,768,المستجاد من فعلات الأجواد,https://shamela.ws/book/768
32,الأدب,10275,نشوار المحاضرة وأخبار المذاكرة,https://shamela.ws/book/10275
32,الأدب,37460,الأمثال السائرة من شعر المتنبي,https://shamela.ws/book/37460
32,الأدب,37461,الروزنامجة,https://shamela.ws/book/37461
32,الأدب,37056,الكشف عن مساوي شعر المتنبي,https://shamela.ws/book/37056
32,الأدب,777,الرسالة الموضحة في ذكر سرقات أبي الطيب المتنبي وساقط شعره,https://shamela.ws/book/777
32,الأدب,5372,حلية المحاضرة,https://shamela.ws/book/5372
32,الأدب,7301,الجليس الصالح الكافي والأنيس الناصح الشافي,https://shamela.ws/book/7301
32,الأدب,489,الوساطه بين المتنبي وخصومه ونقد شعره,https://shamela.ws/book/489
32,الأدب,668,التمام في تفسير أشعار هذيل مما أغفله أبو سعيد السكري,https://shamela.ws/book/668
32,الأدب,31373,المنصف للسارق والمسروق منه,https://shamela.ws/book/31373
32,الأدب,10529,الأوائل للعسكري,https://shamela.ws/book/10529
32,الأدب,23787,الصناعتين: الكتابة والشعر,https://shamela.ws/book/23787
32,الأدب,6897,جمهرة الأمثال,https://shamela.ws/book/6897
32,الأدب,6909,ديوان المعاني,https://shamela.ws/book/6909
32,الأدب,965,أبيات الاستشهاد - ضمن نوادر المخطوطات,https://shamela.ws/book/965
32,الأدب,981,كتاب النيروز - ابن فارس - ضمن نوادر المخطوطات,https://shamela.ws/book/981
32,الأدب,28113,مقامات بديع الزمان الهمذاني,https://shamela.ws/book/28113
32,الأدب,12541,أخلاق الوزيرين = مثالب الوزيرين,https://shamela.ws/book/12541
32,الأدب,10521,الإمتاع والمؤانسة,https://shamela.ws/book/10521
32,الأدب,26423,البصائر والذخائر,https://shamela.ws/book/26423
32,الأدب,11485,الصداقة والصديق,https://shamela.ws/book/11485
32,الأدب,10916,المقابسات,https://shamela.ws/book/10916
32,الأدب,674,مضاهاة أمثال كليلة ودمنة,https://shamela.ws/book/674
32,الأدب,10533,الأمثال - ابن رفاعة,https://shamela.ws/book/10533
32,الأدب,14786,الممتع في صنعة الشعر,https://shamela.ws/book/14786
32,الأدب,1593,عقلاء المجانين لابن حبيب النيسابوري,https://shamela.ws/book/1593
32,الأدب,36088,ما يجوز للشاعر في الضرورة,https://shamela.ws/book/36088
32,الأدب,12392,أدب الخواص,https://shamela.ws/book/12392
32,الأدب,1024,التشبيهات من أشعار أهل الأندلس,https://shamela.ws/book/1024
32,الأدب,722,أمالي المرزوقي,https://shamela.ws/book/722
32,الأدب,11469,الأزمنة والأمكنة,https://shamela.ws/book/11469
32,الأدب,26536,شرح ديوان الحماسة,https://shamela.ws/book/26536
32,الأدب,7853,نثر الدر في المحاضرات,https://shamela.ws/book/7853
32,الأدب,672,قطب السرور في أوصاف الأنبذة والخمور,https://shamela.ws/book/672
32,الأدب,12858,رسالة التوابع والزوابع,https://shamela.ws/book/12858
32,الأدب,982,الرسالة النيروزية - ابن سينا - ضمن نوادر المخطوطات,https://shamela.ws/book/982
32,الأدب,37032,أبو الطيب المتنبي وما له وما عليه,https://shamela.ws/book/37032
32,الأدب,25011,أحسن ما سمعت,https://shamela.ws/book/25011
32,الأدب,23741,الإعجاز والإيجاز,https://shamela.ws/book/23741
32,الأدب,5683,التمثيل والمحاضرة,https://shamela.ws/book/5683
32,الأدب,22892,الشكوى والعتاب,https://shamela.ws/book/22892
32,الأدب,10509,اللطائف والظرائف,https://shamela.ws/book/10509
32,الأدب,595,اللطف واللطائف,https://shamela.ws/book/595
32,الأدب,21105,المنتحل,https://shamela.ws/book/21105
32,الأدب,6040,تحسين القبيح وتقبيح الحسن,https://shamela.ws/book/6040
32,الأدب,6896,ثمار القلوب في المضاف والمنسوب,https://shamela.ws/book/6896
32,الأدب,7830,خاص الخاص,https://shamela.ws/book/7830
32,الأدب,623,رسائل الثعالبي,https://shamela.ws/book/623
32,الأدب,418,لباب الآداب للثعالبي,https://shamela.ws/book/418
32,الأدب,28115,من غاب عنه المطرب,https://shamela.ws/book/28115
32,الأدب,120141,أسماء خيل العرب وأنسابها وذكر فرسانها,https://shamela.ws/book/120141
32,الأدب,640,فرحة الأديب,https://shamela.ws/book/640
32,الأدب,752,حماسة الظرفاء,https://shamela.ws/book/752
32,الأدب,37468,الإبانة عن سرقات المتنبي لفظا ومعنى,https://shamela.ws/book/37468
32,الأدب,20937,أمالي المرتضى غرر الفوائد ودرر القلائد (معتزلي),https://shamela.ws/book/20937
32,الأدب,1704,البديع في وصف الربيع,https://shamela.ws/book/1704
32,الأدب,37065,شرح معاني شعر المتنبي لابن الإفليلي - السفر الأول,https://shamela.ws/book/37065
32,الأدب,37327,شرح معاني شعر المتنبي لابن الإفليلي - السفر الثاني,https://shamela.ws/book/37327
32,الأدب,37491,قشر الفسر,https://shamela.ws/book/37491
32,الأدب,612,الفصول والغايات,https://shamela.ws/book/612
32,الأدب,29591,اللامع العزيزي شرح ديوان المتنبي,https://shamela.ws/book/29591
32,الأدب,563,رسالة الصاهل والشاجح,https://shamela.ws/book/563
32,الأدب,1589,رسالة الغفران,https://shamela.ws/book/1589
32,الأدب,753,معجز أحمد,https://shamela.ws/book/753
32,الأدب,621,جمع الجواهر في الملح والنوادر,https://shamela.ws/book/621
32,الأدب,10768,زهر الآداب وثمر الألباب,https://shamela.ws/book/10768
32,الأدب,5351,نور الطرف ونور الظرف,https://shamela.ws/book/5351
32,الأدب,36086,عمدة الكتاب وعدة ذوي الألباب,https://shamela.ws/book/36086
32,الأدب,37025,الفتح على أبي الفتح,https://shamela.ws/book/37025
32,الأدب,10518,طوق الحمامة لابن حزم,https://shamela.ws/book/10518
32,الأدب,775,شرح المشكل من شعر المتنبي,https://shamela.ws/book/775
32,الأدب,972,رسالة جامعة لفنون نافعة فى شرى الرقيق وتقليب العبيد - ضمن نوادر المخطوطات,https://shamela.ws/book/972
32,الأدب,786,مسائل الانتقاد,https://shamela.ws/book/786
32,الأدب,5428,التطفيل وحكايات الطفيليين,https://shamela.ws/book/5428
32,الأدب,10909,العمدة في محاسن الشعر وآدابه,https://shamela.ws/book/10909
32,الأدب,11239,سر الفصاحة,https://shamela.ws/book/11239
32,الأدب,10665,دمية القصر وعصرة أهل العصر,https://shamela.ws/book/10665
32,الأدب,16435,شرح حماسة أبي تمام للفارسي,https://shamela.ws/book/16435
32,الأدب,754,شرح ديوان المتنبي للواحدي,https://shamela.ws/book/754
32,الأدب,5449,أشعار الشعراء الستة الجاهليين,https://shamela.ws/book/5449
32,الأدب,1207,تحصيل عين الذهب من معدن جوهر الأدب في علم مجازات العرب,https://shamela.ws/book/1207
32,الأدب,970,رسالة ابن غرسية فى الشعوبية والردود عليها - ضمن نوادر المخطوطات,https://shamela.ws/book/970
32,الأدب,5363,الهفوات النادرة,https://shamela.ws/book/5363
32,الأدب,11253,شرح المعلقات السبع للزوزني,https://shamela.ws/book/11253
32,الأدب,6752,التنبيه على أوهام أبي علي في أماليه,https://shamela.ws/book/6752
32,الأدب,1586,اللآلي في شرح أمالي القالي - وعليه سمط اللآلي,https://shamela.ws/book/1586
32,الأدب,1025,فصل المقال في شرح كتاب الأمثال,https://shamela.ws/book/1025
32,الأدب,780,تفسير أبيات المعاني من شعر أبي الطيب المتنبي,https://shamela.ws/book/780
32,الأدب,26549,مصارع العشاق,https://shamela.ws/book/26549
32,الأدب,9078,محاضرات الأدباء ومحاورات الشعراء والبلغاء,https://shamela.ws/book/9078
32,الأدب,37488,شرح القصائد العشر,https://shamela.ws/book/37488
32,الأدب,6907,شرح ديوان الحماسة للتبريزي,https://shamela.ws/book/6907
32,الأدب,12857,رباعيات الخيام,https://shamela.ws/book/12857
32,الأدب,9096,المجموع اللفيف,https://shamela.ws/book/9096
32,الأدب,26585,مقامات الحريري,https://shamela.ws/book/26585
32,الأدب,12929,مجمع الأمثال,https://shamela.ws/book/12929
32,الأدب,17681,الاقتضاب في شرح أدب الكتاب = الكاتب,https://shamela.ws/book/17681
32,الأدب,95581,مطمح الأنفس ومسرح التأنس في ملح أهل الأندلس,https://shamela.ws/book/95581
32,الأدب,277,أطواق الذهب في المواعظ والخطب = كتاب المقالات,https://shamela.ws/book/277
32,الأدب,6895,المستقصى في أمثال العرب,https://shamela.ws/book/6895
32,الأدب,10668,ربيع الأبرار ونصوص الأخيار,https://shamela.ws/book/10668
32,الأدب,26586,مقامات الزمخشري,https://shamela.ws/book/26586
32,الأدب,1587,شرح أدب الكاتب = الكتاب,https://shamela.ws/book/1587
32,الأدب,120922,أمالي ابن الشجري ت الطناحي,https://shamela.ws/book/120922
32,الأدب,5354,ما لم ينشر من الأمالي الشجرية,https://shamela.ws/book/5354
32,الأدب,740,مختارات شعراء العرب لابن الشجري,https://shamela.ws/book/740
32,الأدب,5432,الأفضليات,https://shamela.ws/book/5432
32,الأدب,10914,المختار من شعر شعراء الأندلس,https://shamela.ws/book/10914
32,الأدب,10646,التذكرة الحمدونية,https://shamela.ws/book/10646
32,الأدب,5355,سفط الملح وزوح الترح,https://shamela.ws/book/5355
32,الأدب,94,القصيدة العجيبة والمفردة الغريبة ذات الأسئلة المفحمة والمعاني المحكمة,https://shamela.ws/book/94
32,الأدب,9248,النكت العصرية في أخبار الوزراء المصرية,https://shamela.ws/book/9248
32,الأدب,670,القرط على الكامل,https://shamela.ws/book/670
32,الأدب,22885,الحور العين,https://shamela.ws/book/22885
32,الأدب,1029,أخبار وتراجم أندلسية,https://shamela.ws/book/1029
32,الأدب,9225,البديع في نقد الشعر,https://shamela.ws/book/9225
32,الأدب,967,العصا - ضمن نوادر المخطوطات,https://shamela.ws/book/967
32,الأدب,5416,المنازل والديار,https://shamela.ws/book/5416
32,الأدب,10496,لباب الآداب لأسامة بن منقذ,https://shamela.ws/book/10496
32,الأدب,11068,أخبار الحمقى والمغفلين,https://shamela.ws/book/11068
32,الأدب,6952,أخبار الظراف والمتماجنين,https://shamela.ws/book/6952
32,الأدب,21563,أخبار النساء لابن الجوزي,https://shamela.ws/book/21563
32,الأدب,12815,خريدة القصر وجريدة العصر - أقسام أخرى,https://shamela.ws/book/12815
32,الأدب,12821,خريدة القصر وجريدة العصر - قسم شعراء العراق جـ 1,https://shamela.ws/book/12821
32,الأدب,12833,خريدة القصر وجريدة العصر - قسم شعراء العراق جـ 4 المجلد الثاني 2,https://shamela.ws/book/12833
32,الأدب,12856,خريدة القصر وجريدة العصر - قسم شعراء المغرب والأندلس جـ 2,https://shamela.ws/book/12856
32,الأدب,732,منتهى الطلب من أشعار العرب,https://shamela.ws/book/732
32,الأدب,1529,الانتخاب في شرح أدب الكتاب = الكاتب,https://shamela.ws/book/1529
32,الأدب,23119,دار الطراز في عمل الموشحات,https://shamela.ws/book/23119
32,الأدب,6902,الحماسة المغربية,https://shamela.ws/book/6902
32,الأدب,21559,بدائع البدائه,https://shamela.ws/book/21559
32,الأدب,1595,غرائب التنبيهات على عجائب التشبيهات,https://shamela.ws/book/1595
32,الأدب,6908,شرح ديوان المتنبي المنسوب للعكبري,https://shamela.ws/book/6908
32,الأدب,760,شرح مقامات الحريري,https://shamela.ws/book/760
32,الأدب,120146,أنس المسجون وراحة المحزون,https://shamela.ws/book/120146
32,الأدب,93,المطرب من أشعار أهل المغرب,https://shamela.ws/book/93
32,الأدب,37057,المآخذ على شراح ديوان أبي الطيب المتنبي,https://shamela.ws/book/37057
32,الأدب,1032,سرور النفس بمدارك الحواس الخمس,https://shamela.ws/book/1032
32,الأدب,13666,كنز الكتاب ومنتخب الأدب,https://shamela.ws/book/13666
32,الأدب,629,نضرة الإغريض في نصرة القريض,https://shamela.ws/book/629
32,الأدب,8190,إعتاب الكتاب,https://shamela.ws/book/8190
32,الأدب,6901,الحماسة البصرية,https://shamela.ws/book/6901
32,الأدب,37489,ضرائر الشعر,https://shamela.ws/book/37489
32,الأدب,7050,الحلبة في أسماء الخيل,https://shamela.ws/book/7050
32,الأدب,31379,كشف الأسرار في حكم الطيور والأزهار,https://shamela.ws/book/31379
32,الأدب,5388,منهاج البلغاء وسراج الأدباء,https://shamela.ws/book/5388
32,الأدب,665,المرقصات والمطربات,https://shamela.ws/book/665
32,الأدب,9100,المقتطف من أزاهر الطرف,https://shamela.ws/book/9100
32,الأدب,724,التذكرة الفخرية,https://shamela.ws/book/724
32,الأدب,764,رسالة الطيف,https://shamela.ws/book/764
32,الأدب,644,المقامات الزينية,https://shamela.ws/book/644
32,الأدب,743,التذكرة السعدية في الأشعار العربية,https://shamela.ws/book/743
32,الأدب,20762,الدر الفريد وبيت القصيد,https://shamela.ws/book/20762
32,الأدب,37632,نثار الأزهار في الليل والنهار,https://shamela.ws/book/37632
32,الأدب,148534,موائد الحيس في فوائد القيس,https://shamela.ws/book/148534
32,الأدب,1349,غرر الخصائص الواضحة,https://shamela.ws/book/1349
32,الأدب,771,مباهج الفكر ومناهج العبر,https://shamela.ws/book/771
32,الأدب,10283,نهاية الأرب في فنون الأدب,https://shamela.ws/book/10283
32,الأدب,788,حلية الفرسان وشعار الشجعان,https://shamela.ws/book/788
32,الأدب,6939,الشعور بالعور,https://shamela.ws/book/6939
32,الأدب,5409,توشيع التوشيح,https://shamela.ws/book/5409
32,الأدب,5393,كشف الحال في وصف الخال,https://shamela.ws/book/5393
32,الأدب,37494,لوعة الشاكي ودمعة الباكي,https://shamela.ws/book/37494
32,الأدب,95575,جيش التوشيح,https://shamela.ws/book/95575
32,الأدب,6955,ريحانة الكتاب ونجعة المنتاب,https://shamela.ws/book/6955
32,الأدب,580,ديوان الصبابة,https://shamela.ws/book/580
32,الأدب,575,نسيم الصبا,https://shamela.ws/book/575
32,الأدب,17458,تحقيق الفوائد الغياثية,https://shamela.ws/book/17458
32,الأدب,584,الإفادات والإنشادات,https://shamela.ws/book/584
32,الأدب,10664,حياة الحيوان الكبرى,https://shamela.ws/book/10664
32,الأدب,95860,شرح لامية العجم للدميري,https://shamela.ws/book/95860
32,الأدب,5390,مطالع البدور ومنازل السرور,https://shamela.ws/book/5390
32,الأدب,9429,صبح الأعشى في صناعة الإنشا - ط العلمية,https://shamela.ws/book/9429
32,الأدب,5406,حدائق الأزاهر,https://shamela.ws/book/5406
32,الأدب,567,بلوغ الأمل في فن الزجل,https://shamela.ws/book/567
32,الأدب,11056,ثمرات الأوراق في المحاضرات,https://shamela.ws/book/11056
32,الأدب,8675,خزانة الأدب وغاية الأرب لابن حجة الحموي,https://shamela.ws/book/8675
32,الأدب,36075,الفلاكة والمفلوكون,https://shamela.ws/book/36075
32,الأدب,10710,رسائل المقريزي,https://shamela.ws/book/10710
32,الأدب,23802,المستطرف في كل فن مستظرف,https://shamela.ws/book/23802
32,الأدب,16714,المقاصد النحوية في شرح شواهد شروح الألفية,https://shamela.ws/book/16714
32,الأدب,36073,الشفاء في بديع الاكتفاء,https://shamela.ws/book/36073
32,الأدب,9708,الكنس الجواري في الحسان من الجواري,https://shamela.ws/book/9708
32,الأدب,9733,جنة الولدان في الحسان من الغلمان,https://shamela.ws/book/9733
32,الأدب,733,الازدهار في ما عقده الشعراء من الأحاديث والآثار,https://shamela.ws/book/733
32,الأدب,781,التبري من معرة المعري,https://shamela.ws/book/781
32,الأدب,9099,المحاضرات والمحاورات,https://shamela.ws/book/9099
32,الأدب,17724,شرح شواهد المغني,https://shamela.ws/book/17724
32,الأدب,1345,صفة صاحب الذوق السليم,https://shamela.ws/book/1345
32,الأدب,5396,طوق الحمامة للسيوطي,https://shamela.ws/book/5396
32,الأدب,28112,مقامات السيوطي,https://shamela.ws/book/28112
32,الأدب,8200,نزهة الجلساء في أشعار النساء,https://shamela.ws/book/8200
32,الأدب,973,هداية المريد فى تقليب العبيد - ضمن نوادر المخطوطات,https://shamela.ws/book/973
32,الأدب,10512,روض الأخيار المنتخب من ربيع الأبرار,https://shamela.ws/book/10512
32,الأدب,656,فص الخواتم فيما قيل في الولائم,https://shamela.ws/book/656
32,الأدب,630,تزيين الأسواق في أخبار العشاق,https://shamela.ws/book/630
32,الأدب,1571,الكشكول,https://shamela.ws/book/1571
32,الأدب,147065,غذاء الأرواح بالمحادثة والمزاح,https://shamela.ws/book/147065
32,الأدب,1002,نفح الطيب من غصن الاندلس الرطيب ت إحسان عباس,https://shamela.ws/book/1002
32,الأدب,21498,الصبح المنبي عن حيثية المتنبي,https://shamela.ws/book/21498
32,الأدب,12732,خزانة الأدب ولب لباب لسان العرب للبغدادي,https://shamela.ws/book/12732
32,الأدب,969,رسالة التلميذ - ضمن نوادر المخطوطات,https://shamela.ws/book/969
32,الأدب,473,المحاضرات في اللغة والأدب,https://shamela.ws/book/473
32,الأدب,7414,زهر الأكم في الأمثال والحكم,https://shamela.ws/book/7414
32,الأدب,5446,أنوار الربيع في أنواع البديع,https://shamela.ws/book/5446
32,الأدب,5410,تفريج الكرب في معرفة لامية العرب,https://shamela.ws/book/5410
32,الأدب,662,تحفة المشتاق إلى شرح أبيات المولى إسحق,https://shamela.ws/book/662
32,الأدب,36079,المفاخرة بين الماء والهواء,https://shamela.ws/book/36079
32,الأدب,35888,نفحة اليمن فيما يزول بذكره الشجن,https://shamela.ws/book/35888
32,الأدب,189,مجمع البحرين لليازجي = مقامات اليازجي,https://shamela.ws/book/189
32,الأدب,2512,حماسة القرشي,https://shamela.ws/book/2512
32,الأدب,9693,الساق على الساق في ما هو الفارياق,https://shamela.ws/book/9693
32,الأدب,5448,العقد المفصل,https://shamela.ws/book/5448
32,الأدب,5385,نظم اللآل في الحكم والأمثال,https://shamela.ws/book/5385
32,الأدب,28173,نشوة السكران من صهباء تذكار الغزلان,https://shamela.ws/book/28173
32,الأدب,35118,مجلة الأستاذ,https://shamela.ws/book/35118
32,الأدب,245,مجلة التنكيت والتبكيت,https://shamela.ws/book/245
32,الأدب,28175,نفح الأزهار في منتخبات الأشعار,https://shamela.ws/book/28175
32,الأدب,10426,نجعة الرائد وشرعة الوارد في المترادف والمتوارد,https://shamela.ws/book/10426
32,الأدب,37633,نضرة البهار في محاورة الليل والنهار,https://shamela.ws/book/37633
32,الأدب,9752,نخبة عقد الأجياد في الصافنات الجياد,https://shamela.ws/book/9752
32,الأدب,37486,رسالة في الشاي والقهوة والدخان,https://shamela.ws/book/37486
32,الأدب,26382,العبرات للمنفلوطي,https://shamela.ws/book/26382
32,الأدب,11400,النظرات,https://shamela.ws/book/11400
32,الأدب,5361,أوهام شعراء العرب في المعاني,https://shamela.ws/book/5361
32,الأدب,8188,أسواق الذهب,https://shamela.ws/book/8188
32,الأدب,36077,اللؤلؤ في الأدب,https://shamela.ws/book/36077
32,الأدب,5418,المساكين,https://shamela.ws/book/5418
32,الأدب,10548,تاريخ آداب العرب,https://shamela.ws/book/10548
32,الأدب,11755,وحي القلم,https://shamela.ws/book/11755
32,الأدب,5375,نزهة الأبصار بطرائف الأخبار والأشعار,https://shamela.ws/book/5375
32,الأدب,6903,السحر الحلال في الحكم والأمثال,https://shamela.ws/book/6903
32,الأدب,21505,جواهر الأدب في أدبيات وإنشاء لغة العرب,https://shamela.ws/book/21505
32,الأدب,36072,الذخائر والعبقريات,https://shamela.ws/book/36072
32,الأدب,73348,مجلة البيان للبرقوقي,https://shamela.ws/book/73348
32,الأدب,18428,الخطابة عند العرب,https://shamela.ws/book/18428
32,الأدب,73350,مجلة «الثقافة» السورية,https://shamela.ws/book/73350
32,الأدب,9971,في الميزان الجديد,https://shamela.ws/book/9971
32,الأدب,519,تنبيهات على الكامل للمبرد نشرة زكي مبارك - ضمن «آثار المعلمي»,https://shamela.ws/book/519
32,الأدب,319,شرح بيت ومعناه - ضمن «آثار المعلمي»,https://shamela.ws/book/319
32,الأدب,351,معجم الشواهد الشعرية - ضمن «آثار المعلمي»,https://shamela.ws/book/351
32,الأدب,29674,مجلة الرسالة,https://shamela.ws/book/29674
32,الأدب,1010,النقد الأدبي ومدارسه الحديثة,https://shamela.ws/book/1010
32,الأدب,11543,المدخل في فن التحرير الصحفي,https://shamela.ws/book/11543
32,الأدب,17321,أصول الإنشاء والخطابة,https://shamela.ws/book/17321
32,الأدب,12005,جمهرة خطب العرب في عصور العربية الزاهرة,https://shamela.ws/book/12005
32,الأدب,13658,جمهرة رسائل العرب في عصور العربية,https://shamela.ws/book/13658
32,الأدب,5184,أتوعد سنات الرسول بمحوها,https://shamela.ws/book/5184
32,الأدب,12733,كناشة النوادر,https://shamela.ws/book/12733
32,الأدب,11565,في الأدب الحديث,https://shamela.ws/book/11565
32,الأدب,12116,نشأة النثر الحديث وتطوره,https://shamela.ws/book/12116
32,الأدب,22828,الشعراء الصعاليك في العصر الجاهلي,https://shamela.ws/book/22828
32,الأدب,10126,جولة في كتابي (الأغاني) و (السيف اليماني),https://shamela.ws/book/10126
32,الأدب,12255,شعر شوقي في ميزان النقد,https://shamela.ws/book/12255
32,الأدب,11546,المعارك الأدبية,https://shamela.ws/book/11546
32,الأدب,1018,اتجاهات الشعر العربي المعاصر,https://shamela.ws/book/1018
32,الأدب,1017,بدر شاكر السياب دراسة في حياته وشعره,https://shamela.ws/book/1017
32,الأدب,1015,تاريخ الأدب الأندلسي (عصر الطوائف والمرابطين),https://shamela.ws/book/1015
32,الأدب,1016,تاريخ الأدب الأندلسي (عصر سيادة قرطبة),https://shamela.ws/book/1016
32,الأدب,1014,تاريخ النقد الأدبي عند العرب,https://shamela.ws/book/1014
32,الأدب,1013,شعر الخوارج,https://shamela.ws/book/1013
32,الأدب,1019,فن السيرة,https://shamela.ws/book/1019
32,الأدب,1012,ملامح يونانية في الأدب العربي,https://shamela.ws/book/1012
32,الأدب,150936,المرشد إلى فهم أشعار العرب,https://shamela.ws/book/150936
32,الأدب,9981,الأدب العربي المعاصر في مصر,https://shamela.ws/book/9981
32,الأدب,8666,الفن ومذاهبه في الشعر العربي,https://shamela.ws/book/8666
32,الأدب,11544,الفن ومذاهبه في النثر العربي,https://shamela.ws/book/11544
32,الأدب,11996,تاريخ الأدب العربي لشوقي ضيف,https://shamela.ws/book/11996
32,الأدب,2097,قضايا الشعر المعاصر,https://shamela.ws/book/2097
32,الأدب,8501,الأدب وفنونه - دراسة ونقد,https://shamela.ws/book/8501
32,الأدب,151015,خصائص النظم في «خصائص العربية» لابن جني,https://shamela.ws/book/151015
32,الأدب,8497,فن المقالة,https://shamela.ws/book/8497
32,الأدب,7585,التحرير الأدبي,https://shamela.ws/book/7585
32,الأدب,7454,قصة الأدب في الحجاز,https://shamela.ws/book/7454
32,الأدب,17712,شرح الشواهد الشعرية في أمات الكتب النحوية,https://shamela.ws/book/17712
32,الأدب,2055,مصادر الشعر الجاهلي,https://shamela.ws/book/2055
32,الأدب,96173,أناشيد أبي مازن,https://shamela.ws/book/96173
32,الأدب,983,رسالة في النيروز مما فسره بطليموس الحكيم - ضمن نوادر المخطوطات,https://shamela.ws/book/983
32,الأدب,2037,فن التحرير العربي,https://shamela.ws/book/2037
32,الأدب,7473,أبيات مختارة تشتمل على عقيدة، نصائح، مواعظ، وصايا، حكم، أمثال، أدب,https://shamela.ws/book/7473
32,الأدب,12930,مجمع الحكم والأمثال في الشعر العربي,https://shamela.ws/book/12930
32,الأدب,23141,البحث الأدبي بين النظر والتطبيق,https://shamela.ws/book/23141
32,الأدب,21102,الصورة الأدبية تاريخ ونقد,https://shamela.ws/book/21102
32,الأدب,22860,المذاهب الأدبية في الشعر الحديث لجنوب المملكة العربية السعودية,https://shamela.ws/book/22860
32,الأدب,22859,في النقد الأدبي,https://shamela.ws/book/22859
32,الأدب,11735,دراسات في الفن الصحفي,https://shamela.ws/book/11735
32,الأدب,12046,في تاريخ الأدب الجاهلي,https://shamela.ws/book/12046
32,الأدب,11184,دراسة في نصوص العصر الجاهلي تحليل وتذوق,https://shamela.ws/book/11184
32,الأدب,11275,فن الإلقاء,https://shamela.ws/book/11275
32,الأدب,18270,بحوث ومقالات في اللغة والأدب وتقويم النصوص (مقالات محمد أجمل الإصلاحي),https://shamela.ws/book/18270
32,الأدب,8641,تطور الأدب الحديث في مصر,https://shamela.ws/book/8641
32,الأدب,8651,فن الكتابة الصحفية,https://shamela.ws/book/8651
32,الأدب,10000,الأدب الجاهلي في آثار الدارسين قديما وحديثا,https://shamela.ws/book/10000
32,الأدب,10001,شعر الفتوح الإسلامية في صدر الإسلام,https://shamela.ws/book/10001
32,الأدب,10003,فن المقال الصحفي في أدب طه حسين,https://shamela.ws/book/10003
32,الأدب,10540,المقال وتطوره في الأدب المعاصر,https://shamela.ws/book/10540
32,الأدب,10543,فنون التحرير الصحفي بين النظرية والتطبيق المقال الصحفي,https://shamela.ws/book/10543
32,الأدب,23138,الشعر في خراسان من الفتح إلى نهاية العصر الأموي,https://shamela.ws/book/23138
32,الأدب,10409,الشعر في ضوء الشريعة الإسلامية,https://shamela.ws/book/10409
32,الأدب,12279,طه حسين حياته وأدبه في ميزان الإسلام,https://shamela.ws/book/12279
32,الأدب,10420,الصولي شاعرا دراسة فنية تحليلية لأهم أغراض الشعر عنده,https://shamela.ws/book/10420
32,الأدب,8972,النقد الأدبي ومقاييسه خلال عهد الرسول صلى الله عليه وسلم وعصر الخلافة الراشدة,https://shamela.ws/book/8972
32,الأدب,8372,صيد الأفكار في الأدب والأخلاق والحكم والأمثال,https://shamela.ws/book/8372
32,الأدب,30927,أصول البحث الأدبي ومصادره - جامعة المدينة,https://shamela.ws/book/30927
32,الأدب,10189,الأدب المقارن - جامعة المدينة (بكالوريوس),https://shamela.ws/book/10189
32,الأدب,8949,الأدب المقارن - جامعة المدينة (ماجستير),https://shamela.ws/book/8949
32,الأدب,145424,السمبوسة في كتب التراث ـ النشرة الرابعة,https://shamela.ws/book/145424
32,الأدب,145430,منهج الدميري في كتابه حياة الحيوان,https://shamela.ws/book/145430
32,الأدب,145432,ندب العيد,https://shamela.ws/book/145432
32,الأدب,14277,المعجم المفصل في شواهد العربية,https://shamela.ws/book/14277
32,الأدب,16377,شروح حماسة أبي تمام دراسة موازنة في مناهجها وتطبيقها,https://shamela.ws/book/16377
33,العروض والقوافي,737,القوافي للأخفش الأوسط,https://shamela.ws/book/737
33,العروض والقوافي,6917,العروض,https://shamela.ws/book/6917
33,العروض والقوافي,10911,القوافي للتنوخي,https://shamela.ws/book/10911
33,العروض والقوافي,658,القسطاس في علم العروض,https://shamela.ws/book/658
33,العروض والقوافي,5421,العيون الغامزة على خبايا الرامزة,https://shamela.ws/book/5421
33,العروض والقوافي,10860,أهدى سبيل إلى علمي الخليل,https://shamela.ws/book/10860
33,العروض والقوافي,511,مختصر متن الكافي في العروض والقوافي - ضمن «آثار المعلمي»,https://shamela.ws/book/511
33,العروض والقوافي,509,مناظرة أدبية بين المعلمي والشاعر الأديب علي بن محمد السنوسي - ضمن «آثار المعلمي»,https://shamela.ws/book/509
33,العروض والقوافي,11298,علم العروض والقافية,https://shamela.ws/book/11298
34,الشعر ودواوينه,149481,ديوان عمرو بن قميئة,https://shamela.ws/book/149481
34,الشعر ودواوينه,27112,ديوان امرئ القيس ت المصطاوي,https://shamela.ws/book/27112
34,الشعر ودواوينه,14278,ديوان الأفوه الأودي,https://shamela.ws/book/14278
34,الشعر ودواوينه,36422,ديوان طرفة بن العبد,https://shamela.ws/book/36422
34,الشعر ودواوينه,149875,ديوان الحارث بن حلزة اليشكري,https://shamela.ws/book/149875
34,الشعر ودواوينه,149483,ديوان سلامة بن جندل,https://shamela.ws/book/149483
34,الشعر ودواوينه,149873,ديوان قيس بن الخطيم,https://shamela.ws/book/149873
34,الشعر ودواوينه,149871,ديوان عامر بن الطفيل,https://shamela.ws/book/149871
34,الشعر ودواوينه,35077,ديوان لبيد بن ربيعة العامري,https://shamela.ws/book/35077
34,الشعر ودواوينه,149485,ديوان سويد بن أبي كاهل اليشكري,https://shamela.ws/book/149485
34,الشعر ودواوينه,149482,ديوان معاوية بن أبي سفيان,https://shamela.ws/book/149482
34,الشعر ودواوينه,149016,ديوان أبي دهبل الجمحي,https://shamela.ws/book/149016
34,الشعر ودواوينه,149874,ديوان ليلى الأخيلية,https://shamela.ws/book/149874
34,الشعر ودواوينه,133412,ديوان جرير بشرح محمد بن حبيب,https://shamela.ws/book/133412
34,الشعر ودواوينه,148540,شعر أبي حية النميري,https://shamela.ws/book/148540
34,الشعر ودواوينه,16545,ديوان ذي الرمة - بشرح أبي نصر الباهلي,https://shamela.ws/book/16545
34,الشعر ودواوينه,149872,ديوان عمارة بن عقيل,https://shamela.ws/book/149872
34,الشعر ودواوينه,148539,ديوان أبي الأسود الدؤلي,https://shamela.ws/book/148539
34,الشعر ودواوينه,148536,ديوان ابن أبي حصينة,https://shamela.ws/book/148536
34,الشعر ودواوينه,148537,ديوان ابن الخياط,https://shamela.ws/book/148537
34,الشعر ودواوينه,148538,ديوان ابن نباتة المصري,https://shamela.ws/book/148538
34,الشعر ودواوينه,95843,ديوان محمد العيد آل خليفة,https://shamela.ws/book/95843
34,الشعر ودواوينه,96335,ديوان الشيخ أحمد سحنون,https://shamela.ws/book/96335
34,الشعر ودواوينه,17904,ديوان الهذليين,https://shamela.ws/book/17904
34,الشعر ودواوينه,97802,ملحمة حر,https://shamela.ws/book/97802
35,البلاغة,11661,البديع في البديع لابن المعتز,https://shamela.ws/book/11661
35,البلاغة,8279,سحر البلاغة وسر البراعة,https://shamela.ws/book/8279
35,البلاغة,8187,أسرار البلاغة - ت محمود شاكر,https://shamela.ws/book/8187
35,البلاغة,17387,أسرار البلاغة - ت هنداوي,https://shamela.ws/book/17387
35,البلاغة,22664,دلائل الإعجاز ت الأيوبي,https://shamela.ws/book/22664
35,البلاغة,12055,دلائل الإعجاز ت شاكر,https://shamela.ws/book/12055
35,البلاغة,37697,دلائل الإعجاز ت هنداوي,https://shamela.ws/book/37697
35,البلاغة,26581,مفتاح العلوم,https://shamela.ws/book/26581
35,البلاغة,37475,الجامع الكبير في صناعة المنظوم من الكلام والمنثور,https://shamela.ws/book/37475
35,البلاغة,10551,المثل السائر في أدب الكاتب والشاعر ت الحوفي,https://shamela.ws/book/10551
35,البلاغة,23794,المثل السائر في أدب الكاتب والشاعر ت محيي الدين عبد الحميد,https://shamela.ws/book/23794
35,البلاغة,26520,تحرير التحبير في صناعة الشعر والنثر,https://shamela.ws/book/26520
35,البلاغة,10550,الفلك الدائر على المثل السائر,https://shamela.ws/book/10550
35,البلاغة,7380,الإيضاح في علوم البلاغة,https://shamela.ws/book/7380
35,البلاغة,23788,الطراز لأسرار البلاغة وعلوم حقائق الإعجاز,https://shamela.ws/book/23788
35,البلاغة,514,نصرة الثائر على المثل السائر,https://shamela.ws/book/514
35,البلاغة,11151,عروس الأفراح في شرح تلخيص المفتاح,https://shamela.ws/book/11151
35,البلاغة,97803,عقود الجمان في علم المعاني والبيان,https://shamela.ws/book/97803
35,البلاغة,10096,تلوين الخطاب لابن كمال باشا دراسة وتحقيق,https://shamela.ws/book/10096
35,البلاغة,9891,رسالة في تحقيق معنى النظم والصياغة,https://shamela.ws/book/9891
35,البلاغة,13680,الأطول شرح تلخيص مفتاح العلوم,https://shamela.ws/book/13680
35,البلاغة,6951,معاهد التنصيص على شواهد التلخيص,https://shamela.ws/book/6951
35,البلاغة,147320,درر الفرائد المستحسنة في شرح منظومة ابن الشحنة,https://shamela.ws/book/147320
35,البلاغة,147062,حاشية الدسوقي على مختصر المعاني,https://shamela.ws/book/147062
35,البلاغة,9256,جواهر البلاغة في المعاني والبيان والبديع,https://shamela.ws/book/9256
35,البلاغة,9997,علوم البلاغة,https://shamela.ws/book/9997
35,البلاغة,10281,بغية الإيضاح لتلخيص المفتاح في علوم البلاغة,https://shamela.ws/book/10281
35,البلاغة,17668,علم البديع,https://shamela.ws/book/17668
35,البلاغة,17669,علم البيان,https://shamela.ws/book/17669
35,البلاغة,17670,علم المعاني,https://shamela.ws/book/17670
35,البلاغة,12825,البلاغة العربية,https://shamela.ws/book/12825
35,البلاغة,151012,البلاغة الصافية في المعاني والبيان والبديع,https://shamela.ws/book/151012
35,البلاغة,151013,النظم البلاغي بين النظرية والتطبيق,https://shamela.ws/book/151013
35,البلاغة,151016,دلائل الإعجاز بين أبي سعيد السيرافي والجرجاني,https://shamela.ws/book/151016
35,البلاغة,151018,من قضايا البلاغة والنقد عند عبد القادر الجرجاني,https://shamela.ws/book/151018
35,البلاغة,17376,أساليب بلاغية,https://shamela.ws/book/17376
35,البلاغة,7357,الأسلوب,https://shamela.ws/book/7357
35,البلاغة,10021,المنهاج الواضح للبلاغة,https://shamela.ws/book/10021
35,البلاغة,3334,خصائص التراكيب دارسة تحليلية لمسائل علم المعاني,https://shamela.ws/book/3334
35,البلاغة,8793,البديع عند الحريري,https://shamela.ws/book/8793
35,البلاغة,36098,شرح مائة المعاني والبيان,https://shamela.ws/book/36098
35,البلاغة,11200,البلاغة 1 - البيان والبديع - جامعة المدينة,https://shamela.ws/book/11200
35,البلاغة,7582,البلاغة 2 - المعاني - جامعة المدينة,https://shamela.ws/book/7582
35,البلاغة,17671,علوم البلاغة «البديع والبيان والمعاني»,https://shamela.ws/book/17671
36,الجوامع,4135,الهوامل والشوامل,https://shamela.ws/book/4135
36,الجوامع,1038,رسائل ابن حزم,https://shamela.ws/book/1038
36,الجوامع,18285,كتاب الفنون لابن عقيل,https://shamela.ws/book/18285
36,الجوامع,122409,المجتبى من المجتنى,https://shamela.ws/book/122409
36,الجوامع,9690,الفتاوى الكبرى لابن تيمية,https://shamela.ws/book/9690
36,الجوامع,13088,المسائل والأجوبة لابن تيمية,https://shamela.ws/book/13088
36,الجوامع,10284,المستدرك على مجموع الفتاوى,https://shamela.ws/book/10284
36,الجوامع,22653,جامع الرسائل لابن تيمية - رشاد سالم,https://shamela.ws/book/22653
36,الجوامع,145376,جامع المسائل - ابن تيمية - ط عطاءات العلم,https://shamela.ws/book/145376
36,الجوامع,7289,مجموع الفتاوى,https://shamela.ws/book/7289
36,الجوامع,11730,مجموعة الرسائل والمسائل لابن تيمية - رشيد رضا,https://shamela.ws/book/11730
36,الجوامع,20647,مجموع رسائل الحافظ ابن عبد الهادي,https://shamela.ws/book/20647
36,الجوامع,12003,بدائع الفوائد - ط الكتاب العربي,https://shamela.ws/book/12003
36,الجوامع,145410,بدائع الفوائد - ط عطاءات العلم,https://shamela.ws/book/145410
36,الجوامع,16928,مجموع رسائل الحافظ العلائي جـ 1,https://shamela.ws/book/16928
36,الجوامع,95735,مجموع رسائل ابن رجب,https://shamela.ws/book/95735
36,الجوامع,16817,مجموعة رسائل العلامة قاسم بن قطلوبغا,https://shamela.ws/book/16817
36,الجوامع,133413,زبد العلوم وصاحب المنطوق والمفهوم,https://shamela.ws/book/133413
36,الجوامع,21723,الحاوي للفتاوي,https://shamela.ws/book/21723
36,الجوامع,7612,الخطب المنبرية (مطبوع ضمن مؤلفات الشيخ محمد بن عبد الوهاب، الجزء الثاني عشر),https://shamela.ws/book/7612
36,الجوامع,36543,الفتح الرباني من فتاوى الإمام الشوكاني,https://shamela.ws/book/36543
36,الجوامع,1610,مجموعة رسائل ابن عابدين - ط إسطنبول,https://shamela.ws/book/1610
36,الجوامع,16865,مجموعة الرسائل والمسائل النجدية - ط المنار,https://shamela.ws/book/16865
36,الجوامع,6947,مجلة المنار,https://shamela.ws/book/6947
36,الجوامع,9140,آثار ابن باديس,https://shamela.ws/book/9140
36,الجوامع,4315,جريدة «الشريعة» النبوية المحمدية,https://shamela.ws/book/4315
36,الجوامع,29676,مجلة الحقائق,https://shamela.ws/book/29676
36,الجوامع,36540,مجلة لغة العرب العراقية,https://shamela.ws/book/36540
36,الجوامع,36534,مجلة «الزهور» المصرية,https://shamela.ws/book/36534
36,الجوامع,26523,مجلة المقتبس,https://shamela.ws/book/26523
36,الجوامع,20642,جمهرة مقالات أحمد شاكر,https://shamela.ws/book/20642
36,الجوامع,14579,موسوعة الأعمال الكاملة للإمام محمد الخضر حسين,https://shamela.ws/book/14579
36,الجوامع,5167,آثار الإمام محمد البشير الإبراهيمي,https://shamela.ws/book/5167
36,الجوامع,14381,آثار عبد الرحمن بن يحيى المعلمي اليماني,https://shamela.ws/book/14381
36,الجوامع,147597,جمهرة مقالات ورسائل الشيخ الإمام محمد الطاهر ابن عاشور,https://shamela.ws/book/147597
36,الجوامع,284,محاضرات الشنقيطي,https://shamela.ws/book/284
36,الجوامع,21514,نوادر المخطوطات,https://shamela.ws/book/21514
36,الجوامع,19234,بحوث وتحقيقات عبد العزيز الميمني,https://shamela.ws/book/19234
36,الجوامع,16521,موجز دائرة المعارف الإسلامية,https://shamela.ws/book/16521
36,الجوامع,20641,جمهرة مقالات محمود شاكر,https://shamela.ws/book/20641
36,الجوامع,148533,مقالات الطناحي صفحات في التراث والتراجم واللغة والأدب,https://shamela.ws/book/148533
36,الجوامع,820,المجموع المفيد الممتاز من كتب العلامة ابن باز,https://shamela.ws/book/820
36,الجوامع,7680,دروس للشيخ عبد العزيز بن باز,https://shamela.ws/book/7680
36,الجوامع,7682,دروس للشيخ الألباني,https://shamela.ws/book/7682
36,الجوامع,8,دروس للشيخ عطية سالم,https://shamela.ws/book/8
36,الجوامع,7688,دروس الحرم المدني للعثيمين,https://shamela.ws/book/7688
36,الجوامع,7678,دروس للشيخ العثيمين,https://shamela.ws/book/7678
36,الجوامع,73354,مجلة «المعرفة» السورية,https://shamela.ws/book/73354
36,الجوامع,96520,مجموع رسائل عبد الرحمن بن وهف القحطاني,https://shamela.ws/book/96520
36,الجوامع,96557,دراسات وتوجيهات إسلامية,https://shamela.ws/book/96557
36,الجوامع,3055,الدرر السنية في الأجوبة النجدية,https://shamela.ws/book/3055
36,الجوامع,7685,دروس للشيخ ابن جبرين,https://shamela.ws/book/7685
36,الجوامع,17392,مجموعة رسائل التوجيهات الإسلامية لإصلاح الفرد والمجتمع,https://shamela.ws/book/17392
36,الجوامع,37419,دروس الشيخ عمر الأشقر,https://shamela.ws/book/37419
36,الجوامع,7693,دروس للشيخ أبي إسحاق الحويني,https://shamela.ws/book/7693
36,الجوامع,7733,دروس للشيخ عمر العيد,https://shamela.ws/book/7733
36,الجوامع,22890,المنتخب من كتب شيخ الإسلام,https://shamela.ws/book/22890
36,الجوامع,7716,دروس للشيخ سفر الحوالي,https://shamela.ws/book/7716
36,الجوامع,30029,التعليق والبيان على الدين الحق للشيخ عبد الرحمن بن حماد العمر,https://shamela.ws/book/30029
36,الجوامع,36993,دروس الشيخ عبد المحسن العباد,https://shamela.ws/book/36993
36,الجوامع,21759,أبحاث هيئة كبار العلماء,https://shamela.ws/book/21759
36,الجوامع,37755,خطب المسجد الحرام,https://shamela.ws/book/37755
36,الجوامع,37823,خطب المسجد النبوي,https://shamela.ws/book/37823
36,الجوامع,8322,مجلة البحوث الإسلامية,https://shamela.ws/book/8322
36,الجوامع,1541,مجلة البيان,https://shamela.ws/book/1541
36,الجوامع,4473,مجلة الجامعة الإسلامية بالمدينة المنورة,https://shamela.ws/book/4473
36,الجوامع,1190,مجلة جامعة أم القرى لعلوم الشريعة واللغة العربية,https://shamela.ws/book/1190
36,الجوامع,95660,مقالات موقع الدرر السنية,https://shamela.ws/book/95660
36,الجوامع,433,موسوعة المفاهيم الإسلامية العامة,https://shamela.ws/book/433
36,الجوامع,95557,نتائج البحوث وخواتيم الكتب,https://shamela.ws/book/95557
36,الجوامع,37729,دروس الشيخ ناصر العقل,https://shamela.ws/book/37729
36,الجوامع,8903,المؤتمر العالمي لتوجيه الدعوة وإعداد الدعاة,https://shamela.ws/book/8903
36,الجوامع,7710,دروس للشيخ علي القرني,https://shamela.ws/book/7710
36,الجوامع,7735,دروس للشيخ صالح بن حميد,https://shamela.ws/book/7735
36,الجوامع,7704,دروس للشيخ محمد المنجد,https://shamela.ws/book/7704
36,الجوامع,7708,دروس الشيخ عائض القرني,https://shamela.ws/book/7708
36,الجوامع,7683,دروس للشيخ محمد المختار الشنقيطي,https://shamela.ws/book/7683
36,الجوامع,7694,دروس للشيخ مصطفى العدوي,https://shamela.ws/book/7694
36,الجوامع,7703,دروس للشيخ محمد حسان,https://shamela.ws/book/7703
36,الجوامع,7722,دروس للشيخ محمد الحسن الددو الشنقيطي,https://shamela.ws/book/7722
36,الجوامع,7718,دروس للشيخ خالد المصلح,https://shamela.ws/book/7718
36,الجوامع,7721,دروس للشيخ علي بن عمر بادحدح,https://shamela.ws/book/7721
36,الجوامع,7711,دروس للشيخ إبراهيم الدويش,https://shamela.ws/book/7711
36,الجوامع,7717,دروس للشيخ نبيل العوضي,https://shamela.ws/book/7717
36,الجوامع,7736,دروس للشيخ سعيد بن مسفر,https://shamela.ws/book/7736
36,الجوامع,7738,دروس للشيخ عبد الرحمن السديس,https://shamela.ws/book/7738
36,الجوامع,7741,دروس للشيخ سعود الشريم,https://shamela.ws/book/7741
36,الجوامع,7744,دروس للشيخ عبد الله الجلالي,https://shamela.ws/book/7744
36,الجوامع,7739,دروس للشيخ عبد الرحمن المحمود,https://shamela.ws/book/7739
36,الجوامع,7720,دروس الشيخ أحمد فريد,https://shamela.ws/book/7720
36,الجوامع,36323,دروس الشيخ سيد حسين العفاني,https://shamela.ws/book/36323
36,الجوامع,21782,خطب ودروس الشيخ عبد الرحيم الطحان,https://shamela.ws/book/21782
36,الجوامع,23349,دروس الشيخ عبد الكريم الخضير,https://shamela.ws/book/23349
36,الجوامع,37018,دروس الشيخ محمد إسماعيل المقدم,https://shamela.ws/book/37018
36,الجوامع,334,إرشاد الأنام إلى أصول ومهمات دين الإسلام,https://shamela.ws/book/334
36,الجوامع,20948,شعاع من المحراب,https://shamela.ws/book/20948
36,الجوامع,37817,دروس للشيخ إبراهيم الفارس,https://shamela.ws/book/37817
36,الجوامع,30193,موسوعة خزائن العلوم الإسلامية في ضوء القرآن والسنة,https://shamela.ws/book/30193
36,الجوامع,36990,دروس الشيخ أحمد حطيبة,https://shamela.ws/book/36990
36,الجوامع,37626,دروس الشيخ حسن أبو الأشبال,https://shamela.ws/book/37626
36,الجوامع,37004,دروس للشيخ ياسر برهامي,https://shamela.ws/book/37004
36,الجوامع,37046,دروس الدكتور عمر عبد الكافي,https://shamela.ws/book/37046
36,الجوامع,37003,دروس للشيخ عبد الله حماد الرسي,https://shamela.ws/book/37003
36,الجوامع,37383,دروس الدكتور راغب السرجاني,https://shamela.ws/book/37383
36,الجوامع,37377,دروس الشيخ محمد الدويش,https://shamela.ws/book/37377
36,الجوامع,37742,القطوف الدانية,https://shamela.ws/book/37742
36,الجوامع,37738,بريق المواعظ المنبرية,https://shamela.ws/book/37738
36,الجوامع,37431,دروس للشيخ صالح المغامسي,https://shamela.ws/book/37431
36,الجوامع,37748,لطائف المعارف,https://shamela.ws/book/37748
36,الجوامع,37429,دروس الشيخ سعد البريك,https://shamela.ws/book/37429
36,الجوامع,37774,دروس الشيخ أسامة سليمان,https://shamela.ws/book/37774
36,الجوامع,37775,دروس الشيخ يوسف الغفيص,https://shamela.ws/book/37775
36,الجوامع,37793,دروس الشيخ حمد الحمد,https://shamela.ws/book/37793
36,الجوامع,37422,دروس الشيخ عبد الحي يوسف,https://shamela.ws/book/37422
36,الجوامع,37421,دروس الشيخ خالد الراشد,https://shamela.ws/book/37421
36,الجوامع,37634,دروس الشيخ محمد حسن عبد الغفار,https://shamela.ws/book/37634
36,الجوامع,1294,فوائد القاري من كتاب فتح الباري,https://shamela.ws/book/1294
36,الجوامع,17100,الفوائد الذهبية من سير أعلام النبلاء جـ 2,https://shamela.ws/book/17100
36,الجوامع,17582,الدرر المنتقاة من الكلمات الملقاة,https://shamela.ws/book/17582
36,الجوامع,1092,متون طالب العلم - الإضافية - 1,https://shamela.ws/book/1092
36,الجوامع,1103,متون طالب العلم - الإضافية - 10,https://shamela.ws/book/1103
36,الجوامع,1095,متون طالب العلم - الإضافية - 2,https://shamela.ws/book/1095
36,الجوامع,1096,متون طالب العلم - الإضافية - 3,https://shamela.ws/book/1096
36,الجوامع,1097,متون طالب العلم - الإضافية - 4,https://shamela.ws/book/1097
36,الجوامع,1098,متون طالب العلم - الإضافية - 5,https://shamela.ws/book/1098
36,الجوامع,1099,متون طالب العلم - الإضافية - 6,https://shamela.ws/book/1099
36,الجوامع,1101,متون طالب العلم - الإضافية - 8,https://shamela.ws/book/1101
36,الجوامع,570,متون طالب العلم - المستوى الأول,https://shamela.ws/book/570
36,الجوامع,568,متون طالب العلم - المستوى التمهيدي,https://shamela.ws/book/568
36,الجوامع,573,متون طالب العلم - المستوى الثالث,https://shamela.ws/book/573
36,الجوامع,571,متون طالب العلم - المستوى الثاني,https://shamela.ws/book/571
36,الجوامع,961,متون طالب العلم - المستوى الخامس - 1,https://shamela.ws/book/961
36,الجوامع,1090,متون طالب العلم - المستوى الخامس - 2,https://shamela.ws/book/1090
36,الجوامع,1091,متون طالب العلم - المستوى الخامس - 3,https://shamela.ws/book/1091
36,الجوامع,574,متون طالب العلم - المستوى الرابع,https://shamela.ws/book/574
36,الجوامع,13295,النكت الجياد المنتخبة من كلام شيخ النقاد,https://shamela.ws/book/13295
36,الجوامع,151152,ينابيع المنبر مجموعة خطب ومقالات المجموعة الأولى,https://shamela.ws/book/151152
37,فهارس الكتب والأدلة,1455,الفهرست - ت أيمن السيد,https://shamela.ws/book/1455
37,فهارس الكتب والأدلة,7642,الفهرست - ت إبراهيم رمضان,https://shamela.ws/book/7642
37,فهارس الكتب والأدلة,1481,الفهرست - ت رضا تجدد,https://shamela.ws/book/1481
37,فهارس الكتب والأدلة,1493,الفهرست - ط المكتبة التجارية,https://shamela.ws/book/1493
37,فهارس الكتب والأدلة,30267,تسمية ما ورد به الخطيب دمشق من الكتب - ومصنفاته,https://shamela.ws/book/30267
37,فهارس الكتب والأدلة,10728,فهرس ابن عطية,https://shamela.ws/book/10728
37,فهارس الكتب والأدلة,16626,فهرسة ابن خير - ت بشار,https://shamela.ws/book/16626
37,فهارس الكتب والأدلة,10726,فهرسة ابن خير - ط العلمية,https://shamela.ws/book/10726
37,فهارس الكتب والأدلة,10731,فهرسة اللبلي,https://shamela.ws/book/10731
37,فهارس الكتب والأدلة,10740,برنامج الوادي آشي,https://shamela.ws/book/10740
37,فهارس الكتب والأدلة,10713,أسماء مؤلفات شيخ الإسلام ابن تيمية,https://shamela.ws/book/10713
37,فهارس الكتب والأدلة,22882,إثارة الفوائد المجموعة في الإشارة إلى الفرائد المسموعة,https://shamela.ws/book/22882
37,فهارس الكتب والأدلة,10714,المعجم المفهرس = تجريد أسانيد الكتب المشهورة والأجزاء المنثورة,https://shamela.ws/book/10714
37,فهارس الكتب والأدلة,10735,برنامج المجاري,https://shamela.ws/book/10735
37,فهارس الكتب والأدلة,17535,النهاية في اتصال الرواية,https://shamela.ws/book/17535
37,فهارس الكتب والأدلة,10737,معجم الكتب,https://shamela.ws/book/10737
37,فهارس الكتب والأدلة,30192,أنشاب الكثب في أنساب الكتب,https://shamela.ws/book/30192
37,فهارس الكتب والأدلة,10736,ثبت أبي جعفر أحمد بن علي,https://shamela.ws/book/10736
37,فهارس الكتب والأدلة,2118,كشف الظنون عن أسامي الكتب والفنون - ط إسطنبول,https://shamela.ws/book/2118
37,فهارس الكتب والأدلة,259,كشف الظنون عن أسامي الكتب والفنون - ط الفرقان,https://shamela.ws/book/259
37,فهارس الكتب والأدلة,10734,أسماء الكتب المتمم لكشف الظنون,https://shamela.ws/book/10734
37,فهارس الكتب والأدلة,26033,صلة الخلف بموصول السلف,https://shamela.ws/book/26033
37,فهارس الكتب والأدلة,20970,ترتيب العلوم للمرعشي,https://shamela.ws/book/20970
37,فهارس الكتب والأدلة,10732,فهرسة علي بن خليفة المساكني,https://shamela.ws/book/10732
37,فهارس الكتب والأدلة,10730,قطف الثمر في رفع أسانيد المصنفات,https://shamela.ws/book/10730
37,فهارس الكتب والأدلة,9579,أبجد العلوم,https://shamela.ws/book/9579
37,فهارس الكتب والأدلة,10717,الحطة في ذكر الصحاح الستة,https://shamela.ws/book/10717
37,فهارس الكتب والأدلة,9199,اكتفاء القنوع بما هو مطبوع,https://shamela.ws/book/9199
37,فهارس الكتب والأدلة,851,إيضاح المكنون في الذيل على كشف الظنون,https://shamela.ws/book/851
37,فهارس الكتب والأدلة,3003,هدية العارفين أسماء المؤلفين وآثار المصنفين,https://shamela.ws/book/3003
37,فهارس الكتب والأدلة,7636,الرسالة المستطرفة لبيان مشهور كتب السنة المشرفة,https://shamela.ws/book/7636
37,فهارس الكتب والأدلة,1242,معجم المطبوعات العربية والمعربة,https://shamela.ws/book/1242
37,فهارس الكتب والأدلة,1237,السر المصون على كشف الظنون - قطعة منه,https://shamela.ws/book/1237
37,فهارس الكتب والأدلة,7328,نشأة النحو وتاريخ أشهر النحاة,https://shamela.ws/book/7328
37,فهارس الكتب والأدلة,30105,المعجم الأصغر,https://shamela.ws/book/30105
37,فهارس الكتب والأدلة,510,أصول التصحيح العلمي - المبيضة - ضمن «آثار المعلمي»,https://shamela.ws/book/510
37,فهارس الكتب والأدلة,513,أصول التصحيح العلمي - مسودة - ضمن «آثار المعلمي»,https://shamela.ws/book/513
37,فهارس الكتب والأدلة,516,رسالة أصول التصحيح - مسودة - ضمن «آثار المعلمي»,https://shamela.ws/book/516
37,فهارس الكتب والأدلة,521,من نوادر مخطوطات مكتبة الحرم المكي الشريف - ضمن «آثار المعلمي»,https://shamela.ws/book/521
37,فهارس الكتب والأدلة,1240,ذيل كشف الظنون - الطهراني,https://shamela.ws/book/1240
37,فهارس الكتب والأدلة,147066,كشف النقاب عن مؤلفات الأصحاب,https://shamela.ws/book/147066
37,فهارس الكتب والأدلة,7300,تحقيق النصوص ونشرها,https://shamela.ws/book/7300
37,فهارس الكتب والأدلة,148529,النبوغ المغربي في الأدب العربي,https://shamela.ws/book/148529
37,فهارس الكتب والأدلة,2138,تحفة المجالس في التعليقات علي فهرس الفهارس,https://shamela.ws/book/2138
37,فهارس الكتب والأدلة,9847,الموجز في مراجع التراجم والبلدان والمصنفات وتعريفات العلوم,https://shamela.ws/book/9847
37,فهارس الكتب والأدلة,7323,مقدمة في أصول البحث العلمي وتحقيق التراث,https://shamela.ws/book/7323
37,فهارس الكتب والأدلة,5190,موسوعات الفقه الإسلامي أو معاجم القوانين الفقهية,https://shamela.ws/book/5190
37,فهارس الكتب والأدلة,8661,كيف تكتب بحثا أو رسالة دراسة منهجية لكتابة البحوث وإعداد رسائل الماجستير والدكتوراة,https://shamela.ws/book/8661
37,فهارس الكتب والأدلة,7558,الإهتمام بالسيرة النبوية باللغة الإنجليزية,https://shamela.ws/book/7558
37,فهارس الكتب والأدلة,7248,مناهج التأليف عند العلماء العرب,https://shamela.ws/book/7248
37,فهارس الكتب والأدلة,14100,تاريخ الجزائر الثقافي,https://shamela.ws/book/14100
37,فهارس الكتب والأدلة,7630,عن الرسائل الشخصية للشيخ محمد بن عبد الوهاب (مطبوع ضمن بحوث ندوة دعوة الشيخ محمد بن عبد الوهاب، الجزء الأول),https://shamela.ws/book/7630
37,فهارس الكتب والأدلة,11350,كتب غريب القرآن الكريم,https://shamela.ws/book/11350
37,فهارس الكتب والأدلة,143162,تاريخ التراث العربي لسزكين - الشعر,https://shamela.ws/book/143162
37,فهارس الكتب والأدلة,143160,تاريخ التراث العربي لسزكين - العلوم الشرعية,https://shamela.ws/book/143160
37,فهارس الكتب والأدلة,143164,تاريخ التراث العربي لسزكين - الكيمياء والنبات,https://shamela.ws/book/143164
37,فهارس الكتب والأدلة,143165,تاريخ التراث العربي لسزكين - اللغة,https://shamela.ws/book/143165
37,فهارس الكتب والأدلة,11365,لمحات في المكتبة والبحث والمصادر,https://shamela.ws/book/11365
37,فهارس الكتب والأدلة,221,مؤلفات ابن قيم الجوزية - نسخها الخطية وطبعاتها,https://shamela.ws/book/221
37,فهارس الكتب والأدلة,22654,الأثبات في مخطوطات الأئمة: شيخ الإسلام ابن تيمية، والعلامة ابن القيم، والحافظ ابن رجب,https://shamela.ws/book/22654
37,فهارس الكتب والأدلة,611,دليل مؤلفات مختار السوسي,https://shamela.ws/book/611
37,فهارس الكتب والأدلة,458,الفهارس العلمية لآثار الإمام ابن قيم الجوزية,https://shamela.ws/book/458
37,فهارس الكتب والأدلة,2237,ثبت مؤلفات الألباني,https://shamela.ws/book/2237
37,فهارس الكتب والأدلة,9816,الدليل إلى المتون العلمية,https://shamela.ws/book/9816
37,فهارس الكتب والأدلة,5678,خزانة التراث - فهرس مخطوطات,https://shamela.ws/book/5678
37,فهارس الكتب والأدلة,8564,المكتبة الإسلامية,https://shamela.ws/book/8564
37,فهارس الكتب والأدلة,12068,مصادر تلقي السيرة النبوية,https://shamela.ws/book/12068
37,فهارس الكتب والأدلة,7647,السيرة النبوية من خلال أهم كتب التفسير,https://shamela.ws/book/7647
37,فهارس الكتب والأدلة,23765,كيف يبني طالب العلم مكتبته,https://shamela.ws/book/23765
37,فهارس الكتب والأدلة,12886,معجم أهم مصنفات التراجم المطبوعة,https://shamela.ws/book/12886
37,فهارس الكتب والأدلة,9791,تطور كتابة السيرة النبوية,https://shamela.ws/book/9791
37,فهارس الكتب والأدلة,23671,المدائح النبوية حتى نهاية العصر الملوكي,https://shamela.ws/book/23671
37,فهارس الكتب والأدلة,23672,المدائح النبوية في أدب القرنين السادس والسابع للهجرة,https://shamela.ws/book/23672
37,فهارس الكتب والأدلة,7477,آثار الشيخ محمد بن عبد الوهاب,https://shamela.ws/book/7477
37,فهارس الكتب والأدلة,31356,دليل مكتبة المرأة المسلمة,https://shamela.ws/book/31356
37,فهارس الكتب والأدلة,10457,قائمة بمؤلفات شيخ الإسلام المطبوعة,https://shamela.ws/book/10457
37,فهارس الكتب والأدلة,7557,الاهتمام بالسنة النبوية بلغة الهوسا,https://shamela.ws/book/7557
37,فهارس الكتب والأدلة,7559,الإهتمام بالسيرة النبوية باللغة البنغالية,https://shamela.ws/book/7559
37,فهارس الكتب والأدلة,7560,الإهتمام بالسيرة النبوية باللغة الروسية,https://shamela.ws/book/7560
37,فهارس الكتب والأدلة,7561,الاهتمام بالسيرة النبوية باللغة الفرنسية (عرض وتحليل),https://shamela.ws/book/7561
37,فهارس الكتب والأدلة,7579,التصنيف في السنة النبوية وعلومها في القرن الخامس الهجري,https://shamela.ws/book/7579
37,فهارس الكتب والأدلة,7580,التصنيف في السنة النبوية,https://shamela.ws/book/7580
37,فهارس الكتب والأدلة,11138,جهود الاستشراق الروسي في مجال السنة والسيرة,https://shamela.ws/book/11138
37,فهارس الكتب والأدلة,11139,جهود العلماء في تصنيف السيرة النبوية في القرنين الثامن والتاسع الهجريين,https://shamela.ws/book/11139
37,فهارس الكتب والأدلة,11182,دراسات إسبانية للسيرة النبوية,https://shamela.ws/book/11182
37,فهارس الكتب والأدلة,11201,دور علماء مكة المكرمة في خدمة السنة والسيرة النبوية,https://shamela.ws/book/11201
37,فهارس الكتب والأدلة,22756,ألفية ابن مالك منهجها وشروحها,https://shamela.ws/book/22756
37,فهارس الكتب والأدلة,23069,حول الشعر التعليمي,https://shamela.ws/book/23069
37,فهارس الكتب والأدلة,8537,المؤلفات في الحديث وعلومه في العهد الجمهوري في تركيا - ببليوغرافيا,https://shamela.ws/book/8537
37,فهارس الكتب والأدلة,11067,ببلوغرافيا لكتب الحديث والسنة بالغة الإنكليزية,https://shamela.ws/book/11067
37,فهارس الكتب والأدلة,3569,معجم المؤلفات الأصولية الشافعية المبثوثة في كشف الظنون وإيضاح المكنون وهدية العارفين,https://shamela.ws/book/3569
37,فهارس الكتب والأدلة,3622,معجم المؤلفات الأصولية المالكية المبثوثة في كشف الظنون وإيضاح المكنون وهدية العارفين,https://shamela.ws/book/3622
37,فهارس الكتب والأدلة,4991,طريقة كمية لدراسة معاجم التراجم الإسلامية في العصور الوسطى,https://shamela.ws/book/4991
37,فهارس الكتب والأدلة,38011,فهارس علوم القرآن الكريم لمخطوطات دار الكتب الظاهرية,https://shamela.ws/book/38011
37,فهارس الكتب والأدلة,145433,نواة المكتبة,https://shamela.ws/book/145433
37,فهارس الكتب والأدلة,14557,مصادر الفقه المالكي,https://shamela.ws/book/14557
37,فهارس الكتب والأدلة,14269,المنهج العلمي لطلاب العلم الشرعي,https://shamela.ws/book/14269
37,فهارس الكتب والأدلة,16812,الوجازة في الأثبات والإجازة,https://shamela.ws/book/16812
37,فهارس الكتب والأدلة,133381,فهرس المخطوطات العربية في المكتبة الوطنية النمساوية,https://shamela.ws/book/133381
37,فهارس الكتب والأدلة,144113,الكاشف المبين عن غلط المحققين,https://shamela.ws/book/144113
37,فهارس الكتب والأدلة,148091,معجم تاريخ التراث الإسلامي في مكتبات العالم - المخطوطات والمطبوعات,https://shamela.ws/book/148091
37,فهارس الكتب والأدلة,423,الفهارس الشاملة لآثار الشيخ العلامة محمد الأمين الشنقيطي,https://shamela.ws/book/423
38,الطب,10705,العلاج بالأعشاب,https://shamela.ws/book/10705
38,الطب,10704,الحاوي في الطب,https://shamela.ws/book/10704
38,الطب,10706,القانون في الطب,https://shamela.ws/book/10706
38,الطب,240,الشامل في الصناعة الطبية,https://shamela.ws/book/240
38,الطب,802,شرح تشريح القانون لابن سينا,https://shamela.ws/book/802
38,الطب,23649,الطب النبوي لابن القيم,https://shamela.ws/book/23649
38,الطب,17414,ما يفعله الأطباء والداعون بدفع شر الطاعون,https://shamela.ws/book/17414
38,الطب,36083,تاريخ البيمارستانات في الإسلام,https://shamela.ws/book/36083
38,الطب,11738,نمو الإنسان من مرحلة الجنين إلى مرحلة المسنين,https://shamela.ws/book/11738
38,الطب,8340,الغذاء والتغذية,https://shamela.ws/book/8340
38,الطب,10751,علم نفس النمو من الجنين إلى الشيخوخة,https://shamela.ws/book/10751
38,الطب,9939,علم نفس النمو,https://shamela.ws/book/9939
38,الطب,10357,الخمر وتأثيرها على العيون,https://shamela.ws/book/10357
38,الطب,13669,التدخين وكيف نحمي الجيل الجديد منه,https://shamela.ws/book/13669
39,كتب عامة,1636,إجابة الغوث ببيان حال النقباء والنجباء والأبدال والأوتاد والغوث - ط إسطنبول,https://shamela.ws/book/1636
39,كتب عامة,1605,العلم الظاهر في نفع النسب الطاهر - ط إسطنبول,https://shamela.ws/book/1605
39,كتب عامة,1637,سل الحسام الهندي لنصرة مولانا خالد النقشبندي - ط إسطنبول,https://shamela.ws/book/1637
39,كتب عامة,1634,مناهل السرور لمبتغى الحساب بالكسور - ط إسطنبول,https://shamela.ws/book/1634
39,كتب عامة,96607,الغارة على العالم الإسلامي,https://shamela.ws/book/96607
39,كتب عامة,150939,حضارة العرب - غوستاف لوبون,https://shamela.ws/book/150939
39,كتب عامة,8642,الوحي المحمدي,https://shamela.ws/book/8642
39,كتب عامة,701,الإبداع في مضار الابتداع,https://shamela.ws/book/701
39,كتب عامة,4312,العلم يدعو للإيمان,https://shamela.ws/book/4312
39,كتب عامة,37613,الإسلام بين جهل أبنائه وعجز علمائه,https://shamela.ws/book/37613
39,كتب عامة,14243,حكم الجاهلية,https://shamela.ws/book/14243
39,كتب عامة,123664,الجزائر الثائرة,https://shamela.ws/book/123664
39,كتب عامة,37563,مقتطفات من كتاب من روائع حضارتنا,https://shamela.ws/book/37563
39,كتب عامة,527,الجهاد سنام الدين - ضمن «آثار المعلمي»,https://shamela.ws/book/527
39,كتب عامة,529,نصيحة لطالب الحق - ضمن «آثار المعلمي»,https://shamela.ws/book/529
39,كتب عامة,14185,الإسلام دين كامل - ضمن «محاضرات الشنقيطي»,https://shamela.ws/book/14185
39,كتب عامة,18667,المثل العليا في الإسلام - ضمن «محاضرات الشنقيطي»,https://shamela.ws/book/18667
39,كتب عامة,20773,منهج التشريع الإسلامي وحكمته - ضمن «محاضرات الشنقيطي»,https://shamela.ws/book/20773
39,كتب عامة,37560,إنتاج المستشرقين وأثره في الفكر الإسلامي الحديث,https://shamela.ws/book/37560
39,كتب عامة,11526,الصراع الفكري في البلاد المستعمرة,https://shamela.ws/book/11526
39,كتب عامة,32674,القضايا الكبرى,https://shamela.ws/book/32674
39,كتب عامة,37647,المسلم في عالم الاقتصاد,https://shamela.ws/book/37647
39,كتب عامة,21780,بين الرشاد والتيه,https://shamela.ws/book/21780
39,كتب عامة,21781,تأملات,https://shamela.ws/book/21781
39,كتب عامة,21840,دور المسلم ورسالته في الثلث الأخير من القرن العشرين,https://shamela.ws/book/21840
39,كتب عامة,21841,شروط النهضة,https://shamela.ws/book/21841
39,كتب عامة,37650,فكرة الإفريقية الآسيوية,https://shamela.ws/book/37650
39,كتب عامة,37596,فكرة كمنويلث إسلامي,https://shamela.ws/book/37596
39,كتب عامة,37612,في مهب المعركة,https://shamela.ws/book/37612
39,كتب عامة,13296,لبيك حج الفقراء,https://shamela.ws/book/13296
39,كتب عامة,38209,مذكرات شاهد للقرن,https://shamela.ws/book/38209
39,كتب عامة,13921,مذكرات مالك بن نبي - العفن,https://shamela.ws/book/13921
39,كتب عامة,37588,مشكلة الأفكار في العالم الإسلامي,https://shamela.ws/book/37588
39,كتب عامة,19298,مشكلة الثقافة,https://shamela.ws/book/19298
39,كتب عامة,96857,من أجل التغيير,https://shamela.ws/book/96857
39,كتب عامة,23415,ميلاد مجتمع,https://shamela.ws/book/23415
39,كتب عامة,37827,وجهة العالم الإسلامي,https://shamela.ws/book/37827
39,كتب عامة,13925,وجهة العالم الإسلامي - المسألة اليهودية,https://shamela.ws/book/13925
39,كتب عامة,2280,محاضرات في النصرانية,https://shamela.ws/book/2280
39,كتب عامة,117361,التبشير والاستعمار في البلاد العربية عرض لجهود المبشرين التي ترمي إلى اخضاع الشرق للاستعمار الغربي,https://shamela.ws/book/117361
39,كتب عامة,115120,الإخاء الديني ومجمع الأديان وموقف الإسلام,https://shamela.ws/book/115120
39,كتب عامة,115121,الإسلام ومواجهة المذاهب الهدامة,https://shamela.ws/book/115121
39,كتب عامة,11756,الفكر الإسلامي الحديث وصلته بالاستعمار الغربي,https://shamela.ws/book/11756
39,كتب عامة,8987,الوحدة الإسلامية,https://shamela.ws/book/8987
39,كتب عامة,121375,حصوننا مهددة من داخلها,https://shamela.ws/book/121375
39,كتب عامة,150937,المستشرقون لنجيب العقيقي,https://shamela.ws/book/150937
39,كتب عامة,37595,قادة الغرب يقولون دمروا الإسلام أبيدوا أهله,https://shamela.ws/book/37595
39,كتب عامة,123658,المزدكية هي أصل الاشتراكية,https://shamela.ws/book/123658
39,كتب عامة,115134,الاعتصام بالإسلام,https://shamela.ws/book/115134
39,كتب عامة,7648,الشبهات التي أثيرت حول دعوة الشيخ محمد بن عبد الوهاب (مطبوع ضمن بحوث ندوة دعوة الشيخ محمد بن عبد الوهاب),https://shamela.ws/book/7648
39,كتب عامة,8746,الإسلام والمذاهب الإشتراكية,https://shamela.ws/book/8746
39,كتب عامة,1433,التقدم والرجعية,https://shamela.ws/book/1433
39,كتب عامة,10325,الثقافة التي نحتاج إليها,https://shamela.ws/book/10325
39,كتب عامة,10085,تعليم الإناث وتربيتهن,https://shamela.ws/book/10085
39,كتب عامة,38100,الخطر اليهودي بروتوكولات حكماء صهيون,https://shamela.ws/book/38100
39,كتب عامة,21526,أصلح الأديان للإنسانية عقيدة وشريعة,https://shamela.ws/book/21526
39,كتب عامة,17055,القول المحرر في الأمر بالمعروف والنهي عن المنكر,https://shamela.ws/book/17055
39,كتب عامة,150935,الفكر العربي في عصر النهضة,https://shamela.ws/book/150935
39,كتب عامة,31573,كمال الدين الإسلامي وحقيقته ومزاياه,https://shamela.ws/book/31573
39,كتب عامة,9818,قذائف الحق,https://shamela.ws/book/9818
39,كتب عامة,9026,أهمية الدعوة,https://shamela.ws/book/9026
39,كتب عامة,8645,بين العقيدة والقيادة,https://shamela.ws/book/8645
39,كتب عامة,22565,الدعوة إلى الله وأخلاق الدعاة,https://shamela.ws/book/22565
39,كتب عامة,8829,الغزو الفكري ووسائله,https://shamela.ws/book/8829
39,كتب عامة,1870,التوحيد أولا يا دعاة الإسلام,https://shamela.ws/book/1870
39,كتب عامة,710,فقه الواقع - الألباني,https://shamela.ws/book/710
39,كتب عامة,1387,أريد أن أتحدث إلى الإخوان,https://shamela.ws/book/1387
39,كتب عامة,37561,إلى الإسلام من جديد,https://shamela.ws/book/37561
39,كتب عامة,37637,ردة ولا ابا بكر لها - أبو الحسن الندوي,https://shamela.ws/book/37637
39,كتب عامة,21575,ماذا خسر العالم بانحطاط المسلمين,https://shamela.ws/book/21575
39,كتب عامة,37562,تعريف عام بدين الإسلام,https://shamela.ws/book/37562
39,كتب عامة,17502,قصتنا مع اليهود,https://shamela.ws/book/17502
39,كتب عامة,17802,مقالات في كلمات,https://shamela.ws/book/17802
39,كتب عامة,148532,شمس الله تشرق على الغرب = فضل العرب على أوروبا,https://shamela.ws/book/148532
39,كتب عامة,21797,الإبداع في بيان كمال الشرع وخطر الابتداع,https://shamela.ws/book/21797
39,كتب عامة,1866,الاعتدال في الدعوة,https://shamela.ws/book/1866
39,كتب عامة,21804,تعاون الدعاة وأثره في المجتمع,https://shamela.ws/book/21804
39,كتب عامة,21579,زاد الداعية إلى الله,https://shamela.ws/book/21579
39,كتب عامة,30002,محاسن الدين الإسلامي,https://shamela.ws/book/30002
39,كتب عامة,96842,الباعث على شرح الحوادث,https://shamela.ws/book/96842
39,كتب عامة,96788,مشاهداتي في المملكة العربية السعودية,https://shamela.ws/book/96788
39,كتب عامة,96789,مقتل الشيخ جميل الرحمن الأفغاني,https://shamela.ws/book/96789
39,كتب عامة,148530,تاريخ الغزو الفكري والتعريب خلال مرحلة ما بين الحربين العالميتين,https://shamela.ws/book/148530
39,كتب عامة,11364,لمحات في الثقافة الإسلامية,https://shamela.ws/book/11364
39,كتب عامة,22855,أجنحة المكر الثلاثة,https://shamela.ws/book/22855
39,كتب عامة,9989,الحضارة الإسلامية أسسها ووسائلها وصور من تطبيقات المسلمين لها ولمحات من تأثيرها في سائر الأمم,https://shamela.ws/book/9989
39,كتب عامة,12725,صراع مع الملاحدة حتى العظم,https://shamela.ws/book/12725
39,كتب عامة,12728,كواشف زيوف,https://shamela.ws/book/12728
39,كتب عامة,122393,تهافت العلمانية في الصحافة العربية,https://shamela.ws/book/122393
39,كتب عامة,95667,الدين العالمي ومنهج الدعوة إليه,https://shamela.ws/book/95667
39,كتب عامة,2074,موسوعة اليهود واليهودية والصهيونية,https://shamela.ws/book/2074
39,كتب عامة,1408,أخطاء وأوهام في أضخم مشروع تعسفي لهدم السنة,https://shamela.ws/book/1408
39,كتب عامة,1409,الشبهات الثلاثون المثارة لإنكار السنة النبوية عرض وتفنيد ونقض,https://shamela.ws/book/1409
39,كتب عامة,1411,سماحة الإسلام في الدعوة إلى الله,https://shamela.ws/book/1411
39,كتب عامة,1412,عقوبة الارتداد عن الدين بين الأدلة الشرعية وشبهات المنكرين,https://shamela.ws/book/1412
39,كتب عامة,11753,حقوق الإنسان والقضايا الكبرى,https://shamela.ws/book/11753
39,كتب عامة,17814,بلاغ الرسالة القرآنية,https://shamela.ws/book/17814
39,كتب عامة,17662,سيماء المرأة في الإسلام بين النفس والصورة,https://shamela.ws/book/17662
39,كتب عامة,7258,أساليب الغزو الفكري للعالم الإسلامي,https://shamela.ws/book/7258
39,كتب عامة,10746,حاضر العالم الإسلامي,https://shamela.ws/book/10746
39,كتب عامة,96254,نحو ثقافة إسلامية أصيلة,https://shamela.ws/book/96254
39,كتب عامة,8538,المجتمع والأسرة في الإسلام,https://shamela.ws/book/8538
39,كتب عامة,1751,هكذا فلندع إلى الإسلام,https://shamela.ws/book/1751
39,كتب عامة,11752,الإسلام وحقوق الإنسان في ضوء المتغيرات العالمية,https://shamela.ws/book/11752
39,كتب عامة,12165,أثر العقيدة الإسلامية في تضامن ووحدة الأمة الإسلامية,https://shamela.ws/book/12165
39,كتب عامة,8990,الوحدة الإسلامية أسسها ووسائل تحقيقها,https://shamela.ws/book/8990
39,كتب عامة,10378,الرأي العام في المجتمع الإسلامي,https://shamela.ws/book/10378
39,كتب عامة,22615,أصول الدعوة,https://shamela.ws/book/22615
39,كتب عامة,146418,موسوعة محاسن الإسلام ورد شبهات اللئام,https://shamela.ws/book/146418
39,كتب عامة,2032,آداب الحوار وقواعد الاختلاف,https://shamela.ws/book/2032
39,كتب عامة,1281,وسطية الإسلام وسماحته - وهبة الزحيلي,https://shamela.ws/book/1281
39,كتب عامة,30901,الأثر التربوي للمسجد,https://shamela.ws/book/30901
39,كتب عامة,30919,الحكمة في الدعوة إلى الله تعالى,https://shamela.ws/book/30919
39,كتب عامة,96470,العلاقة المثلى بين الدعاة ووسائل الإتصال الحديثة في ضوء الكتاب والسنة,https://shamela.ws/book/96470
39,كتب عامة,31061,فقه الدعوة في صحيح الإمام البخاري,https://shamela.ws/book/31061
39,كتب عامة,96518,كيفية دعوة أهل الكتاب إلى الله تعالى في ضوء الكتاب والسنة,https://shamela.ws/book/96518
39,كتب عامة,96516,كيفية دعوة الملحدين إلى الله تعالى في ضوء الكتاب والسنة,https://shamela.ws/book/96516
39,كتب عامة,96517,كيفية دعوة الوثنيين إلى الله تعالى في ضوء الكتاب والسنة,https://shamela.ws/book/96517
39,كتب عامة,96519,كيفية دعوة عصاة المسلمين إلى الله تعالى في ضوء الكتاب والسنة,https://shamela.ws/book/96519
39,كتب عامة,96523,مفهوم الحكمة في الدعوة إلى الله تعالى في ضوء الكتاب والسنة,https://shamela.ws/book/96523
39,كتب عامة,96524,مقومات الداعية الناجح في ضوء الكتاب والسنة,https://shamela.ws/book/96524
39,كتب عامة,96529,مواقف التابعين وأتباعهم في الدعوة إلى الله تعالى,https://shamela.ws/book/96529
39,كتب عامة,96530,مواقف الصحابة - رضي الله عنهم - في الدعوة إلى الله تعالى,https://shamela.ws/book/96530
39,كتب عامة,96531,مواقف العلماء عبر العصور في الدعوة إلى الله تعالى,https://shamela.ws/book/96531
39,كتب عامة,96532,مواقف النبي - صلى الله عليه وسلم - في الدعوة إلى الله تعالى,https://shamela.ws/book/96532
39,كتب عامة,31343,القنوات الفضائية,https://shamela.ws/book/31343
39,كتب عامة,11398,"تقرير علمي رد على كتاب ""مستعدين للمجاوبة"" لـ سمير مرقص",https://shamela.ws/book/11398
39,كتب عامة,1414,شبهات حول القرآن,https://shamela.ws/book/1414
39,كتب عامة,11570,أضواء على أوضاعنا السياسية,https://shamela.ws/book/11570
39,كتب عامة,12826,الأصول العلمية للدعوة السلفية,https://shamela.ws/book/12826
39,كتب عامة,12375,السلفيون والأئمة الأربعة - رضي الله عنهم -,https://shamela.ws/book/12375
39,كتب عامة,8926,المستشرقون في الميزان,https://shamela.ws/book/8926
39,كتب عامة,37572,تأخير نصر الدين لطف بالمؤمنين ومكر بالكافرين والمنافقين,https://shamela.ws/book/37572
39,كتب عامة,1978,فقه تغيير المنكر,https://shamela.ws/book/1978
39,كتب عامة,30898,الأصول الشرعية عند حلول الشبهات,https://shamela.ws/book/30898
39,كتب عامة,30924,الوصايا الجلية للاستفادة من الدروس العلمية,https://shamela.ws/book/30924
39,كتب عامة,30899,سمات المؤمنين في الفتن وتقلب الأحوال,https://shamela.ws/book/30899
39,كتب عامة,1883,القول البين الأظهر في الدعوة إلى الله والأمر بالمعروف والنهي عن المنكر,https://shamela.ws/book/1883
39,كتب عامة,30798,التنصير مفهومه وأهدافه ووسائله وسبل مواجهته,https://shamela.ws/book/30798
39,كتب عامة,30810,المستشرقون والتنصير,https://shamela.ws/book/30810
39,كتب عامة,11186,دعاوي المناوئين لدعوة الشيخ محمد بن عبد الوهاب,https://shamela.ws/book/11186
39,كتب عامة,30910,الأمة الوسط والمنهاج النبوي في الدعوة إلى الله,https://shamela.ws/book/30910
39,كتب عامة,31563,الأمن في حياة الناس وأهميته في الإسلام,https://shamela.ws/book/31563
39,كتب عامة,11085,تأملات في دعوة الشيخ محمد بن عبد الوهاب,https://shamela.ws/book/11085
39,كتب عامة,31489,حقوق الإنسان في الإسلام للتركي,https://shamela.ws/book/31489
39,كتب عامة,30739,التنصير تعريفه أهدافه وسائله حسرات المنصرين,https://shamela.ws/book/30739
39,كتب عامة,8382,الطريق إلى الإسلام,https://shamela.ws/book/8382
39,كتب عامة,1979,قصة البشرية,https://shamela.ws/book/1979
39,كتب عامة,8736,الإسلام والحركات الهدامة المعاصرة,https://shamela.ws/book/8736
39,كتب عامة,11066,بأي عقل ودين يكون التفجير والتدمير جهادا؟! ويحكم ... أفيقوا يا شباب!!,https://shamela.ws/book/11066
39,كتب عامة,1129,الجذور التاريخية لحقيقة الغلو والتطرف والإرهاب والعنف,https://shamela.ws/book/1129
39,كتب عامة,4281,وقفة هادئة مع الطاعنين في جماعات الدعوة,https://shamela.ws/book/4281
39,كتب عامة,1073,موقف المسلم من الفتن في ضوء حديث عبد الله بن عمرو رضي الله عنهما,https://shamela.ws/book/1073
39,كتب عامة,249,الدعوة والدعاة من ظلال آية,https://shamela.ws/book/249
39,كتب عامة,151181,كيف تعامل الإسلام مع الوباء والبلاء,https://shamela.ws/book/151181
39,كتب عامة,1867,الأمة بين سنتي الابتلاء والعمل,https://shamela.ws/book/1867
39,كتب عامة,12918,التحذير من وسائل التنصير,https://shamela.ws/book/12918
39,كتب عامة,144,التعريف بالإسلام,https://shamela.ws/book/144
39,كتب عامة,37426,العلمانية - الليبرالية - الديمقراطية - الدولة المدنية في ميزان الإسلام,https://shamela.ws/book/37426
39,كتب عامة,31448,بحوث ندوة أثر القرآن في تحقيق الوسطية ودفع الغلو,https://shamela.ws/book/31448
39,كتب عامة,546,خطورة التسرع في التكفير والقيام بالتفجير وما ينشأ عنهما من سفك للدماء وتخريب للمنشآت,https://shamela.ws/book/546
39,كتب عامة,766,خطورة التكفير وما يترتب عليه من أحكام,https://shamela.ws/book/766
39,كتب عامة,434,شبهات المشككين,https://shamela.ws/book/434
39,كتب عامة,31564,قضية وحوار العنف في العمل الإسلامي المعاصر,https://shamela.ws/book/31564
39,كتب عامة,1170,إرهاب المستأمنين وموقف الإسلام منه,https://shamela.ws/book/1170
39,كتب عامة,1132,الحوار مع أصحاب الأديان مشروعيته وشروطه وآدابه,https://shamela.ws/book/1132
39,كتب عامة,30911,الأمر بالمعروف والنهي عن المنكر في ضوء الكتاب والسنة,https://shamela.ws/book/30911
39,كتب عامة,31566,متطلبات المحافظة على نعمة الأمن والاستقرار,https://shamela.ws/book/31566
39,كتب عامة,30916,البصيرة في الدعوة إلى الله,https://shamela.ws/book/30916
39,كتب عامة,30918,التدرج في دعوة النبي,https://shamela.ws/book/30918
39,كتب عامة,30925,أثر العلماء في تحقيق رسالة المسجد,https://shamela.ws/book/30925
39,كتب عامة,37728,الاتجاهات العقلانية المعاصرة أصولها ومناهجها,https://shamela.ws/book/37728
39,كتب عامة,1861,العلماء هم الدعاة,https://shamela.ws/book/1861
39,كتب عامة,1134,الغلو الأسباب والعلاج,https://shamela.ws/book/1134
39,كتب عامة,7539,الاستشراق وموقفه من السنة النبوية,https://shamela.ws/book/7539
39,كتب عامة,1138,اليسر والسماحة في الإسلام,https://shamela.ws/book/1138
39,كتب عامة,1196,سماحة الإسلام في التعامل مع غير المسلمين,https://shamela.ws/book/1196
39,كتب عامة,1197,سماحة الإسلام في معاملة غير المسلمين,https://shamela.ws/book/1197
39,كتب عامة,1199,فقه الخلاف وأثره في القضاء على الإرهاب,https://shamela.ws/book/1199
39,كتب عامة,1245,وسطية الإسلام,https://shamela.ws/book/1245
39,كتب عامة,12194,أساليب دعوة العصاة,https://shamela.ws/book/12194
39,كتب عامة,10056,تدريب الدعاة على الأساليب البيانية,https://shamela.ws/book/10056
39,كتب عامة,1248,وسطية الإسلام ودعوته إلى الحوار,https://shamela.ws/book/1248
39,كتب عامة,1833,عدالة الصحابة رضى الله عنهم ودفع الشبهات,https://shamela.ws/book/1833
39,كتب عامة,1837,عقوبتا الزاني والمرتد ودفع الشبهات,https://shamela.ws/book/1837
39,كتب عامة,1820,كتابات أعداء الإسلام ومناقشتها,https://shamela.ws/book/1820
39,كتب عامة,12235,سبيل الدعوة الإسلامية للوقاية من المسكرات والمخدرات,https://shamela.ws/book/12235
39,كتب عامة,1906,الأسرة,https://shamela.ws/book/1906
39,كتب عامة,1908,التكافل الاجتماعي,https://shamela.ws/book/1908
39,كتب عامة,1907,الدين في الاصطلاح الإسلامي,https://shamela.ws/book/1907
39,كتب عامة,30928,خطب الجمعة ومسؤوليات الخطباء,https://shamela.ws/book/30928
39,كتب عامة,1961,دليل الوسائل الدعوية للمكتب التعاوني للدعوة والإرشاد بجدة,https://shamela.ws/book/1961
39,كتب عامة,1962,سلسلة كتاب المسلمون في العالم,https://shamela.ws/book/1962
39,كتب عامة,1985,كلمة للدعاة والمصلحين,https://shamela.ws/book/1985
39,كتب عامة,1990,مع المعلمين,https://shamela.ws/book/1990
39,كتب عامة,30948,مسؤولية إمام المسجد,https://shamela.ws/book/30948
39,كتب عامة,280,البيت السعيد وخلاف الزوجين,https://shamela.ws/book/280
39,كتب عامة,30907,القدوة مبادئ ونماذج,https://shamela.ws/book/30907
39,كتب عامة,30955,مفهوم الحكمة في الدعوة,https://shamela.ws/book/30955
39,كتب عامة,31068,منهج في إعداد خطبة الجمعة,https://shamela.ws/book/31068
39,كتب عامة,7515,افتراءات المنصرين على القرآن الكريم أنه يؤيد زعم ألوهية المسيح عليه السلام,https://shamela.ws/book/7515
39,كتب عامة,1865,الاختلاف في العمل الإسلامي الأسباب والآثار,https://shamela.ws/book/1865
39,كتب عامة,1874,الحكمة,https://shamela.ws/book/1874
39,كتب عامة,1939,الوسطية في ضوء القرآن الكريم,https://shamela.ws/book/1939
39,كتب عامة,1876,الدعوة الفردية وأهميتها في تربية الأجيال,https://shamela.ws/book/1876
39,كتب عامة,1879,السباق إلى العقول,https://shamela.ws/book/1879
39,كتب عامة,1968,طل الربوة تربية الأستاذ الداعية لتلميذه,https://shamela.ws/book/1968
39,كتب عامة,1886,المستطاب في أسباب نجاح دعوة الإمام محمد بن عبد الوهاب رحمه الله,https://shamela.ws/book/1886
39,كتب عامة,31504,الجوانب الإعلامية في خطب الرسول صلى الله عليه وسلم,https://shamela.ws/book/31504
39,كتب عامة,1936,المعلم الأول صلى الله عليه وسلم,https://shamela.ws/book/1936
39,كتب عامة,1941,أساليب التربية والدعوة والتوجيه من خلال سورة إبراهيم,https://shamela.ws/book/1941
39,كتب عامة,1958,خمسون وصية ووصية لتكون خطيبا ناجحا,https://shamela.ws/book/1958
39,كتب عامة,1960,دليل الفرص والوسائل الدعوية,https://shamela.ws/book/1960
39,كتب عامة,1963,رؤية شرعية في الجدال والحوار مع أهل الكتاب,https://shamela.ws/book/1963
39,كتب عامة,1964,رسالة عاجلة للدعاة,https://shamela.ws/book/1964
39,كتب عامة,1965,سلسلة مجتمع الدعاة,https://shamela.ws/book/1965
39,كتب عامة,11242,شبهات القرآنيين,https://shamela.ws/book/11242
39,كتب عامة,11241,شبهات القرآنيين حول السنة النبوية,https://shamela.ws/book/11241
39,كتب عامة,1976,عوامل النصر والتمكين في دعوات المرسلين,https://shamela.ws/book/1976
39,كتب عامة,8823,العلمانية وموقف الإسلام منها,https://shamela.ws/book/8823
39,كتب عامة,8955,المنهج الصحيح وأثره في الدعوة إلى الله تعالى,https://shamela.ws/book/8955
39,كتب عامة,10048,تحصين المجتمع المسلم ضد الغزو الفكري,https://shamela.ws/book/10048
39,كتب عامة,1980,قواعد مهمة في الأمر بالمعروف والنهي عن المنكر,https://shamela.ws/book/1980
39,كتب عامة,1987,كيف تكسب الناس,https://shamela.ws/book/1987
39,كتب عامة,1995,من وسائل الدعوة,https://shamela.ws/book/1995
39,كتب عامة,31072,موضوعات خطبة الجمعة,https://shamela.ws/book/31072
39,كتب عامة,1919,واقع المرأة قبل الإسلام,https://shamela.ws/book/1919
39,كتب عامة,8313,أزمات الشباب أسباب وحلول,https://shamela.ws/book/8313
39,كتب عامة,11187,دعاوى النصارى في مجيء المسيح عليه السلام,https://shamela.ws/book/11187
39,كتب عامة,6523,أعلام وأقزام في ميزان الإسلام,https://shamela.ws/book/6523
39,كتب عامة,1327,تعدد الزوجات بين حقائق التنزيل وافتراءات التضليل,https://shamela.ws/book/1327
39,كتب عامة,12770,سلم أخلاق النبوة,https://shamela.ws/book/12770
39,كتب عامة,21527,شريعة الله يا ولدي,https://shamela.ws/book/21527
39,كتب عامة,36563,مقالات الشيخ محمود غريب (الجزء الأول),https://shamela.ws/book/36563
39,كتب عامة,29031,هذا نبيك يا ولدي,https://shamela.ws/book/29031
39,كتب عامة,195,إسرائيل والتلمود - دراسة تحليلية,https://shamela.ws/book/195
39,كتب عامة,1393,المستشرقون والمبشرون في العالم العربي والإسلامي,https://shamela.ws/book/1393
39,كتب عامة,1074,محمد في التوراة والإنجيل والقرآن,https://shamela.ws/book/1074
39,كتب عامة,1418,نداء إلى الفاتيكان راجعوا أسفاركم المقدسة,https://shamela.ws/book/1418
39,كتب عامة,96299,خواطر حول الوهابية,https://shamela.ws/book/96299
39,كتب عامة,9202,الحجاب شريعة الله في الإسلام واليهودية والنصرانية,https://shamela.ws/book/9202
39,كتب عامة,11749,حقوق الإنسان في الإسلام لجمل الليل,https://shamela.ws/book/11749
39,كتب عامة,8907,المخدرات أخطر معوقات التنمية,https://shamela.ws/book/8907
39,كتب عامة,10245,دور الإعلام في التضامن الإسلامي,https://shamela.ws/book/10245
39,كتب عامة,14468,فقه الأولويات في الخطاب السلفي المعاصر بعد الثورة,https://shamela.ws/book/14468
39,كتب عامة,31064,أسلوب خطبة الجمعة,https://shamela.ws/book/31064
39,كتب عامة,7834,الرد الجميل على المشككين في الإسلام من القرآن والتوراة والإنجيل والعلم,https://shamela.ws/book/7834
39,كتب عامة,36501,التدريب وأهميته في العمل الإسلامي,https://shamela.ws/book/36501
39,كتب عامة,36504,التوريث الدعوي,https://shamela.ws/book/36504
39,كتب عامة,11209,رد الطعون الواردة في الموسوعة العبرية عن الإسلام ورسوله صلى الله عليه وسلم,https://shamela.ws/book/11209
39,كتب عامة,8762,الإعلام والدعوة إلى الله,https://shamela.ws/book/8762
39,كتب عامة,10004,الاستشراق والتبشير,https://shamela.ws/book/10004
39,كتب عامة,1119,الإسلام دين الوسطية والفضائل والقيم الخالدة,https://shamela.ws/book/1119
39,كتب عامة,1179,جهود أئمة الدعوة السلفية بنجد في التصدي للعنف والإرهاب من خلال الدعوة إلى فقه إنكار المنكر,https://shamela.ws/book/1179
39,كتب عامة,1145,أثر العلم الشرعي في مواجهة العنف والعدوان,https://shamela.ws/book/1145
39,كتب عامة,1177,ثقافة العولمة بوصفها خطابا متطرفا,https://shamela.ws/book/1177
39,كتب عامة,1204,في مصطلح الإرهاب وحكمه قراءة نقدية في المفهوم والحكم من منظور شرعي,https://shamela.ws/book/1204
39,كتب عامة,1372,وسطية الإسلام وسماحته - عبد العزيز التويجري,https://shamela.ws/book/1372
39,كتب عامة,1282,وسطية الإسلام وسماحته - محمد الصالح,https://shamela.ws/book/1282
39,كتب عامة,1203,فقه الدعوة الإسلامية في الغرب ووجوب تجديدها على الحكمة والوسطية والاعتدال,https://shamela.ws/book/1203
39,كتب عامة,1244,وسائل الإرهاب الإلكتروني حكمها في الإسلام وطرق مكافحتها,https://shamela.ws/book/1244
39,كتب عامة,31067,منبر الجمعة أمانة ومسؤولية,https://shamela.ws/book/31067
39,كتب عامة,36118,حقوق المرأة في ضوء الكتاب والسنة,https://shamela.ws/book/36118
39,كتب عامة,22993,تعدد زوجات الرسول صلى الله عليه وسلم,https://shamela.ws/book/22993
39,كتب عامة,8996,إلى الذين يحادون مفاتح الغيب باسم العلم الحديث,https://shamela.ws/book/8996
39,كتب عامة,10306,التعليم في بلاد المسلمين,https://shamela.ws/book/10306
39,كتب عامة,23068,حقوق الإنسان في الإسلام لعبد الفتاح عشماوي,https://shamela.ws/book/23068
39,كتب عامة,22748,أساليب الدعوة إلى الله في القرآن الكريم,https://shamela.ws/book/22748
39,كتب عامة,31209,نظرة في مفهوم الإرهاب والموقف منه في الإسلام,https://shamela.ws/book/31209
39,كتب عامة,8669,أضواء على الثقافة الاسلامية,https://shamela.ws/book/8669
39,كتب عامة,7615,الدعوة الإصلاحية في بلاد نجد على يد الإمام محمد بن عبد الوهاب وأعلامها من بعده,https://shamela.ws/book/7615
39,كتب عامة,10847,أهداف دعوة الشيخ محمد بن عبد الوهاب,https://shamela.ws/book/10847
39,كتب عامة,11075,بناء المجتمع الإسلامي,https://shamela.ws/book/11075
39,كتب عامة,11076,تأثر الدعوات الإصلاحية في أندونيسيا بدعوة الشيخ محمد بن عبد الوهاب (مطبوع ضمن بحوث ندوة دعوة الشيخ محمد بن عبد الوهاب),https://shamela.ws/book/11076
39,كتب عامة,10779,الخطابة الإسلامية,https://shamela.ws/book/10779
39,كتب عامة,23103,دليل الداعية,https://shamela.ws/book/23103
39,كتب عامة,1988,مصطلح فلسفة التربية في ضوء المنهج الإسلامي (دراسة نقدية),https://shamela.ws/book/1988
39,كتب عامة,2583,واقع الترويح المعاصر لدى الطفل المسلم من وجهة نظر الآباء والأمهات,https://shamela.ws/book/2583
39,كتب عامة,8729,الأسفار المقدسة عند اليهود وأثرها في انحرافهم عرض ونقد,https://shamela.ws/book/8729
39,كتب عامة,10319,التوجيه الإسلامي للنمو الإنساني عند طلاب التعليم العالي,https://shamela.ws/book/10319
39,كتب عامة,10343,الحركة السلفية ودورها في إحياء السنة,https://shamela.ws/book/10343
39,كتب عامة,8727,الإستشراق وجهوده وأهدافه في محاربة الإسلام والتشويش على دعوته,https://shamela.ws/book/8727
39,كتب عامة,10609,رسالة إلى المدرسين والمدرسات,https://shamela.ws/book/10609
39,كتب عامة,8735,الإسلام في سيراليون,https://shamela.ws/book/8735
39,كتب عامة,8811,العبادات في الإسلام وأثرها في تضامن المسلمين,https://shamela.ws/book/8811
39,كتب عامة,10026,بيئات التربية الإسلامية,https://shamela.ws/book/10026
39,كتب عامة,8957,المنهج بين الماضي والحاضر,https://shamela.ws/book/8957
39,كتب عامة,10342,الحضارة الإسلامية,https://shamela.ws/book/10342
39,كتب عامة,8831,الغزو الفكري,https://shamela.ws/book/8831
39,كتب عامة,9893,بنو إسرائيل في ضوء الإسلام,https://shamela.ws/book/9893
39,كتب عامة,10289,التربية الإسلامية للشباب,https://shamela.ws/book/10289
39,كتب عامة,10412,الشيوعية في الميزان,https://shamela.ws/book/10412
39,كتب عامة,3924,مدرسة الدعوة,https://shamela.ws/book/3924
39,كتب عامة,10333,الجهاد بين عقيدة المسلمين وشبه المستشرقين,https://shamela.ws/book/10333
39,كتب عامة,4548,علاقة المعسكر النصراني الصليبي بالمسلمين عبر التاريخ ومنطلقاتها الأساسية,https://shamela.ws/book/4548
39,كتب عامة,36396,الجيل الموعود بالنصر والتمكين,https://shamela.ws/book/36396
39,كتب عامة,36409,عودة المجد وهم أم حقيقة,https://shamela.ws/book/36409
39,كتب عامة,36412,ماذا بعد نحو نصرة حقيقية لفلسطين,https://shamela.ws/book/36412
39,كتب عامة,36505,الحملة الصليبية على العالم الإسلامي والعالم,https://shamela.ws/book/36505
39,كتب عامة,36043,الإسلام والليبرالية نقيضان لا يجتمعان,https://shamela.ws/book/36043
39,كتب عامة,36159,شريعة الله لا شريعة البشر,https://shamela.ws/book/36159
39,كتب عامة,37611,الأرض المقدسة في ضوء الكتاب والسنة,https://shamela.ws/book/37611
39,كتب عامة,37616,الدفاع عن الله ورسوله وشرعه,https://shamela.ws/book/37616
39,كتب عامة,36994,أدب الخلاف - ياسر برهامي,https://shamela.ws/book/36994
39,كتب عامة,36570,فتاوى الأئمة في النوازل المدلهمة,https://shamela.ws/book/36570
39,كتب عامة,96328,المشروع الأمريكي في احتلال العراق وأثره في تغيير خارطة المنطقة,https://shamela.ws/book/96328
39,كتب عامة,12202,أصول الدعوة - جامعة المدينة,https://shamela.ws/book/12202
39,كتب عامة,11136,أصول الدعوة وطرقها 1 - جامعة المدينة,https://shamela.ws/book/11136
39,كتب عامة,8954,أصول الدعوة وطرقها 2 - جامعة المدينة,https://shamela.ws/book/8954
39,كتب عامة,12164,أصول الدعوة وطرقها 3 - جامعة المدينة,https://shamela.ws/book/12164
39,كتب عامة,10369,أصول الدعوة وطرقها 4 - جامعة المدينة,https://shamela.ws/book/10369
39,كتب عامة,31513,الخطابة - جامعة المدينة,https://shamela.ws/book/31513
39,كتب عامة,21011,الأنوار النعمانية في الدعوة الربانية,https://shamela.ws/book/21011
39,كتب عامة,37831,صلاح البيوت,https://shamela.ws/book/37831
39,كتب عامة,37558,كلمات مضيئة في الدعوة إلي الله,https://shamela.ws/book/37558
39,كتب عامة,37162,من روائع أبى الحسن الندوى في الدعوة إلى الله,https://shamela.ws/book/37162
39,كتب عامة,38146,الاستعمار في العصر الحديث ودوافعه الدينية,https://shamela.ws/book/38146
39,كتب عامة,38183,التعايش مع غير المسلمين في المجتمع المسلم,https://shamela.ws/book/38183
39,كتب عامة,95567,الحوار مع أتباع الأديان - مشروعيته وآدابه,https://shamela.ws/book/95567
39,كتب عامة,38184,تعرف على الإسلام,https://shamela.ws/book/38184
39,كتب عامة,95574,تنزيه القرآن الكريم عن دعاوى المبطلين,https://shamela.ws/book/95574
39,كتب عامة,96160,التنصير عبر الخدمات التفاعلية لشبكة المعلومات العالمية,https://shamela.ws/book/96160
39,كتب عامة,96234,تعدد الخلفاء ووحدة الأمة فقها وتاريخا ومستقبلا,https://shamela.ws/book/96234
39,كتب عامة,96238,صور الإعلام الإسلامي في القرآن الكريم - دراسة في التفسير الموضوعي,https://shamela.ws/book/96238
39,كتب عامة,96251,فقه الدعوة إلى الله والأمر بالمعروف والنهي عن المنكر,https://shamela.ws/book/96251
39,كتب عامة,98121,وقفات مع قضايا معاصرة شبهات ردود,https://shamela.ws/book/98121
39,كتب عامة,63,الاستغراب,https://shamela.ws/book/63
39,كتب عامة,1452,الدعاوى المعاصرة المناوئة لدعوة الإمام محمد بن عبد الوهاب,https://shamela.ws/book/1452
39,كتب عامة,30119,البدعة وأثرها,https://shamela.ws/book/30119
39,كتب عامة,30138,اللؤلؤ والمرجان في محاسن دين الإسلام,https://shamela.ws/book/30138
39,كتب عامة,13283,آداب الحوار من خلال سيرة مصعب بن عمير رضي الله عنه,https://shamela.ws/book/13283
39,كتب عامة,13578,أسلوب الحوار من خلال سيرة مصعب بن عمير - رضي الله عنه - وتطبيقاته التربوية,https://shamela.ws/book/13578
39,كتب عامة,13682,حصان طروادة الغارة الفكرية على الديار السنية,https://shamela.ws/book/13682
39,كتب عامة,1335,نماذج من تقنية المعلومات وأنظمتها الحديثة من منظور مقاصد القرآن الكريم عند ابن عاشور,https://shamela.ws/book/1335
39,كتب عامة,95674,الدعوة إلى الله فوائد وشواهد,https://shamela.ws/book/95674
39,كتب عامة,36553,كيف أخدم الإسلام,https://shamela.ws/book/36553
39,كتب عامة,95672,من ثمار الدعوة,https://shamela.ws/book/95672
39,كتب عامة,36545,يا أبي زوجني,https://shamela.ws/book/36545
39,كتب عامة,196,السعادة والفلاح في فهم مقاصد النكاح,https://shamela.ws/book/196
39,كتب عامة,689,عناية الإسلام بصحة الإنسان,https://shamela.ws/book/689
39,كتب عامة,17731,مفهوم تجديد الدين,https://shamela.ws/book/17731
39,كتب عامة,14435,معركة النص,https://shamela.ws/book/14435
39,كتب عامة,1977,فقه الإنكار باليد,https://shamela.ws/book/1977
39,كتب عامة,16818,دراسات في تميز الأمة الإسلامية وموقف المستشرقين منه,https://shamela.ws/book/16818
39,كتب عامة,124358,النظريات العلمية الحديثة مسيرتها الفكرية وأسلوب الفكر التغريبي العربي في التعامل معها دراسة نقدية,https://shamela.ws/book/124358
39,كتب عامة,16965,دعوة العاملات المنزليات إلى الله تعالى,https://shamela.ws/book/16965
39,كتب عامة,36433,رسالة عاجلة إلى الأخت المسلمة,https://shamela.ws/book/36433
39,كتب عامة,36434,رسالة عاجلة إلى الشباب المسلم,https://shamela.ws/book/36434
39,كتب عامة,60,مدخل إلى علوم الشريعة,https://shamela.ws/book/60
39,كتب عامة,147090,التيه والمخرج,https://shamela.ws/book/147090
39,كتب عامة,147594,السبيل إلى منهج أهل السنة والجماعة,https://shamela.ws/book/147594
39,كتب عامة,147096,صراع الفكر والاتباع,https://shamela.ws/book/147096
39,كتب عامة,147097,صفات الطائفة المنصورة ومفاهمها,https://shamela.ws/book/147097
39,كتب عامة,147099,منهج الاعتدال,https://shamela.ws/book/147099
39,كتب عامة,147603,منهج الدعوة في ضوء الواقع المعاصر,https://shamela.ws/book/147603
39,كتب عامة,1246,الصحيح المنتخل من كلام الأولين في بدع العمل,https://shamela.ws/book/1246
39,كتب عامة,600,منهج الصحابة في دعوة المشركين من غير أهل الكتاب,https://shamela.ws/book/600
40,علوم أخرى,21615,تفسير الأحلام = منتخب الكلام في تفسير الأحلام,https://shamela.ws/book/21615
40,علوم أخرى,9093,الأنواء في مواسم العرب لابن قتيبة الدينوري,https://shamela.ws/book/9093
40,علوم أخرى,12834,رسائل فلسفية للرازي,https://shamela.ws/book/12834
40,علوم أخرى,452,زيج الصابئ,https://shamela.ws/book/452
40,علوم أخرى,7227,السياسة لابن سينا,https://shamela.ws/book/7227
40,علوم أخرى,699,الجماهر في معرفة الجواهر,https://shamela.ws/book/699
40,علوم أخرى,11055,تهافت الفلاسفة,https://shamela.ws/book/11055
40,علوم أخرى,8301,رسائل فلسفية لابن باجه,https://shamela.ws/book/8301
40,علوم أخرى,9734,حي بن يقظان,https://shamela.ws/book/9734
40,علوم أخرى,9707,القياس,https://shamela.ws/book/9707
40,علوم أخرى,698,تلخيص الخطابة,https://shamela.ws/book/698
40,علوم أخرى,21503,تلخيص السفسطة,https://shamela.ws/book/21503
40,علوم أخرى,9737,رسالة النفس,https://shamela.ws/book/9737
40,علوم أخرى,12727,فصل المقال لابن رشد,https://shamela.ws/book/12727
40,علوم أخرى,10703,قواعد تفسير الأحلام = البدر المنير في علم التعبير,https://shamela.ws/book/10703
40,علوم أخرى,693,نخب الذخائر في أحوال الجواهر,https://shamela.ws/book/693
40,علوم أخرى,10696,تعبير الرؤيا,https://shamela.ws/book/10696
40,علوم أخرى,5362,أنس الملا بوحش الفلا,https://shamela.ws/book/5362
40,علوم أخرى,10698,الإشارة إلى علم العبارة,https://shamela.ws/book/10698
40,علوم أخرى,9968,الإشارات في علم العبارات,https://shamela.ws/book/9968
40,علوم أخرى,1217,تعطير الأنام في تعبير المنام,https://shamela.ws/book/1217
40,علوم أخرى,10652,جامع تفاسير الأحلام = تنبيه الأفهام بتأويل الأحلام,https://shamela.ws/book/10652
40,علوم أخرى,230,موسوعة تفسير الأحلام,https://shamela.ws/book/230
40,علوم أخرى,8646,تاريخ الفلسفة الحديثة,https://shamela.ws/book/8646
40,علوم أخرى,10008,ديكارت مبادئ الفلسفة,https://shamela.ws/book/10008
40,علوم أخرى,10009,مناهج البحث في العلوم السياسية,https://shamela.ws/book/10009
